id,brand,name,assistant,version,model_scope,market,status,family,surface,trigger,modalities,context,referential_type,referential_modes,capabilities,action_result,limitations,evidence_ids,evidence_grade,flow_steps,media_ids,visual_status,video_status,verification_note,entry_evidence_grade,source_type,source_path,created_in,feature_id,feature_name,slide,source_urls
XMI-E001,xiaomi,语音唤醒小爱,超级小爱,HyperOS 2起；小爱版本依分发渠道,官方适配的小米/REDMI手机；不含平板演示,中国大陆,已提供／机型限定,语音唤醒,系统全局,说唤醒词后提出请求,语音,当前内容与已授权个人上下文,无指代,无指代,问答 | 设备控制 | 日程 | 导航 | 应用操作,检查结果或响应确认,需配置语音唤醒；大模型功能需账号；锁屏敏感内容需解锁,N-X03 | N-X02,A,说唤醒词 | 说明任务与必要参数 | 检查结果或响应确认,EXT-012,有界面/功能示意（见媒体边界）,VIDEO_GAP,2026-09-08官方文字核对；宣传演示与正式OTA状态分别记录。,,,,,XMI-F01,小爱全局唤醒,3,https://app.mi.com/details?id=com.miui.voiceassist | https://privacy.mi.com/xiaomihyperxiaoai/zh_CN/
XMI-E002,xiaomi,电源键唤醒,超级小爱,HyperOS 2起；小爱版本依分发渠道,官方适配的小米/REDMI手机；不含平板演示,中国大陆,已提供／机型限定,物理按键,机身电源键,按已设置的电源键唤醒方式并说话,触控/按键 | 语音,当前内容与已授权个人上下文,无指代,无指代,问答 | 系统控制,检查回应,需开启对应唤醒方式；公开应用说明未给所有机型统一按压时长,N-X03 | N-X02,A,用电源键唤起小爱 | 说出请求 | 检查回应,EXT-012,有界面/功能示意（见媒体边界）,VIDEO_GAP,2026-09-08官方文字核对；宣传演示与正式OTA状态分别记录。,,,,,XMI-F01,小爱全局唤醒,3,https://app.mi.com/details?id=com.miui.voiceassist | https://privacy.mi.com/xiaomihyperxiaoai/zh_CN/
XMI-E003,xiaomi,双击底部手势提示线,超级小爱,HyperOS 2起；小爱版本依分发渠道,官方适配的小米/REDMI手机；不含平板演示,中国大陆,已提供／机型限定,导航条／Home,底部手势区域,双击底部手势提示线,触控/按键,当前内容与已授权个人上下文,整屏隐式指代,整屏隐式指代,唤醒助手 | 屏幕问答,检查回答,旧交互说明仍见于应用商店；与HyperOS4长按小白条分开列示,N-X03 | N-X02,A,双击底部手势提示线 | 说明与当前画面有关的请求 | 检查回答,EXT-012,有界面/功能示意（见媒体边界）,VIDEO_GAP,2026-09-08官方文字核对；宣传演示与正式OTA状态分别记录。,,,,,XMI-F01,小爱全局唤醒,3,https://app.mi.com/details?id=com.miui.voiceassist | https://privacy.mi.com/xiaomihyperxiaoai/zh_CN/
XMI-E004,xiaomi,长按小白条，按住说话,超级小爱,HyperOS 4 Beta / 超级小爱8.1+,官方适配的小米/REDMI手机；不含平板演示,中国大陆,Beta／机型限定,导航条／Home,屏幕底部导航条,长按小白条，按住说话后抬手,触控/按键 | 语音,当前内容与已授权个人上下文,整屏隐式指代,整屏隐式指代,即时问答 | 系统操作,检查回答或执行结果,HyperOS4 Beta；小爱需8.1+；当前屏幕读取受权限影响,N-X01,A,按住底部小白条并说出任务 | 抬手提交 | 检查回答或执行结果,X4-V03,有界面/功能示意（见媒体边界）,LOCAL_CLIP,2026-09-08官方文字核对；宣传演示与正式OTA状态分别记录。,,,,,XMI-F01,小爱全局唤醒,3,https://os.mi.com/ | https://cdn-file.hyperos.mi.com/assets-hyperos4homepage/video/ai-barLite-pc.mp4
XMI-E005,xiaomi,超级小爱App,超级小爱,HyperOS 2起；小爱版本依分发渠道,官方适配的小米/REDMI手机；不含平板演示,中国大陆,已提供／机型限定,桌面与搜索,桌面应用图标,点开超级小爱并输入文字或语音,触控/按键 | 语音,当前内容与已授权个人上下文,无指代,无指代,问答 | 多模态附件 | 会话历史,查看回答并继续追问,应用分发版本与系统内置版本可能不同，不能由商店版本推断8.1已全面推送,N-X03 | N-X02,A,打开超级小爱 | 输入问题或添加材料 | 查看回答并继续追问,IMG-207,有界面/功能示意（见媒体边界）,VIDEO_GAP,2026-09-08官方文字核对；宣传演示与正式OTA状态分别记录。,,,,,XMI-F01,小爱全局唤醒,3,https://app.mi.com/details?id=com.miui.voiceassist | https://privacy.mi.com/xiaomihyperxiaoai/zh_CN/
XMI-E010,xiaomi,陪伴模式／连续语音对话,超级小爱,HyperOS 2起；小爱版本依分发渠道,官方适配的小米/REDMI手机；不含平板演示,中国大陆,已提供／机型限定,语音唤醒,小爱会话,说“打开陪伴模式”,触控/按键 | 语音,当前内容与已授权个人上下文,对话指代,对话指代,连续对话 | 追问,点击退出或结束收音,应用商店注明陪伴模式仅手机；语音连续对话需相应开关,N-X03 | N-X02,A,唤醒小爱并请求陪伴模式 | 持续对话与追问 | 点击退出或结束收音,,VISUAL_GAP_SOURCE_LINK_ONLY,VIDEO_GAP,2026-09-08官方文字核对；宣传演示与正式OTA状态分别记录。,,,,,XMI-F02,连续语音陪伴,3,https://app.mi.com/details?id=com.miui.voiceassist | https://privacy.mi.com/xiaomihyperxiaoai/zh_CN/
XMI-E012,xiaomi,专家模式选择器,超级小爱,HyperOS 4 Beta / 超级小爱8.1+,官方适配的小米/REDMI手机；不含平板演示,中国大陆,Beta／机型限定,原生应用 AI,小爱会话模式选择,进入专家模式后描述复杂任务,触控/按键,当前内容与已授权个人上下文,对话指代,对话指代,复杂任务 | 个人信息检索 | 家居备车 | 定时执行,查看完成结果,仅部分机型；第三方应用及家居汽车设备需支持；修改删除外发前确认,N-X01,A,打开小爱并选择专家模式 | 提出任务并授权所需数据 | 核对计划与敏感动作 | 查看完成结果,,VISUAL_GAP_SOURCE_LINK_ONLY,VIDEO_GAP,2026-09-08官方文字核对；宣传演示与正式OTA状态分别记录。,,,,,XMI-F03,专家模式与代执行,4,https://os.mi.com/
XMI-E027,xiaomi,手机发起隔空取件／对话接力,超级小爱,HyperOS 4 Beta / 超级小爱8.1+,官方适配的小米/REDMI手机；不含平板演示,中国大陆,Beta／机型限定,原生应用 AI,手机小爱会话,描述电脑文件名或接续同一会话,触控/按键,当前内容与已授权个人上下文,对话指代,对话指代,跨端文件检索 | 会话接续,在手机查看结果并继续,两端同账号；首连需邻近同网；电脑联网未睡眠、服务运行；专家模式,N-X01,A,在手机小爱提出电脑文件或接续请求 | 确认关联设备和文件 | 在手机查看结果并继续,X4-V11 | IMG-205,有界面/功能示意（见媒体边界）,LOCAL_CLIP,2026-09-08官方文字核对；宣传演示与正式OTA状态分别记录。,,,,,XMI-F04,跨设备接力,4,https://os.mi.com/ | https://cdn-file.hyperos.mi.com/assets-hyperos4homepage/video/ai-relayPhone-pc-0812.mp4
XMI-E006,xiaomi,对话面板添加当前屏幕,超级小爱,HyperOS 2起；小爱版本依分发渠道,官方适配的小米/REDMI手机；不含平板演示,中国大陆,已提供／机型限定,识屏与圈选,小爱对话框上方,唤醒后点击添加屏幕，或直接问当前内容,触控/按键,当前内容与已授权个人上下文,整屏隐式指代,整屏隐式指代,屏幕问答 | 网页文档理解,查看回答,可在隐私设置关闭屏幕内容获取；文档只按可访问页面内容处理,N-X03 | N-X02,A,唤醒小爱 | 添加屏幕或明确当前屏幕请求 | 查看回答,EXT-010 | XC22-01 | XC22-02 | XC22-03,历史当前画面问答支线已见；点击添加屏幕按钮未见,LOCAL_MP4_HISTORICAL_CONTEXT,2026-09-08官方文字核对；宣传演示与正式OTA状态分别记录。,,,,,XMI-F05,当前屏幕问答,5,https://app.mi.com/details?id=com.miui.voiceassist | https://privacy.mi.com/xiaomihyperxiaoai/zh_CN/ | https://bbs.tatans.cn/topic/78284
XMI-E007,xiaomi,圈屏：划线或圈定对象,超级小爱,HyperOS 2起；小爱版本依分发渠道,官方适配的小米/REDMI手机；不含平板演示,中国大陆,已提供／机型限定,识屏与圈选,小爱唤醒后的屏幕覆盖层,唤醒后用手指圈选内容,触控/按键,当前内容与已授权个人上下文,圈选／框选,圈选／框选,图片解读 | 对象问答 | 服务建议,检查结果,圈屏与灵感球为两条入口；不同代际界面需要按录屏注明,N-X03 | N-X02 | XC15-S01,A,唤醒小爱 | 圈出目标内容 | 输入问题或选择推荐动作 | 检查结果,XC15-01 | XC15-02,COMMUNITY_HANDSON_REVIEWED_V15,LOCAL_MP4,2025年HyperOS3社区实录逐帧核图；首次唤醒、关闭及日历独立核对未展示。,,,,,XMI-F06,圈屏选对象,6,https://app.mi.com/details?id=com.miui.voiceassist | https://privacy.mi.com/xiaomihyperxiaoai/zh_CN/ | https://www.bilibili.com/video/BV1f91eBVESQ/
XMI-E011,xiaomi,灵感球：侧滑停顿后拖向对象,超级小爱,HyperOS 4 Beta / 超级小爱8.1+,官方适配的小米/REDMI手机；不含平板演示,中国大陆,已发布／待OTA核实,识屏与圈选,屏幕边缘→目标位置,从边缘侧滑停顿，拖到目标并说话，松手,触控/按键 | 语音,当前内容与已授权个人上下文,拖拽投喂,拖拽投喂,导航 | 找同款 | 记日程 | 照片编辑,核对结果或确认执行,默认关闭；设置→桌面→系统导航方式→侧滑停顿呼出功能→超级小爱灵感球；预计9月OTA,N-X01,A,侧滑停顿呼出灵感球 | 持续拖向对象并说出请求 | 松手交付 | 核对结果或确认执行,X4-V04 | X4-V05 | X4-V06 | X4-V07,有界面/功能示意（见媒体边界）,LOCAL_CLIP,2026-09-08官方文字核对；宣传演示与正式OTA状态分别记录。,,,,,XMI-F07,灵感球指向操作,7,https://os.mi.com/ | https://cdn-file.hyperos.mi.com/assets-hyperos4homepage/video/ai-inspNav-pc.mp4 | https://cdn-file.hyperos.mi.com/assets-hyperos4homepage/video/ai-inspSame-pc.mp4 | https://cdn-file.hyperos.mi.com/assets-hyperos4homepage/video/ai-inspSched-pc.mp4 | https://cdn-file.hyperos.mi.com/assets-hyperos4homepage/video/ai-inspPhoto-pc.mp4
XMI-E008,xiaomi,拍照询问外部世界,超级小爱,HyperOS 2起；小爱版本依分发渠道,官方适配的小米/REDMI手机；不含平板演示,中国大陆,已提供／机型限定,相机实景,小爱相机附件,打开相机拍摄后询问,触控/按键,当前内容与已授权个人上下文,相机取景,相机取景,视觉问答 | 识物 | 拍照翻译,提问并查看回答,相机权限；单次照片问答不能直接表述为持续视频理解,N-X03 | N-X02 | XC25-S01,A,唤醒小爱并进入拍照 | 对准目标并拍摄 | 提问并查看回答,XC25-CAMERA-ENTRY | XC25-CAMERA-CONTROL,ENTRY_CONTROL_ONLY_HISTORICAL,VIDEO_GAP,2026-09-08官方文字核对；宣传演示与正式OTA状态分别记录。；V16独立复核移除不对应的圈屏宣传图，相机界面待补。,,,,,XMI-F08,相机拍照问答,7,https://app.mi.com/details?id=com.miui.voiceassist | https://privacy.mi.com/xiaomihyperxiaoai/zh_CN/ | https://www.10100.com/article/32894989
XMI-E016,xiaomi,语音／屏幕保存到小爱记忆,超级小爱,超级小爱现行隐私说明v20260814,官方适配的小米/REDMI手机；不含平板演示,中国大陆,已提供／配置限定,分享／拖拽,小爱会话与屏幕内容,提供内容并要求记住,触控/按键,当前内容与已授权个人上下文,混合方式,混合方式,个人记忆 | 事项保存 | 回忆查询,检查保存内容并在需要时询问,主动保存内容与专家模式系统记忆分开管理；隐私政策区分本地记忆及多端同步,N-X02,A,添加内容或说明要记住的信息 | 要求小爱记录 | 检查保存内容并在需要时询问,EXT-008,有界面/功能示意（见媒体边界）,VIDEO_GAP,2026-09-08官方文字核对；宣传演示与正式OTA状态分别记录。,,,,,XMI-F09,记忆保存与管理,8,https://privacy.mi.com/xiaomihyperxiaoai/zh_CN/
XMI-E017,xiaomi,小爱记忆管理,超级小爱,超级小爱8.0前后路径不同,官方适配的小米/REDMI手机；不含平板演示,中国大陆,已提供／版本限定,原生应用 AI,小爱我的→超级小爱记忆,进入记忆列表编辑或删除,触控/按键,当前内容与已授权个人上下文,点击对象,点击对象,记忆查看 | 编辑 | 删除,编辑或删除并核对结果,8.0以下入口在设置或个人中心；来源管理与全部清除需分别核对,N-X02,A,打开我的→超级小爱记忆 | 选择具体记忆 | 编辑或删除并核对结果,IMG-212 | EXT-008 | XM26-01,有界面/功能示意（见媒体边界）,VIDEO_GAP,起点已在记忆列表；中途详情仅见加载中；最终返回我的页，未展示新增保存、编辑、删除、回桌面或关闭小爱。保留原字幕、水印及加载状态。,,,,,XMI-F09,记忆保存与管理,8,https://privacy.mi.com/xiaomihyperxiaoai/zh_CN/ | https://www.bilibili.com/video/BV1Tmgw6LE86/
XMI-E018,xiaomi,自然语言搜索本机内容,超级小爱,HyperOS 2起；小爱版本依分发渠道,官方适配的小米/REDMI手机；不含平板演示,中国大陆,已提供／机型限定,桌面与搜索,小爱搜索／会话,描述想找的照片、文件、笔记或录音,触控/按键,当前内容与已授权个人上下文,无指代,无指代,语义检索 | 本机问答,选择匹配结果并打开,需相应照片、文件、笔记与录音权限；个体数据规模影响结果,N-X03 | N-X02,A,唤醒小爱或打开搜索 | 用自然语言描述材料 | 选择匹配结果并打开,IMG-194,有界面/功能示意（见媒体边界）,VIDEO_GAP,2026-09-08官方文字核对；宣传演示与正式OTA状态分别记录。,,,,,XMI-F10,自然语言找内容,9,https://app.mi.com/details?id=com.miui.voiceassist | https://privacy.mi.com/xiaomihyperxiaoai/zh_CN/
XMI-E014,xiaomi,超级岛任务进度,超级小爱,HyperOS 4 Beta / 超级小爱8.1+,官方适配的小米/REDMI手机；不含平板演示,中国大陆,Beta／机型限定,通知／卡片／主动建议,屏幕顶部超级岛,任务进行中查看或点击超级岛,触控/按键,当前内容与已授权个人上下文,主动上下文,主动上下文,进度查看 | 继续任务 | 结果展开,点击回到任务或查看自动展开的结果,只纳入AI任务的岛上反馈；普通130+服务不全部计算为AI入口,N-X01,A,发起支持的长任务 | 任务在超级岛显示进度 | 点击回到任务或查看自动展开的结果,X4-V01 | X4-V02,有界面/功能示意（见媒体边界）,LOCAL_CLIP,2026-09-08官方文字核对；宣传演示与正式OTA状态分别记录。,,,,,XMI-F11,超级岛进度与结果,9,https://os.mi.com/ | https://cdn-file.hyperos.mi.com/assets-hyperos4homepage/video/ai-taskIsland-pc-0812.mp4 | https://cdn-file.hyperos.mi.com/assets-hyperos4homepage/video/ai-thinkDone-pc-0812.mp4
XMI-E015,xiaomi,小爱首页个性化推荐（入口待核）,超级小爱,政策v20260814；适用系统/小爱App版本未核,官方适配的小米/REDMI手机；不含平板演示,中国大陆,官方声明推荐机制；首页独立入口待核,通知／卡片／主动建议,小爱内容推荐；当前承载页面/卡片形态待核,具体到达与触发方式待核,触控/按键,推荐偏好相关信息（官方声明）；单次建议具体上下文未核,主动上下文,主动上下文,个性化内容推荐（机制声明）,个性化内容展示/推送有声明；点击结果与单卡关闭未核,可全局关闭个性化推荐；未证明单卡关闭或关闭后无通用推荐。,N-X02,官方文字／入口未核,当前首页进入方式待核 | 推荐机制有声明；实际卡片形态待核 | 单卡接受、忽略及返回路径待核,,VISUAL_GAP_SOURCE_LINK_ONLY,VIDEO_GAP,2026-09-09复核仅确认政策机制声明；未核当前首页独立入口、服务直达和结束路径。,,,,,XMI-F12,首页个性化推荐（入口待核）,9,https://privacy.mi.com/xiaomihyperxiaoai/zh_CN/
XMI-E020,xiaomi,超级小爱输入法：语音润色与翻译,超级小爱,HyperOS 4 Beta / 超级小爱8.1+,官方适配的小米/REDMI手机；不含平板演示,中国大陆,Beta／机型限定,键盘与选中文本菜单,系统输入法,输入语音或文字后选择优化／互译,触控/按键 | 语音,当前内容与已授权个人上下文,文本选择,文本选择,语音润色 | 表达优化 | 中英互译,选择处理方式并检查提交内容,仅中国大陆HyperOS4+；官方未统一说明所有应用按钮位置,N-X01,A,在编辑框打开输入法 | 输入原文或说话 | 选择处理方式并检查提交内容,,VISUAL_GAP_SOURCE_LINK_ONLY,VIDEO_GAP,2026-09-08官方文字核对；宣传演示与正式OTA状态分别记录。,,,,,XMI-F13,小爱输入法,10,https://os.mi.com/
XMI-E013,xiaomi,办公套件入口,超级小爱,HyperOS 4 Beta / 超级小爱8.1+,官方适配的小米/REDMI手机；不含平板演示,中国大陆,Beta／机型限定,原生应用 AI,小爱办公套件,点击办公套件并选择生成类型,触控/按键,当前内容与已授权个人上下文,无指代,无指代,深度研究 | PPT | 网页 | 视频生成,检查生成内容并导出,官网脚注明确手机办公套件；需HyperOS4+；展示的电脑成品不视作手机交互证据,N-X01,A,打开手机端办公套件 | 选择类型并输入主题或材料 | 检查生成内容并导出,,VISUAL_GAP_SOURCE_LINK_ONLY,VIDEO_GAP,2026-09-08官方文字核对；宣传演示与正式OTA状态分别记录。,,,,,XMI-F14,手机办公套件,10,https://os.mi.com/
XMI-E021,xiaomi,笔记一键语音速记,超级小爱,HyperOS 4 Beta / 超级小爱8.1+,官方适配的小米/REDMI手机；不含平板演示,中国大陆,Beta／机型限定,原生应用 AI,系统笔记,点击语音速记入口并口述,触控/按键 | 语音,当前内容与已授权个人上下文,无指代,无指代,速记 | 语音内容整理,查看生成笔记,HyperOS4部分机型；无完整操作录屏时不推断省略的确认步骤,N-X01,A,打开笔记语音速记 | 口述内容并结束 | 查看生成笔记,XM40-01,SOURCE_FRAMES_AVAILABLE,LOCAL_CLIP,2026-09-08官方文字核对；宣传演示与正式OTA状态分别记录。,,,,,XMI-F15,笔记速记与整理,12,https://os.mi.com/
XMI-E022,xiaomi,笔记AI整理与对话,超级小爱,HyperOS 4 Beta / 超级小爱8.1+,官方适配的小米/REDMI手机；不含平板演示,中国大陆,Beta／机型限定,原生应用 AI,系统笔记内容页,在笔记内调用智能整理／AI对话,触控/按键,当前内容与已授权个人上下文,整屏隐式指代,整屏隐式指代,总结模板 | 智能整理 | 内容问答,检查生成结果,HyperOS4部分机型；不把整篇笔记处理假设为支持任意局部指代,N-X01,A,打开已有笔记 | 选择AI整理或对话 | 选择模板或提问 | 检查生成结果,,VISUAL_GAP_SOURCE_LINK_ONLY,VIDEO_GAP,2026-09-08官方文字核对；宣传演示与正式OTA状态分别记录。,,,,,XMI-F15,笔记速记与整理,12,https://os.mi.com/
XMI-E023,xiaomi,录音机会议总结,超级小爱,HyperOS 4 Beta / 超级小爱8.1+,官方适配的小米/REDMI手机；不含平板演示,中国大陆,Beta／机型限定,原生应用 AI,系统录音机,对录音调用要点、大纲或总结,触控/按键,当前内容与已授权个人上下文,点击对象,点击对象,会议要点 | 总结 | 大纲 | 手动标记,核对重点与原始音频,仅部分机型；官方提示生成结果需以原始录音为准,N-X01,A,打开会议录音 | 选择总结或大纲 | 核对重点与原始音频,,VISUAL_GAP_SOURCE_LINK_ONLY,VIDEO_GAP,2026-09-08官方文字核对；宣传演示与正式OTA状态分别记录。,,,,,XMI-F16,录音会议总结,11,https://os.mi.com/
XMI-E024,xiaomi,AI通话：语音设置自动代接,超级小爱,HyperOS 4 Beta / 超级小爱8.1+,官方适配的小米/REDMI手机；不含平板演示,中国大陆,已发布／待上线,原生应用 AI,小爱会话→来电服务,说出一段时间内自动代接来电,触控/按键 | 语音,当前内容与已授权个人上下文,无指代,无指代,自动代接 | 通话总结 | 回复建议,查看摘要与回复建议,官网预计9月中旬上线；中国大陆HyperOS4部分机型，不将9月8日列为全面可用,N-X01,A,告诉小爱代接时段 | 核对启用状态 | 来电由AI代接 | 查看摘要与回复建议,,VISUAL_GAP_SOURCE_LINK_ONLY,VIDEO_GAP,2026-09-08官方文字核对；宣传演示与正式OTA状态分别记录。,,,,,XMI-F17,AI自动代接,13,https://os.mi.com/
XMI-E025,xiaomi,照片预览页语音编辑,超级小爱,HyperOS 2起；小爱版本依分发渠道,官方适配的小米/REDMI手机；不含平板演示,中国大陆,已提供／机型限定,原生应用 AI,照片预览→小爱,在照片预览页唤醒小爱并说编辑要求,触控/按键 | 语音,当前内容与已授权个人上下文,整屏隐式指代,整屏隐式指代,图片编辑,检查编辑结果,应用商店说明支持此入口；具体操作类型、接受与撤销按实际照片工具验证,N-X03 | N-X02,A,打开目标照片 | 唤醒小爱描述编辑 | 检查编辑结果,,VISUAL_GAP_SOURCE_LINK_ONLY,VIDEO_GAP,2026-09-08官方文字核对；宣传演示与正式OTA状态分别记录。,,,,,XMI-F18,一句话修图,13,https://app.mi.com/details?id=com.miui.voiceassist | https://privacy.mi.com/xiaomihyperxiaoai/zh_CN/
OPP-E001,oppo,语音唤醒小布,小布,ColorOS 16（官方16.0手册；不代表16.1所有机型）,运行中国大陆ColorOS 16且具有对应菜单的OPPO手机；通用手册未列完整机型白名单,中国大陆,机型/版本限定,语音唤醒,系统全局,说出已录入的唤醒词,语音,通用系统上下文,无指代,无指代 | 对话指代,问答 | 设备操作,小布浮层或对话结果,需支持机型、对应系统/应用版本及相关权限；本轮未实机复核。,OPP-AUD-S001,A,说出已录入的唤醒词 | 说出问题或设备操作要求,,VISUAL_GAP_SOURCE_LINK_ONLY,VIDEO_GAP,截至2026-09-08独立核验上述来源正文；适用范围限model_scope。旧媒体未逐项核图，本审计不覆盖原媒体字段；参见media_review。,,,,,OPP-F01,小布全局唤醒,15,https://www.coloros.com/manual/16/DTO001697.html
OPP-E002,oppo,长按电源键唤醒小布／问屏,小布,ColorOS 16（官方16.0手册；不代表16.1所有机型）,运行中国大陆ColorOS 16且具有对应菜单的OPPO手机；通用手册未列完整机型白名单,中国大陆,机型/版本限定,物理按键,机身电源键,长按电源键,触控/按键,当前屏幕与对话,混合方式,混合方式 | 整屏隐式指代 | 对话指代,系统问答 | 屏幕内容问答,小布浮层,需支持机型、对应系统/应用版本及相关权限；本轮未实机复核。,OPP-AUD-S001,A,打开目标页面 | 长按电源键唤醒小布 | 针对屏幕内容说出问题,,VISUAL_GAP_SOURCE_LINK_ONLY,VIDEO_GAP,截至2026-09-08独立核验上述来源正文；适用范围限model_scope。旧媒体未逐项核图，本审计不覆盖原媒体字段；参见media_review。,,,,,OPP-F01,小布全局唤醒,15,https://www.coloros.com/manual/16/DTO001697.html
OPP-E016,oppo,线控耳机长按唤醒小布,小布,ColorOS 16（官方16.0手册；不代表16.1所有机型）,中国大陆ColorOS 16手机＋兼容线控耳机；不推广到任意蓝牙耳机,中国大陆,机型/版本限定,物理按键,支持的小布耳机,长按兼容线控耳机中间按键,按键 | 语音,通用系统上下文,无指代,无指代 | 对话指代,唤醒小布 | 语音问答,语音反馈或手机结果,官方此文只证实线控耳机，不支持旧表任意耳机点击/长按的泛化。,OPP-AUD-S001,A,连接线控耳机 | 长按耳机中间按键 | 说出请求,,VISUAL_GAP_SOURCE_LINK_ONLY,VIDEO_GAP,截至2026-09-08独立核验上述来源正文；适用范围限model_scope。旧媒体未逐项核图，本审计不覆盖原媒体字段；参见media_review。,,,,,OPP-F01,小布全局唤醒,15,https://www.coloros.com/manual/16/DTO001697.html
OPP-E018,oppo,长按导航条／虚拟Home唤醒小布,小布,ColorOS 15手册明确；16.0唤醒章节未列该方式,支持该设置的中国大陆ColorOS 15手机；不能自动外推全部16机型,中国大陆,机型/版本限定,导航条／Home,底部导航提示条,长按导航条后提问,触控/按键,通用系统上下文,整屏隐式指代,整屏隐式指代 | 对话指代,小布唤醒 | 问屏,小布覆盖层结果,保留有操作证据的历史版本路径；16.0章节未列不等于证实已移除。,OPP-AUD-S024,A,在支持机型长按底部导航条或虚拟Home键 | 对当前页面提出问题,,VISUAL_GAP_SOURCE_LINK_ONLY,VIDEO_GAP,截至2026-09-08独立核验上述来源正文；适用范围限model_scope。旧媒体未逐项核图，本审计不覆盖原媒体字段；参见media_review。,,,,,OPP-F01,小布全局唤醒,15,https://www.coloros.com/manual/15/DTO001697.html
OPP-E006,oppo,AI实景对话,小布,ColorOS 16（官方16.0手册；不代表16.1所有机型）,运行中国大陆ColorOS 16且具有对应菜单的OPPO手机；通用手册未列完整机型白名单,中国大陆,机型/版本限定,相机实景,小布实景对话,长按电源键后点击 AI 实景对话并取景,语音 | 视觉 | 触控,实时相机画面,混合方式,混合方式 | 相机取景 | 点击对象 | 对话指代,实景问答 | 连续对话 | 多人提问,浮层答案与服务,官方说明支持手指指向，不能据此认定支持悬浮于手机屏幕的精确坐标指代。,OPP-AUD-S011 | SRC-004 | OP25,A,长按电源键唤醒小布 | 点击实景对话入口 | 将相机对准目标 | 通过说话、点击取景画面或指向实物提出问题 | 继续追问,OP-V02 | MED-V004 | OP25-01 | OP25-02 | OP25-03,有界面/功能示意（见媒体边界）,LOCAL_CLIP,截至2026-09-08独立核验上述来源正文；适用范围限model_scope。旧媒体未逐项核图，本审计不覆盖原媒体字段；参见media_review。,,,,,OPP-F02,AI实景对话,16,https://www.coloros.com/manual/16/FDT071923.html | https://www.coloros.com/article/A00000125/ | https://www.oppo.com/content/dam/oppo_com/oppo/event-page-asset/oppo-ai/cn/v1/assets/videos-tips-7-zh.mp4 | https://coloros-website-cn.allawnfs.com/website-resource-20260421/os1611776774710000/video/module3/%E5%AE%9E%E6%99%AF%E5%AF%B9%E8%AF%9D.mp4
OPP-E017,oppo,双指长按小布识屏,小布,ColorOS 16（官方16.0手册；不代表16.1所有机型）,运行中国大陆ColorOS 16且具有对应菜单的OPPO手机；通用手册未列完整机型白名单,中国大陆,机型/版本限定,识屏与圈选,任意支持界面,双指长按触发识屏后选择动作,手势 | 触控,当前屏幕,整屏隐式指代,整屏隐式指代 | 圈选／框选,图文提取 | 翻译 | 屏幕问答 | 转Word/Excel,识屏文本提取、翻译、文档转换或选区提问结果,需支持机型、对应系统/应用版本及相关权限；本轮未实机复核。,OPP-AUD-S002,A,在目标页面双指长按 | 选择提取文字、翻译、转文档或问小布等后续动作,,VISUAL_GAP_SOURCE_LINK_ONLY,VIDEO_GAP,截至2026-09-08独立核验上述来源正文；适用范围限model_scope。旧媒体未逐项核图，本审计不覆盖原媒体字段；参见media_review。,,,,,OPP-F03,双指识屏,17,https://www.coloros.com/manual/16/DTO001629.html
OPP-E033,oppo,长按内容拖入小布胶囊,小布助手,ColorOS 15.0＋小布助手11.4及以上,满足上述版本的中国大陆OPPO手机,中国大陆,机型/版本限定,分享／拖拽,当前内容 → 底部小布胶囊,长按对象拖入胶囊后发送,触控,选定文字或图片,拖拽投喂,拖拽投喂,对象问答,基于所选内容的回答,需支持机型、对应系统/应用版本及相关权限；本轮未实机复核。,OPP-AUD-S026,A,长按当前页面的文字或图片 | 拖到屏幕下方的小布胶囊 | 点击发送并查看回复,,VISUAL_GAP_SOURCE_LINK_ONLY,VIDEO_GAP,截至2026-09-08独立核验上述来源正文；适用范围限model_scope。本行未逐项核对主流程媒体；新增行暂标视觉/视频GAP。,,,,,OPP-F04,拖入小布胶囊,17,https://www.coloros.com/manual/15/BIT019572.html
OPP-E008,oppo,小布文档附件问答,小布,ColorOS 16（官方16.0手册；不代表16.1所有机型）,运行中国大陆ColorOS 16且具有对应菜单的OPPO手机；通用手册未列完整机型白名单,中国大陆,机型/版本限定,原生应用 AI,小布助手附件菜单,点击附件并选择文档,触控 | 文字 | 语音,用户上传的文档,点击对象,点击对象,文档摘要 | 多文档比较与问答,文档摘要与后续问题的回答,本条仅确认Word/PDF/PPT/TXT；原视频上传与理解未由该文档确认。,OPP-AUD-S012,A,打开小布助手 | 点击右下角附件入口并选择文档 | 上传支持格式的文档 | 针对文档提问或查看摘要,,VISUAL_GAP_SOURCE_LINK_ONLY,VIDEO_GAP,截至2026-09-08独立核验上述来源正文；适用范围限model_scope。旧媒体未逐项核图，本审计不覆盖原媒体字段；参见media_review。,,,,,OPP-F05,附件问答与摘要,17,https://www.coloros.com/manual/16/FOT018542.html
OPP-E025,oppo,翻译应用拍照翻译（菜单场景）,小布,ColorOS 16（官方16.0手册；不代表16.1所有机型）,运行中国大陆ColorOS 16且具有对应菜单的OPPO手机；通用手册未列完整机型白名单,中国大陆,机型/版本限定,相机实景,翻译应用,翻译 > 拍照翻译,触控 | 视觉,物理环境,混合方式,混合方式 | 相机取景,拍照翻译,拍摄菜单的翻译结果,去除旧表未经此来源支持的菜品解释。,OPP-AUD-S022,A,打开翻译应用 | 点击拍照翻译 | 对准菜单并拍照 | 按需切换目标语言并查看译文,MED-V006,有界面/功能示意（见媒体边界）,LOCAL_CLIP,截至2026-09-08独立核验上述来源正文；适用范围限model_scope。旧媒体未逐项核图，本审计不覆盖原媒体字段；参见media_review。,,,,,OPP-F06,扫一扫与拍照翻译,17,https://www.coloros.com/manual/16/FDT080601.html | https://coloros-website-cn.allawnfs.com/website-resource-20260421/os1611776774710000/video/module3/AI%E8%8F%9C%E5%8D%95%E7%BF%BB%E8%AF%91.mp4
OPP-E031,oppo,负一屏小布扫一扫,小布,ColorOS 16（官方16.0手册；不代表16.1所有机型）,运行中国大陆ColorOS 16且具有对应菜单的OPPO手机；通用手册未列完整机型白名单,中国大陆,机型/版本限定,相机实景,负一屏快捷功能,负一屏 > 快捷功能 > 全部 > 扫码/识物/拍照翻译,触控,物理环境,混合方式,混合方式 | 相机取景,扫码 | 识物 | 拍照翻译,根据所选扫描模式给出扫码、识物或拍照翻译结果,原SRC-060是文档应用，不支持扫一扫；此处改用扫一扫专文，不保留未经证实表格提取。,OPP-AUD-S017,A,右滑进入负一屏 | 在快捷功能中打开全部 | 选择智能扫码、智慧识物或拍照翻译 | 对准对应对象进行识别,,VISUAL_GAP_SOURCE_LINK_ONLY,VIDEO_GAP,截至2026-09-08独立核验上述来源正文；适用范围限model_scope。旧媒体未逐项核图，本审计不覆盖原媒体字段；参见media_review。,,,,,OPP-F06,扫一扫与拍照翻译,17,https://www.coloros.com/manual/16/DTO001607.html
OPP-E038,oppo,桌面小布扫一扫快捷方式,小布助手,ColorOS 16,中国大陆支持相应菜单的ColorOS 16 OPPO手机,中国大陆,机型/版本限定,桌面与搜索,桌面快捷方式,点击小布扫一扫桌面图标,触控,相机画面,相机取景,相机取景,扫码 | 识物,识别结果,需支持机型、对应系统/应用版本及相关权限；本轮未实机复核。,OPP-AUD-S017,A,从菜单添加至桌面 | 点击桌面扫一扫图标 | 对准对象进行扫码/识物,,VISUAL_GAP_SOURCE_LINK_ONLY,VIDEO_GAP,截至2026-09-08独立核验上述来源正文；适用范围限model_scope。本行未逐项核对主流程媒体；新增行暂标视觉/视频GAP。,,,,,OPP-F06,扫一扫与拍照翻译,17,https://www.coloros.com/manual/16/DTO001607.html
OPP-E004,oppo,快捷键一键闪记,小布,ColorOS 16（官方16.0手册；不代表16.1所有机型）,带可配置快捷键的中国大陆OPPO手机；ColorOS 16；并非所有机型,中国大陆,机型/版本限定,物理按键,机身左侧快捷键,按已设为一键闪记的快捷键,触控/按键,当前屏幕,整屏隐式指代,整屏隐式指代,屏幕信息收集 | 自动摘要分类,写入小布记忆,只有配备快捷键且支持该配置的机型；页面可保存范围依应用。,OPP-AUD-S003 | OPP-AUD-S023,A,打开要保存的页面 | 按快捷键触发闪记 | 打开小布记忆检查保存内容,OP-V03,有界面/功能示意（见媒体边界）,LOCAL_CLIP,截至2026-09-08独立核验上述来源正文；适用范围限model_scope。旧媒体未逐项核图，本审计不覆盖原媒体字段；参见media_review。,,,,,OPP-F07,一键闪记屏幕,18,https://www.coloros.com/manual/16/DTO020149.html | https://www.coloros.com/manual/16/FDT020134.html | https://www.oppo.com/content/dam/oppo_com/oppo/event-page-asset/oppo-ai/cn/v1/assets/videos-tips-4-zh.mp4
OPP-E005,oppo,三指上滑一键闪记,小布,ColorOS 16（官方16.0手册；不代表16.1所有机型）,运行中国大陆ColorOS 16且具有对应菜单的OPPO手机；通用手册未列完整机型白名单,中国大陆,机型/版本限定,识屏与圈选,任意应用界面,三指上滑,手势,当前屏幕,整屏隐式指代,整屏隐式指代,屏幕保存 | 视频/文档等解析,当前页面内容保存至小布记忆,支持视频、文档、链接等；内容完整性与解析结果需逐应用复核。,OPP-AUD-S003,A,打开目标页面 | 三指同时向上滑动 | 打开小布记忆查看记录及解析内容,OM19-01,LOCAL_VIDEO_FRAMES,LOCAL_MP4,截至2026-09-08独立核验上述来源正文；适用范围限model_scope。旧媒体未逐项核图，本审计不覆盖原媒体字段；参见media_review。,,,,,OPP-F07,一键闪记屏幕,18,https://www.coloros.com/manual/16/DTO020149.html | https://www.coloros.com/article/A00000103/
OPP-E034,oppo,截屏缩略图一键闪记,小布助手,ColorOS 16,中国大陆支持相应菜单的ColorOS 16 OPPO手机,中国大陆,机型/版本限定,截屏,截屏缩略图,截屏后点击一键闪记,触控,刚生成的截图,截图裁切,截图裁切,截图保存至记忆,小布记忆记录,需支持机型、对应系统/应用版本及相关权限；本轮未实机复核。,OPP-AUD-S003,A,截取目标屏幕 | 点击截屏缩略图的一键闪记 | 打开小布记忆核对保存内容,,VISUAL_GAP_SOURCE_LINK_ONLY,VIDEO_GAP,截至2026-09-08独立核验上述来源正文；适用范围限model_scope。本行未逐项核对主流程媒体；新增行暂标视觉/视频GAP。,,,,,OPP-F07,一键闪记屏幕,18,https://www.coloros.com/manual/16/DTO020149.html
OPP-E035,oppo,第三方收藏同步小布记忆,小布助手,ColorOS 16,中国大陆支持相应菜单的ColorOS 16 OPPO手机,中国大陆,机型/版本限定,原生应用 AI,支持应用收藏按钮,启用后点击支持应用的收藏,触控,用户收藏的内容,点击对象,点击对象,跨应用收藏同步,同步至小布记忆,仅适配应用；不声明支持所有应用或任意列表页。,OPP-AUD-S003,A,在支持的小红书、微博等应用收藏内容 | 进入小布记忆查看同步记录,,VISUAL_GAP_SOURCE_LINK_ONLY,VIDEO_GAP,截至2026-09-08独立核验上述来源正文；适用范围限model_scope。本行未逐项核对主流程媒体；新增行暂标视觉/视频GAP。,,,,,OPP-F08,语音闪记与收藏同步,19,https://www.coloros.com/manual/16/DTO020149.html
OPP-E036,oppo,长按快捷键语音闪记,小布助手,ColorOS 16,具备快捷键且支持一键闪记的中国大陆OPPO手机,中国大陆,机型/版本限定,物理按键,左侧快捷键,长按快捷键录入语音,按键 | 语音,本次语音,无指代,无指代,语音记录至记忆,语音记忆归档,需支持机型、对应系统/应用版本及相关权限；本轮未实机复核。,OPP-AUD-S003,A,长按快捷键 | 说出需保存的内容 | 结束录音后进入小布记忆核对,,VISUAL_GAP_SOURCE_LINK_ONLY,VIDEO_GAP,截至2026-09-08独立核验上述来源正文；适用范围限model_scope。本行未逐项核对主流程媒体；新增行暂标视觉/视频GAP。,,,,,OPP-F08,语音闪记与收藏同步,19,https://www.coloros.com/manual/16/DTO020149.html
OPP-E010,oppo,桌面小布建议卡,小布,ColorOS 16（官方16.0手册；不代表16.1所有机型）,运行中国大陆ColorOS 16且具有对应菜单的OPPO手机；通用手册未列完整机型白名单,中国大陆,机型/版本限定,通知／卡片／主动建议,桌面首屏,情境出现后点击桌面建议卡,系统主动 | 触控,系统推断的当前情境,主动上下文,主动上下文,情境服务提醒 | 服务直达,建议卡片或服务直达,需安装相关第三方应用；卸载建议卡可能导致无法收到提醒。,OPP-AUD-S016,A,回到桌面查看已出现的建议卡 | 点击相关卡片进入服务,,VISUAL_GAP_SOURCE_LINK_ONLY,VIDEO_GAP,截至2026-09-08独立核验上述来源正文；适用范围限model_scope。旧媒体未逐项核图，本审计不覆盖原媒体字段；参见media_review。,,,,,OPP-F09,订单提醒与建议卡,19,https://www.coloros.com/manual/16/DTO001630.html
OPP-E037,oppo,小布记忆订单提醒卡,小布助手,ColorOS 16,中国大陆支持相应菜单的ColorOS 16 OPPO手机,中国大陆,机型/版本限定,通知／卡片／主动建议,小布建议卡／流体云,已保存订单在相关情境出卡后点击,系统主动 | 触控,已保存订单与时间地点,主动上下文,主动上下文,订单提醒 | 票据调用,显示订单或票务信息,该文明确三类订单；不能由此证明取餐码自动卡片。,OPP-AUD-S014,A,将相应订单保存到小布记忆 | 在相关时间或到达场所时查看建议卡/流体云 | 点击卡片使用票务或订单信息,,VISUAL_GAP_SOURCE_LINK_ONLY,VIDEO_GAP,截至2026-09-08独立核验上述来源正文；适用范围限model_scope。本行未逐项核对主流程媒体；新增行暂标视觉/视频GAP。,,,,,OPP-F09,订单提醒与建议卡,19,https://www.coloros.com/manual/16/DTO071929.html
OPP-E009,oppo,桌面全局AI搜索,小布,ColorOS 16（官方16.0手册；不代表16.1所有机型）,运行中国大陆ColorOS 16且具有对应菜单的OPPO手机；通用手册未列完整机型白名单,中国大陆,机型/版本限定,桌面与搜索,桌面全局搜索,桌面下滑后输入或说出搜索请求,触控 | 文字 | 语音,用户搜索请求与已授权本机资料,无指代,无指代,本机内容检索 | 基于记忆汇总,聚合搜索结果,不是任意第三方应用数据均可检索；手册列便签、录音、文件、图片、小布记忆。,OPP-AUD-S004,A,在桌面下滑进入全局搜索 | 输入模糊描述或语音搜索要求 | 查看匹配的本机内容,EXT-007,有界面/功能示意（见媒体边界）,VIDEO_GAP,截至2026-09-08独立核验上述来源正文；适用范围限model_scope。旧媒体未逐项核图，本审计不覆盖原媒体字段；参见media_review。,,,,,OPP-F10,桌面全局AI搜索,19,https://www.coloros.com/manual/16/DTO020151.html
OPP-E012,oppo,输入法键盘AI写作,小布,ColorOS 16（官方16.0手册；不代表16.1所有机型）,运行中国大陆ColorOS 16且具有对应菜单的OPPO手机；通用手册未列完整机型白名单,中国大陆,机型/版本限定,键盘与选中文本菜单,输入法键盘,点击键盘AI写作图标,触控 | 文字,输入框及用户给定的创作要求,整屏隐式指代,整屏隐式指代 | 文本选择 | 无指代,生成 | 润色 | 排版 | 生成PPT/脑图/表格,候选回填，用户确认发送,文字太少时部分功能不可用；旧表把写作/摘要/翻译合为通用菜单，现按明确键盘入口收窄。,OPP-AUD-S018 | OPW14-S01,A,聊天中点键盘AI写作 | 选择回聊天，理解聊天上下文 | 点击候选回填到输入框 | 确认发送，返回聊天内容,OPW14-01,OFFICIAL_TUTORIAL_REVIEWED,LOCAL_MP4,原片49–59.4秒逐帧核对；先回填后发送，非自动发送。,,,,,OPP-F11,键盘AI写作与回复,20,https://www.coloros.com/manual/16/FDT071684.html | https://www.coloros.com/article/A00000131/
OPP-E024,oppo,文档应用内查看与AI处理,小布,ColorOS 16（官方16.0手册；不代表16.1所有机型）,运行中国大陆ColorOS 16且具有对应菜单的OPPO手机；通用手册未列完整机型白名单,中国大陆,机型/版本限定,原生应用 AI,文档应用工具栏,打开文档，点工具栏AI写作，再选自由写,触控,在文档应用中打开的文件,点击对象,点击对象,文档查看 | AI写作 | 摘要 | 格式转换,生成正文回填至文档,自由写在官方66–77.3秒演示；后段另示摘要、翻译、PPT/表格/脑图生成，不混作同一任务。未验证保存或退出。,OPP-AUD-S009 | OPW14-S01,A,打开文档应用和目标文档 | 点工具栏AI写作，选择自由写 | 输入要求并生成 | 点击替换原文，正文回填文档,OPW14-03,OFFICIAL_TUTORIAL_REVIEWED,LOCAL_MP4,截至2026-09-08独立核验上述来源正文；适用范围限model_scope。旧媒体未逐项核图，本审计不覆盖原媒体字段；参见media_review。,,,,,OPP-F12,便签与文档AI工具,20,https://www.coloros.com/manual/16/FOT017928.html | https://www.coloros.com/article/A00000131/
OPP-E041,oppo,选中文本菜单AI写作,小布,ColorOS16 / 2026-01官方手机教程 / 中国大陆；机型与build未标,官方中文ColorOS16手机教程，机型与系统/应用构建号未标，不能外推全量机型,中国大陆,机型/版本限定,键盘与选中文本菜单,文本选择菜单,选中文字→浮动菜单AI写作,触控 | 文字,文本选区；另有文档全文润色示例,文本选择,文本选择,AI写作,AI写作入口可见；该选区任务的结果未展示,文本选择入口由17秒独立说明图证明；77.4–83.4秒视频为已有AI菜单的文档润色支线，不证明从该选区启动同一任务。,OPW14-S01,A,选择文字 | 在浮动菜单点AI写作 | 后续具体任务未在这段入口图中展示,OPW14-SELECTION,OFFICIAL_TUTORIAL_REVIEWED,VIDEO_GAP,2026-09-09按原片时间码核图；分支和未观察阶段参见特性说明,,,,,OPP-F21,选区入口与AI润色,21,https://www.coloros.com/article/A00000131/
OPP-E040,oppo,便签图文配文,小布,ColorOS16 / 2026-01官方手机教程 / 中国大陆；机型与build未标,官方中文ColorOS16手机教程，机型与系统/应用构建号未标，不能外推全量机型,中国大陆,机型/版本限定,原生应用 AI,便签图文内容,便签已有图片时点AI写作→发社媒,触控 | 文字,便签里的图片与已有文字,点击对象,点击对象 | 整屏隐式指代,生成,教程显示文案回填；未发布到社交平台,官方演示含剪辑；未做实测耗时、准确率、失败恢复或所有机型复现。,OPW14-S01,A,便签插入图片后打开AI写作 | 选发社媒，选择平台/风格并生成 | 核对候选，选择替换原文或插入下方 | 教程显示文案回填；未发布到社交平台,OPW14-02,OFFICIAL_TUTORIAL_REVIEWED,LOCAL_MP4,2026-09-09按原片时间码核图；分支和未观察阶段参见特性说明,,,,,OPP-F20,便签配图生成文案,21,https://www.coloros.com/article/A00000131/
OPP-E013,oppo,录音应用AI录音与纪要,小布,ColorOS 16（官方16.0手册；不代表16.1所有机型）,运行中国大陆ColorOS 16且具有对应菜单的OPPO手机；通用手册未列完整机型白名单,中国大陆,机型/版本限定,原生应用 AI,录音应用,录音后打开文件的原文/摘要,触控,选定录音,点击对象,点击对象,分讲话人转写 | 摘要 | 模板纪要,录音转写原文及AI摘要,仅部分机型支持；尚未验证准确率及噪声表现。,OPP-AUD-S005,A,开始录音，必要时添加标记 | 结束录音 | 打开录音文件查看原文或摘要，并按需选纪要模板,EXT-006 | OP-V01,有界面/功能示意（见媒体边界）,LOCAL_CLIP,截至2026-09-08独立核验上述来源正文；适用范围限model_scope。旧媒体未逐项核图，本审计不覆盖原媒体字段；参见media_review。,,,,,OPP-F13,AI录音与纪要,22,https://www.coloros.com/manual/16/DTO001924.html | https://www.oppo.com/content/dam/oppo_com/oppo/event-page-asset/oppo-ai/cn/v1/assets/videos-tips-6-zh.mp4
OPP-E026,oppo,智能侧边栏AI语音摘记,小布,ColorOS 16（官方16.0手册；不代表16.1所有机型）,运行中国大陆ColorOS 16且具有对应菜单的OPPO手机；通用手册未列完整机型白名单,中国大陆,机型/版本限定,原生应用 AI,智能侧边栏,侧滑展开后点击AI语音摘记,触控,当前第三方应用音频,点击对象,点击对象,应用录音 | 转写摘要 | 字幕与翻译,语音记录、摘要或实时字幕,需支持机型、对应系统/应用版本及相关权限；本轮未实机复核。,OPP-AUD-S020,A,在支持的通话、会议或音视频应用中滑开智能侧边栏 | 点击AI语音摘记 | 点击开始AI摘要，或按任务选择录音/字幕 | 结束后查看摘要与待办,OA38-01 | OA38-02 | OA38-03,VISUAL_GAP_SOURCE_LINK_ONLY,LOCAL_CLIP,原随身工作台语音笔记未获证实；按ColorOS 16真实手册修正为智能侧边栏AI语音摘记，保留原ID。,,,,,OPP-F14,侧边栏语音摘记,23,https://www.coloros.com/manual/16/FOT016764.html | https://www.bilibili.com/video/BV1G9ZsBiEqB/
OPP-E030,oppo,来电／通话中小布代接,小布,ColorOS 16（官方16.0手册；不代表16.1所有机型）,运行中国大陆ColorOS 16且具有对应菜单的OPPO手机；通用手册未列完整机型白名单,中国大陆,机型/版本限定,原生应用 AI,来电界面,来电时点击小布代接或启用自动代接,触控,来电界面,主动上下文,主动上下文,AI代接 | 转写 | 录音回看,代接记录与接听决定,仅部分机型支持；自动应答单列配置，不能默认所有来电自动代接。,OPP-AUD-S007,A,来电或通话中点击AI通话助手 > 小布通话 | 需要时点击右上角切回本人接听 | 在通话记录查看转写与录音,OC38-01 | OC38-02,VISUAL_GAP_SOURCE_LINK_ONLY,LOCAL_CLIP,截至2026-09-08独立核验上述来源正文；适用范围限model_scope。旧媒体未逐项核图，本审计不覆盖原媒体字段；参见media_review。,,,,,OPP-F15,小布代接与本人接管,24,https://www.coloros.com/manual/16/FDT005030.html | https://www.bilibili.com/video/BV15USJY1EVt/
OPP-E028,oppo,AI通话翻译,小布,ColorOS 16（官方16.0手册；不代表16.1所有机型）,运行中国大陆ColorOS 16且具有对应菜单的OPPO手机；通用手册未列完整机型白名单,中国大陆,机型/版本限定,原生应用 AI,电话通话界面,通话中点击翻译入口,触控,电话通话界面,主动上下文,主动上下文,双向通话翻译,通话字幕和译音,手册列简体中文、英语、日语、韩语、马来语、印尼语；不推广为全语言。,OPP-AUD-S021,A,接听电话 | 点击AI通话助手 > 通话翻译 | 自动识别不准时手动选择对方语言,EXT-005,有界面/功能示意（见媒体边界）,VIDEO_GAP,截至2026-09-08独立核验上述来源正文；适用范围限model_scope。旧媒体未逐项核图，本审计不覆盖原媒体字段；参见media_review。,,,,,OPP-F16,通话翻译与摘要,25,https://www.coloros.com/manual/16/DTO070521.html
OPP-E029,oppo,通话摘要的开启与回看,小布,ColorOS 16（官方16.0手册；不代表16.1所有机型）,运行中国大陆ColorOS 16且具有对应菜单的OPPO手机；通用手册未列完整机型白名单,中国大陆,机型/版本限定,原生应用 AI,电话通话记录,通话中启动摘要，结束后查看,触控,电话通话记录,无指代,无指代 | 点击对象,通话转写 | 摘要 | 保存便签,通话纪要,旧表只写会后打开，遗漏开启与采集前置条件。,OPP-AUD-S006,A,通话中点击AI通话助手 > 通话摘要 | 通话结束后打开记录详情查看摘要，或到便签查看,EXT-004,有界面/功能示意（见媒体边界）,VIDEO_GAP,截至2026-09-08独立核验上述来源正文；适用范围限model_scope。旧媒体未逐项核图，本审计不覆盖原媒体字段；参见media_review。,,,,,OPP-F16,通话翻译与摘要,25,https://www.coloros.com/manual/16/FOT005573.html
OPP-E014,oppo,相册AI图像助手／AI消除,小布,ColorOS 16（官方16.0手册；不代表16.1所有机型）,运行中国大陆ColorOS 16且具有对应菜单的OPPO手机；通用手册未列完整机型白名单,中国大陆,机型/版本限定,原生应用 AI,相册编辑器,编辑 > AI图像助手 > AI消除,触控,相册编辑器,圈选／框选,圈选／框选 | 自动对象识别,圈选消除 | 涂抹消除 | 路人消除,保存消除处理后的图片,本流程只验证AI消除；去反光/超清/补光等须各自来源与路径，不因品牌总览而共享步骤。,OPP-AUD-S019 | SRC-001 | OP30-S01 | OP30-S02,A,在相册打开照片 | 点击编辑 > AI图像助手 > AI消除 | 圈选或涂抹目标，或选择路人消除 | 查看处理效果,AUDIMG-318 | OP30-01 | OP30-02 | OP30-03,Official Japan phone tutorial; China still and manual retained,LOCAL_CLIP_WITH_MARKET_BOUNDARY,截至2026-09-08独立核验上述来源正文；适用范围限model_scope。旧媒体未逐项核图，本审计不覆盖原媒体字段；参见media_review。,,,,,OPP-F17,相册AI消除,26,https://www.coloros.com/manual/16/DTO005031.html | https://www.oppo.com/cn/discover/technology/oppo-ai/ | https://www.youtube.com/watch?v=Y4HvmKoke4I | https://www.youtube.com/watch?v=iamqREHGdLc
OPP-E032,oppo,小布指令一键执行,小布,ColorOS 16（官方16.0手册；不代表16.1所有机型）,运行中国大陆ColorOS 16且具有对应菜单的OPPO手机；通用手册未列完整机型白名单,中国大陆,机型/版本限定,原生应用 AI,小布指令,点击已配置的一键指令执行按钮,触控,小布指令,无指代,无指代,预设多步操作,执行已配置动作；完成情况以执行结果为准,确定性快捷操作与模型智能体分开统计。,OPP-AUD-S010,A,桌面下滑搜索并打开小布指令 | 进入我的 > 一键指令并选择或配置指令 | 设置地址及执行动作后保存 | 点击指令右侧执行按钮,,VISUAL_GAP_SOURCE_LINK_ONLY,VIDEO_GAP,截至2026-09-08独立核验上述来源正文；适用范围限model_scope。旧媒体未逐项核图，本审计不覆盖原媒体字段；参见media_review。,,,,,OPP-F18,一键与自动指令,25,https://www.coloros.com/manual/16/DTO001631.html
OPP-E039,oppo,小布自动指令条件触发,小布助手,ColorOS 16,中国大陆支持相应菜单的ColorOS 16 OPPO手机,中国大陆,机型/版本限定,原生应用 AI,小布指令 > 自动指令,用户开启后满足预设条件,触控 | 系统主动,预设条件,主动上下文,主动上下文,条件触发多步动作,执行预设动作,规则自动化；不作为新的模型智能体推理能力。,OPP-AUD-S010,A,桌面搜索打开小布指令 | 进入我的 > 自动指令 | 添加触发条件及执行动作并保存 | 开启该自动指令开关,,VISUAL_GAP_SOURCE_LINK_ONLY,VIDEO_GAP,截至2026-09-08独立核验上述来源正文；适用范围限model_scope。本行未逐项核对主流程媒体；新增行暂标视觉/视频GAP。,,,,,OPP-F18,一键与自动指令,25,https://www.coloros.com/manual/16/DTO001631.html
VIV-E001,vivo,语音唤醒蓝心小V,蓝心小V,OriginOS 5（官方操作页明确；不可统一改标6）,中国大陆支持该功能的OriginOS 5手机；文档未给完整机型表,中国大陆,机型/版本限定,语音唤醒,系统全局,说出唤醒词,语音,通用系统上下文,无指代,无指代 | 对话指代,语音问答 | 日程与设备操作,小V对话,需支持机型、对应系统/应用版本及相关权限；本轮未实机复核。,VIV-AUD-S001 | VIV-AUD-S013,A,说出已设置的唤醒词（官方示例小V小V） | 说出问题或日程等要求,MED-V008,有界面/功能示意（见媒体边界）,LOCAL_CLIP,旧SRC-009正文是OriginOS 4。改以OriginOS 5操作页确认语音融合，禁止用旧文支撑OriginOS 6的统一可用性。,,,,,VIV-F01,蓝心小V全局对话,28,https://www.vivo.com.cn/service/questions/all?categoryId=170&questionId=1746 | https://www.vivo.com.cn/service/questions/all?categoryId=192&questionId=1877 | https://wwwstatic.vivo.com.cn/vivoportal/files/image/question/20251031/05bdd671897ca80eb5f52049237e711c.mp4
VIV-E002,vivo,长按电源键唤醒蓝心小V,蓝心小V,OriginOS 5（官方操作页明确；不可统一改标6）,中国大陆支持该功能的OriginOS 5手机；文档未给完整机型表,中国大陆,机型/版本限定,物理按键,机身按键,长按已开启唤醒功能的电源键,触控/按键,通用系统上下文,无指代,无指代 | 对话指代,问答 | 设备操作,小V浮层,删去侧键/AI快捷键等未证实泛称；不引用全局统一0.5秒阈值。,VIV-AUD-S001 | VIV-AUD-S013,A,长按电源键进入小V面板 | 说出或输入请求,,VISUAL_GAP_SOURCE_LINK_ONLY,VIDEO_GAP,截至2026-09-08独立核验上述来源正文；适用范围限model_scope。旧媒体未逐项核图，本审计不覆盖原媒体字段；参见media_review。,,,,,VIV-F01,蓝心小V全局对话,28,https://www.vivo.com.cn/service/questions/all?categoryId=170&questionId=1746 | https://www.vivo.com.cn/service/questions/all?categoryId=192&questionId=1877
VIV-E003,vivo,桌面蓝心小V图标,蓝心小V,OriginOS 5（官方操作页明确；不可统一改标6）,中国大陆支持该功能的OriginOS 5手机；文档未给完整机型表,中国大陆,机型/版本限定,桌面与搜索,桌面App图标,点击桌面蓝心小V图标,触控,通用系统上下文,无指代,无指代,问答 | 创作 | 附件问答,全屏对话,旧SRC-009确认OriginOS 4桌面组件；本条改以OriginOS 5独立图标为依据，组件单列。,VIV-AUD-S001 | SRC-009,A,点击桌面蓝心小V图标 | 进入全屏对话后输入请求 | 查看回答并继续提问,,VISUAL_GAP_SOURCE_LINK_ONLY,VIDEO_GAP,截至2026-09-08独立核验上述来源正文；适用范围限model_scope。旧媒体未逐项核图，本审计不覆盖原媒体字段；参见media_review。,,,,,VIV-F01,蓝心小V全局对话,28,https://www.vivo.com.cn/service/questions/all?categoryId=170&questionId=1746 | https://www.vivo.com.cn/service/questions/all?categoryId=170&questionId=1397
VIV-E011,vivo,智能侧边栏蓝心小V小窗,蓝心小V,OriginOS 5（官方操作页明确；不可统一改标6）,中国大陆支持该功能的OriginOS 5手机；文档未给完整机型表,中国大陆,机型/版本限定,系统侧边栏,智能侧边栏,侧边栏 > 蓝心小V,触控,通用系统上下文,无指代,无指代 | 整屏隐式指代,问答 | 创作,小窗或浮层,OriginOS 4官方页与5操作页均有侧边栏证据；6是否统一沿用不在本轮证明范围。,VIV-AUD-S001 | SRC-009,A,打开智能侧边栏 | 点击蓝心小V入口 | 在小窗中输入任务,,VISUAL_GAP_SOURCE_LINK_ONLY,VIDEO_GAP,截至2026-09-08独立核验上述来源正文；适用范围限model_scope。旧媒体未逐项核图，本审计不覆盖原媒体字段；参见media_review。,,,,,VIV-F01,蓝心小V全局对话,28,https://www.vivo.com.cn/service/questions/all?categoryId=170&questionId=1746 | https://www.vivo.com.cn/service/questions/all?categoryId=170&questionId=1397
VIV-E033,vivo,桌面蓝心小V原子组件,蓝心小V,OriginOS 4,中国大陆OriginOS 4支持蓝心小V的机型；不自动外推到6,中国大陆,机型/版本限定,桌面与搜索,桌面原子组件,点击蓝心小V组件,触控,新对话,无指代,无指代,打开蓝心小V,蓝心小V界面,需支持机型、对应系统/应用版本及相关权限；本轮未实机复核。,SRC-009,A,将组件拖到桌面 | 点击组件打开蓝心小V,,VISUAL_GAP_SOURCE_LINK_ONLY,VIDEO_GAP,截至2026-09-08独立核验上述来源正文；适用范围限model_scope。本行未逐项核对主流程媒体；新增行暂标视觉/视频GAP。,,,,,VIV-F01,蓝心小V全局对话,28,https://www.vivo.com.cn/service/questions/all?categoryId=170&questionId=1397
VIV-E021,vivo,蓝心小V探索发现广场,蓝心小V,OriginOS 5（官方操作页明确；不可统一改标6）,中国大陆支持该功能的OriginOS 5手机；文档未给完整机型表,中国大陆,机型/版本限定,原生应用 AI,蓝心小V,点击/下拉小V标题栏进入探索发现广场,触控 | 文字,蓝心小V,无指代,无指代 | 对话指代,垂直智能体对话,智能体会话,官方列场景智能体；不能直接等同自主跨应用执行。,VIV-AUD-S001 | VD16-S01,A,打开蓝心小V | 点击或下拉标题栏进入探索发现广场 | 选择运动教练、写作或阅读等智能体 | 输入该场景的需求,MED-V008 | VD16-01,有界面/功能示意（见媒体边界）,LOCAL_MP4,V16补同帖预设指令查询天气结果。智能体选择为官方能力，所选动图实际示范预设指令；退出未拍到。,,,,,VIV-F02,探索发现：智能体与指令,29,https://www.vivo.com.cn/service/questions/all?categoryId=170&questionId=1746 | https://bbs.vivo.com.cn/newbbs/thread/37951733 | https://wwwstatic.vivo.com.cn/vivoportal/files/image/question/20251031/05bdd671897ca80eb5f52049237e711c.mp4
VIV-E012,vivo,桌面快捷指令组件,蓝心小V,OriginOS 6（功能与版本/机型分批适配）,中国大陆具有对应菜单的OriginOS 6手机；不推广海外Funtouch OS,中国大陆,机型/版本限定,锁屏／控制中心,桌面快捷指令组件,点击已配置的桌面指令组件,触控,通用系统上下文,无指代,无指代,执行预设任务,直接执行或打开小V,锁屏组件与桌面图标是不同路径，已补为独立记录；并非所有指令都有模型推理。,VIV-AUD-S002,A,长按桌面空白处 > 组件，添加快捷指令组件 | 编辑组件并选定指令 | 点击桌面组件执行,MED-V007,有界面/功能示意（见媒体边界）,LOCAL_CLIP,截至2026-09-08独立核验上述来源正文；适用范围限model_scope。旧媒体未逐项核图，本审计不覆盖原媒体字段；参见media_review。,,,,,VIV-F03,桌面与锁屏快捷指令,28,https://www.vivo.com.cn/service/questions/all?categoryId=170&questionId=2052 | https://wwwstatic.vivo.com.cn/vivoportal/files/image/question/20251031/25fb2f14a266f9466102c01581162c78.mp4
VIV-E040,vivo,锁屏快捷指令组件,蓝心小V,OriginOS 6（支持相应应用/菜单的版本）,中国大陆支持该功能的vivo手机，具体机型白名单未列,中国大陆,机型/版本限定,锁屏／控制中心,锁屏快捷指令组件,点击已配置锁屏组件,触控,预设任务,无指代,无指代,快捷指令执行,执行指令,只验证组件入口，不保证任意动作绕过锁屏验证。,VIV-AUD-S002,A,添加快捷指令小组件并配置具体指令 | 点击应用 | 在锁屏点击组件执行,,VISUAL_GAP_SOURCE_LINK_ONLY,VIDEO_GAP,截至2026-09-08独立核验上述来源正文；适用范围限model_scope。本行未逐项核对主流程媒体；新增行暂标视觉/视频GAP。,,,,,VIV-F03,桌面与锁屏快捷指令,28,https://www.vivo.com.cn/service/questions/all?categoryId=170&questionId=2052
VIV-E031,vivo,X Fold6远程调用小V Claw PC智能体,蓝心小V,OriginOS 6 Fold＋PC端vivo办公套件,vivo X Fold6 中国大陆机型；OriginOS 6 Fold；另需运行小V Claw的PC,中国大陆,机型/版本限定,原生应用 AI,手机消息/小V入口 → PC智能体,PC部署后从手机通道发送任务,文字 | 语音,手机请求＋PC执行环境,无指代,无指代 | 对话指代,远程调用PC智能体 | 笔记/日程等任务,跨设备执行结果,不能写成手机原生独立PC能力；不根据内置skills数量推断全部任务可靠完成。,VIV-AUD-S014,B,先在PC的vivo办公套件完成小V Claw部署 | 在手机通过蓝心小V、微信或QQ选定已连接的调用通道 | 描述需要PC智能体完成的任务 | 核对返回结果,,VISUAL_GAP_SOURCE_LINK_ONLY,VIDEO_GAP,截至2026-09-08独立核验上述来源正文；适用范围限model_scope。旧媒体未逐项核图，本审计不覆盖原媒体字段；参见media_review。,,,,,VIV-F04,X Fold6远程Claw,28,https://m.vivo.com.cn/brand/news/detail?id=1369&type=0
VIV-E004,vivo,双指长按小V圈搜2.0,蓝心小V,OriginOS 6（功能与版本/机型分批适配）,中国大陆具有对应菜单的OriginOS 6手机；不推广海外Funtouch OS,中国大陆,机型/版本限定,识屏与圈选,任意支持界面,双指长按,触控/按键,当前屏幕,混合方式,混合方式 | 整屏隐式指代 | 自动对象识别 | 圈选／框选,主体识别 | 搜同款 | 解题 | 地址/链接等服务 | 日程创建,服务气泡与直达动作,正文确实位于HTML .listBox.unfold；服务结果依场景与应用，未实测。,SRC-007,A,打开需要识别的页面 | 双指长按屏幕 | 点击识别出的对象服务，或圈选目标后选择服务,MED-I001,有界面/功能示意（见媒体边界）,VIDEO_GAP,截至2026-09-08独立核验上述来源正文；适用范围限model_scope。旧媒体未逐项核图，本审计不覆盖原媒体字段；参见media_review。,,,,,VIV-F05,小V圈搜2.0,30,https://www.vivo.com.cn/service/questions/all?categoryId=170&questionId=2030
VIV-E005,vivo,长按导航指示条小V圈搜2.0,蓝心小V,OriginOS 6（功能与版本/机型分批适配）,中国大陆OriginOS 6中支持系统导航唤醒的部分手机；有些机型仅双指长按,中国大陆,机型/版本限定,导航条／Home,底部导航指示条,长按导航指示条,触控/按键,当前屏幕,混合方式,混合方式 | 整屏隐式指代 | 自动对象识别 | 圈选／框选,圈搜 | 对象服务,圈搜覆盖层,不得把部分机型能力推广为所有OriginOS 6设备。,SRC-007,A,打开目标页面 | 长按导航指示条 | 点击主体服务或圈选对象,,VISUAL_GAP_SOURCE_LINK_ONLY,VIDEO_GAP,截至2026-09-08独立核验上述来源正文；适用范围限model_scope。旧媒体未逐项核图，本审计不覆盖原媒体字段；参见media_review。,,,,,VIV-F05,小V圈搜2.0,30,https://www.vivo.com.cn/service/questions/all?categoryId=170&questionId=2030
VIV-E034,vivo,拖放内容到原子岛服务,蓝心小V,OriginOS 5,vivo X200系列中国大陆机型,中国大陆,机型/版本限定,分享／拖拽,当前对象 → 原子岛,长按并拖至原子岛服务,触控,被拖动内容,拖拽投喂,拖拽投喂,内容投喂服务 | 导航/分享,内容传递给所选服务,需支持机型、对应系统/应用版本及相关权限；本轮未实机复核。,SRC-010,A,长按文字、图片或文档 | 拖至原子岛推荐的应用服务 | 在目标服务上松手,,VISUAL_GAP_SOURCE_LINK_ONLY,VIDEO_GAP,截至2026-09-08独立核验上述来源正文；适用范围限model_scope。本行未逐项核对主流程媒体；新增行暂标视觉/视频GAP。,,,,,VIV-F06,原子岛拖放到服务,30,https://www.vivo.com.cn/service/questions/all?categoryId=158&questionId=1744
VIV-E046,vivo,X Fold6原子工作台AI跨窗拖放,蓝心小V,OriginOS 6 Fold,vivo X Fold6中国大陆折叠手机,中国大陆,机型/版本限定,分享／拖拽,折叠内屏原子工作台,将内容从来源窗口拖至目标窗口,触控,被拖动内容及目标应用,拖拽投喂,拖拽投喂,跨窗文字/表格转换 | 翻译投喂,目标应用接收并处理内容,不把普通多窗口布局自身统计为生成式AI；未证明所有应用间都支持。,VIV-AUD-S014,B,在原子工作台打开来源与目标应用 | 长按所需内容 | 将内容拖至目标窗口 | 按实际支持的服务完成文字/表格/翻译等处理,,VISUAL_GAP_SOURCE_LINK_ONLY,VIDEO_GAP,截至2026-09-08独立核验上述来源正文；适用范围限model_scope。本行未逐项核对主流程媒体；新增行暂标视觉/视频GAP。,,,,,VIV-F06,原子岛拖放到服务,30,https://m.vivo.com.cn/brand/news/detail?id=1369&type=0
VIV-E032,vivo,系统分享面板发送给蓝心小V,蓝心小V,OriginOS 4,中国大陆OriginOS 4支持蓝心小V的机型；不自动外推到6,中国大陆,机型/版本限定,分享／拖拽,系统分享面板,分享 > 蓝心小V,触控,分享的图片/文件,点击对象,点击对象,图片/文档问答,小V接收选定内容,旧表漏掉了SRC-009明确列出的第3条路径；须标注OriginOS 4证据版本。,SRC-009,A,在相册或文件管理选择内容 | 点击分享 | 在系统分享面板点击蓝心小V | 对选定内容提出问题,,VISUAL_GAP_SOURCE_LINK_ONLY,VIDEO_GAP,2026-09-09复核SRC-009，正文路径3明确标注OriginOS4；继续保留画面缺口，不外推6。,,,,,VIV-F07,分享给小V问答（OS4）,30,https://www.vivo.com.cn/service/questions/all?categoryId=170&questionId=1397
VIV-E020,vivo,双指识屏填表助手,蓝心小V,OriginOS 6（功能与版本/机型分批适配）,支持填表资料与识屏填表的中国大陆手机/页面；具体名单未列,中国大陆,机型/版本限定,原生应用 AI,识屏后的快速填写,双指长按 > 快速填写,触控,当前表单与用户填表资料,整屏隐式指代,整屏隐式指代 | 主动上下文,表单识别 | 资料匹配与预填,等待确认的表单,填充不等于提交表单；原表写成小V建议中填写不准确。,VIV-AUD-S011,A,打开可填写的表单 | 双指长按识屏并点击快速填写 | 核对资料确认面板后确认填充 | 检查已填字段,VM33-01 | VM33-04,官方分步动图（对应支线）,有本地动图节选；其他分支不外推,截至2026-09-08独立核验上述来源正文；适用范围限model_scope。旧媒体未逐项核图，本审计不覆盖原媒体字段；参见media_review。,,,,,VIV-F08,识屏、问屏与输入法填表,31,https://www.vivo.com.cn/service/questions/all?categoryId=170&questionId=2031
VIV-E038,vivo,vivo输入法候选栏填表助手,蓝心小V,OriginOS 6（支持相应应用/菜单的版本）,中国大陆支持该功能的vivo手机，具体机型白名单未列,中国大陆,机型/版本限定,键盘与选中文本菜单,vivo输入法候选栏,表单输入姓名后点击填表助手,触控,当前表单与填表资料,混合方式,混合方式 | 主动上下文,资料辅助填表,字段填充,预填不等于提交；确认控件以实际界面为准。,VIV-AUD-S011,A,在表单输入姓名等触发内容 | 点击候选栏出现的填表助手 | 选择/核对资料并完成填写,,VISUAL_GAP_SOURCE_LINK_ONLY,VIDEO_GAP,截至2026-09-08独立核验上述来源正文；适用范围限model_scope。本行未逐项核对主流程媒体；新增行暂标视觉/视频GAP。,,,,,VIV-F08,识屏、问屏与输入法填表,31,https://www.vivo.com.cn/service/questions/all?categoryId=170&questionId=2031
VIV-E050,vivo,小V问屏填表,蓝心小V,小V记忆官方指南；具体系统版本未列，按机型/版本适配,支持对应小V功能的中国大陆手机；教程实际机型与build未标,中国大陆,机型/版本限定,识屏与圈选,蓝心小V内问屏填表指令,唤起蓝心小V后输入自动填充或填表,指令输入（正文未分列输入模态）,当前可填写表单与用户填表资料,整屏隐式指代,整屏隐式指代,表单识别 | 资料匹配与预填,表单预填，仍需核对,问屏填表只见文档；不能用双指填表动图证明对话触发或其确认控件。,VIV-AUD-S011,A,打开可填写表单 | 任意方式唤起蓝心小V | 发出自动填充或填表请求 | 核对匹配资料与填充字段；实际控件待实测,,VISUAL_GAP_SOURCE_LINK_ONLY,VIDEO_GAP,2026-09-09补录；已核2026-09-08保存的VIV-AUD-S011正文已有该路径，非新增发布推断。,,,,,VIV-F08,识屏、问屏与输入法填表,31,https://www.vivo.com.cn/service/questions/all?categoryId=170&questionId=2031
VIV-E009,vivo,第三方应用无感收藏至小V记忆,蓝心小V,OriginOS 6（功能与版本/机型分批适配）,最新系统上支持无感收藏的中国大陆手机与适配应用单条详情页,中国大陆,机型/版本限定,原生应用 AI,浏览器／内容收藏入口,开启无感收藏后在适配应用单条详情页收藏,触控,浏览器／内容收藏入口,整屏隐式指代,整屏隐式指代 | 自动对象识别,跨应用收藏同步 | 解析分类,写入小V记忆,不支持多条内容列表页收藏；不能推广为所有浏览器/所有第三方收藏。,VIV-AUD-S011,A,打开支持应用的单条内容详情页 | 点击该内容的收藏按钮 | 进入小V记忆确认同步收藏,MED-I002,有界面/功能示意（见媒体边界）,VIDEO_GAP,截至2026-09-08独立核验上述来源正文；适用范围限model_scope。旧媒体未逐项核图，本审计不覆盖原媒体字段；参见media_review。,,,,,VIV-F09,小V记忆收藏,32,https://www.vivo.com.cn/service/questions/all?categoryId=170&questionId=2031
VIV-E035,vivo,系统分享收藏至小V记忆,蓝心小V,OriginOS 6（支持相应应用/菜单的版本）,中国大陆支持该功能的vivo手机，具体机型白名单未列,中国大陆,机型/版本限定,分享／拖拽,系统分享面板,系统分享 > 小V记忆收藏,触控,分享对象,拖拽投喂,拖拽投喂,收藏内容,小V记忆收藏,需支持机型、对应系统/应用版本及相关权限；本轮未实机复核。,VIV-AUD-S011,A,选择链接、图片或文档 | 打开系统分享面板 | 选择收藏至小V记忆 | 到收藏页核对内容,,VISUAL_GAP_SOURCE_LINK_ONLY,VIDEO_GAP,截至2026-09-08独立核验上述来源正文；适用范围限model_scope。本行未逐项核对主流程媒体；新增行暂标视觉/视频GAP。,,,,,VIV-F09,小V记忆收藏,32,https://www.vivo.com.cn/service/questions/all?categoryId=170&questionId=2031
VIV-E036,vivo,拖放原子岛收藏至小V记忆,蓝心小V,OriginOS 6（支持相应应用/菜单的版本）,中国大陆支持该功能的vivo手机，具体机型白名单未列,中国大陆,机型/版本限定,分享／拖拽,原子岛收藏目标,拖至收藏至小V记忆并松手,触控,拖动对象,拖拽投喂,拖拽投喂,收藏内容,小V记忆收藏,需支持机型、对应系统/应用版本及相关权限；本轮未实机复核。,VIV-AUD-S011,A,长按文字、图片或文档 | 拖至原子岛中的收藏至小V记忆 | 松手完成收藏,VM33-03,官方分步动图（对应支线）,有本地动图节选；其他分支不外推,截至2026-09-08独立核验上述来源正文；适用范围限model_scope。本行未逐项核对主流程媒体；新增行暂标视觉/视频GAP。,,,,,VIV-F09,小V记忆收藏,32,https://www.vivo.com.cn/service/questions/all?categoryId=170&questionId=2031
VIV-E037,vivo,复制链接后小V记忆提示收藏,蓝心小V,OriginOS 6（支持相应应用/菜单的版本）,中国大陆支持该功能的vivo手机，具体机型白名单未列,中国大陆,机型/版本限定,通知／卡片／主动建议,小V记忆收藏主页,复制有效链接后进入收藏页点击提示,触控,剪贴板中的链接,主动上下文,主动上下文,链接收藏,链接进入收藏,不是复制后全局自动弹出或自动保存。,VIV-AUD-S011,A,在原应用复制有效链接 | 进入小V记忆收藏主页 | 点击出现的添加收藏提示,,VISUAL_GAP_SOURCE_LINK_ONLY,VIDEO_GAP,截至2026-09-08独立核验上述来源正文；适用范围限model_scope。本行未逐项核对主流程媒体；新增行暂标视觉/视频GAP。,,,,,VIV-F09,小V记忆收藏,32,https://www.vivo.com.cn/service/questions/all?categoryId=170&questionId=2031
VIV-E045,vivo,小V记忆桌面快捷图标,蓝心小V,OriginOS 6（支持相应应用/菜单的版本）,中国大陆支持该功能的vivo手机，具体机型白名单未列,中国大陆,机型/版本限定,桌面与搜索,小V记忆桌面图标,点击小V记忆图标,触控,个人记忆库,无指代,无指代,记忆检索与管理,记忆管理界面,需支持机型、对应系统/应用版本及相关权限；本轮未实机复核。,VIV-AUD-S011,A,点击桌面小V记忆 | 进入记录、收藏或填表资料页,,VISUAL_GAP_SOURCE_LINK_ONLY,VIDEO_GAP,截至2026-09-08独立核验上述来源正文；适用范围限model_scope。本行未逐项核对主流程媒体；新增行暂标视觉/视频GAP。,,,,,VIV-F09,小V记忆收藏,32,https://www.vivo.com.cn/service/questions/all?categoryId=170&questionId=2031
VIV-E049,vivo,双指识屏加入小V记忆收藏,蓝心小V,小V记忆官方指南；具体系统版本未列，按机型/版本适配,支持对应小V功能的中国大陆手机；教程实际机型与build未标,中国大陆,机型/版本限定,识屏与圈选,识屏动作栏,双指长按 > 加入收藏,触控,当前页面内容,整屏隐式指代,整屏隐式指代,收藏内容,已收藏与摘要详情,收藏摘要详情未展示退出与撤销；不替代系统分享入口。,VIV-AUD-S011,A,打开要收藏的内容 | 双指长按识屏 | 点击加入收藏 | 原子岛显示解析与已收藏 | 点击已收藏查看摘要,VM33-02,官方分步动图（对应支线）,有本地动图节选；其他分支不外推,2026-09-09补录；已核2026-09-08保存的VIV-AUD-S011正文已有该路径，非新增发布推断。,,,,,VIV-F09,小V记忆收藏,32,https://www.vivo.com.cn/service/questions/all?categoryId=170&questionId=2031
VIV-E013,vivo,原子岛小V服务建议,蓝心小V,OriginOS 5,vivo X200系列；其他机型依适配,中国大陆,机型/版本限定,通知／卡片／主动建议,原子岛／状态区域,情境出现后点击原子岛服务,系统主动 | 触控,系统推断的当前情境,主动上下文,主动上下文,情境建议 | 实时信息,胶囊提示与动作,源页为OriginOS 5 X200；原子通知、服务建议、拖放直达不能混为同一AI能力。,SRC-010,A,在出行等支持情境查看原子岛信息 | 点击对应建议进入服务,,VISUAL_GAP_SOURCE_LINK_ONLY,VIDEO_GAP,截至2026-09-08独立核验上述来源正文；适用范围限model_scope。旧媒体未逐项核图，本审计不覆盖原媒体字段；参见media_review。,,,,,VIV-F10,小V建议与原子岛,33,https://www.vivo.com.cn/service/questions/all?categoryId=158&questionId=1744
VIV-E047,vivo,小V建议设置与服务管理,蓝心小V,OriginOS 5（官方设置教程）,支持OriginOS 5小V建议的中国大陆手机,中国大陆,机型/版本限定,通知／卡片／主动建议,设置 > 蓝心智能 > 小V建议,设置 > 蓝心智能 > 小V建议,系统主动 | 触控,用户允许展示的服务与位置,无指代,无指代,建议展示与服务管理,胶囊提示与动作,此配置分支不等于自动情境触发；与原子岛运行时建议分开展示。,,A,打开设置，点击蓝心智能 | 进入小V建议 | 打开小V建议开关并选择服务或展示位置,VS6-01,LOCAL_CLIP,LOCAL_CLIP,截至2026-09-08独立核验上述来源正文；适用范围限model_scope。旧媒体未逐项核图，本审计不覆盖原媒体字段；参见media_review。,,,,,VIV-F10,小V建议与原子岛,33,https://www.vivo.com.cn/service/questions/all?categoryId=170&questionId=1754
VIV-E026,vivo,原子笔记工具栏小V写作,蓝心小V,OriginOS 5相关帮助文档；具体应用版本未列,支持小V写作的vivo原子笔记手机版本,中国大陆,机型/版本限定,原生应用 AI,原子笔记工具栏,原子笔记 > 笔记 > 工具栏小V写作,触控,原子笔记,点击对象,点击对象,内容创作 | 富文本排版 | 语法/语气修改 | 待办提取,可插入的笔记文本,工具栏与选中文本悬浮入口分开补充；最终插入控件名称未在此文明确。,VIV-AUD-S009,A,打开原子笔记中的笔记 | 点击工具栏小V写作 | 选择生成或改写要求 | 核对生成内容后按实际界面使用,VV40-01,SOURCE_FRAMES_AVAILABLE,LOCAL_CLIP,截至2026-09-08独立核验上述来源正文；适用范围限model_scope。旧媒体未逐项核图，本审计不覆盖原媒体字段；参见media_review。,,,,,VIV-F11,小V写作：笔记与键盘,34,https://www.vivo.com.cn/service/questions/all?categoryId=170&questionId=1766 | https://bbs.vivo.com.cn/newbbs/thread/39379054?show_title=1
VIV-E041,vivo,原子笔记选中文字小V写作,蓝心小V,OriginOS 5相关帮助文档；应用版本未列,中国大陆支持该功能的vivo手机，具体机型白名单未列,中国大陆,机型/版本限定,键盘与选中文本菜单,原子笔记悬浮剪贴板,选中文字 > 小V写作,触控,明确选区,文本选择,文本选择,选中文本修改,针对选区的写作结果,需支持机型、对应系统/应用版本及相关权限；本轮未实机复核。,VIV-AUD-S009,A,在原子笔记打开一篇笔记 | 选中需要修改的文字 | 点击悬浮剪贴板中的小V写作 | 选择修改任务并核对结果,,VISUAL_GAP_SOURCE_LINK_ONLY,VIDEO_GAP,截至2026-09-08独立核验上述来源正文；适用范围限model_scope。本行未逐项核对主流程媒体；新增行暂标视觉/视频GAP。,,,,,VIV-F11,小V写作：笔记与键盘,34,https://www.vivo.com.cn/service/questions/all?categoryId=170&questionId=1766
VIV-E048,vivo,vivo输入法键盘AI键：小V写作,蓝心小V,2024年官方动图 / 系统与应用构建号未标 / 中国大陆,该官方动图所示vivo手机键盘；机型与构建号未标，不直接外推OriginOS6全部机型,中国大陆,机型/版本限定,键盘与选中文本菜单,vivo输入法键盘工具栏,输入文字后点击键盘AI键,触控,输入框已有草稿,文本选择,文本选择,文本润色 | 候选替换,草稿替换，写作候选面板收起,原片为官方说明GIF，保留其停留与跳切后经ChatCut截取。原子笔记内的键盘AI键：输入文字、点AI、选择润色候选，文本替换且回到键盘。未显示笔记工具栏或选区悬浮菜单这两条入口；未点击撤销、完成或返回；不证明笔记已保存或退出应用。,VIV-AUD-S009,A,在原子笔记输入草稿 | 点击键盘工具栏AI键 | 小V写作显示润色候选 | 点击候选后替换原文并回到键盘,VQ13-01 | VB-05,OFFICIAL_GIF_REVIEWED,LOCAL_MP4,2026-09-09逐帧查看官方GIF；非真机测试。VB-05为另一OriginOS6社区入口支线，无采用结果。,,,,,VIV-F11,小V写作：笔记与键盘,34,https://www.vivo.com.cn/service/questions/all?categoryId=170&questionId=1766 | https://bbs.vivo.com.cn/newbbs/thread/38892690
VIV-E027,vivo,小V帮记会议转写与摘要,蓝心小V,OriginOS 5,中国大陆支持该功能的OriginOS 5手机；文档未给完整机型表,中国大陆,机型/版本限定,原生应用 AI,全局搜索 > 小V帮记,全局搜索并打开小V帮记,触控,支持的会议/媒体音频,点击对象,点击对象,实时转写 | 分角色 | 总结 | 同声传译,转写、字幕与摘要,旧录音后点AI摘要没有相应来源；改用有步骤的真实小V帮记路径，支持应用以专文名单为准。,VIV-AUD-S008,A,桌面下滑全局搜索小V帮记并打开 | 在支持的会议场景开启帮记 | 按需要使用AI总结、分角色和提醒 | 回看转写与总结,,VISUAL_GAP_SOURCE_LINK_ONLY,VIDEO_GAP,截至2026-09-08独立核验上述来源正文；适用范围限model_scope。旧媒体未逐项核图，本审计不覆盖原媒体字段；参见media_review。,,,,,VIV-F12,小V帮记与媒体摘记,36,https://www.vivo.com.cn/service/questions/all?categoryId=170&questionId=1763
VIV-E044,vivo,媒体智能侧边栏小V帮记,蓝心小V,OriginOS 5,中国大陆支持该功能的vivo手机，具体机型白名单未列,中国大陆,机型/版本限定,系统侧边栏,媒体智能侧边栏,侧滑停顿 > 小V帮记,触控,应用音视频,混合方式,混合方式,音视频转写 | 摘要 | 翻译,字幕/总结,支持应用及音频通道按专文；不保证任何App都可录取。,VIV-AUD-S008,A,在音视频播放时从返回手势区域侧滑并停顿 | 点击小V帮记，未显示时先点更多 | 选择需要的字幕/总结/翻译,,VISUAL_GAP_SOURCE_LINK_ONLY,VIDEO_GAP,截至2026-09-08独立核验上述来源正文；适用范围限model_scope。本行未逐项核对主流程媒体；新增行暂标视觉/视频GAP。,,,,,VIV-F12,小V帮记与媒体摘记,36,https://www.vivo.com.cn/service/questions/all?categoryId=170&questionId=1763
VIV-E029,vivo,X Fold6 AI文件管家,蓝心小V,OriginOS 6 Fold,vivo X Fold6 中国大陆机型；OriginOS 6 Fold,中国大陆,机型/版本限定,原生应用 AI,X Fold6 AI文件管家,文件管家内浏览或提出整理请求,触控 | 语音,AI文件管家中的文件,点击对象,点击对象 | 对话指代,智能命名建议 | 语音分类收纳 | 跨应用/设备文件搜索,命名建议、分类整理或文件搜索结果,删除原跨文件总结/格式转换泛化；不能把全部能力归为小V任意文件问答。,VIV-AUD-S014,B,在X Fold6打开AI文件管家 | 按来源应用或文件类型浏览资料 | 用语音提出文件分类整理要求，或搜索文件,,VISUAL_GAP_SOURCE_LINK_ONLY,VIDEO_GAP,截至2026-09-08独立核验上述来源正文；适用范围限model_scope。旧媒体未逐项核图，本审计不覆盖原媒体字段；参见media_review。,,,,,VIV-F13,X Fold6文件管家,36,https://m.vivo.com.cn/brand/news/detail?id=1369&type=0
VIV-E030,vivo,X Fold6 AI会议助手,蓝心小V,OriginOS 6 Fold,vivo X Fold6 中国大陆机型；OriginOS 6 Fold,中国大陆,机型/版本限定,原生应用 AI,X Fold6会议/录音,线下会议开启录音；线上会议自动唤起小V帮记,触控 | 语音,会议／录音,点击对象,点击对象,实时分角色转写 | 会议总结 | 模板与时间索引,会议纪要,线上和线下为两条不同流程；不把系统自动步骤写成用户动作。,VIV-AUD-S014,B,线下会议中开启AI会议助手录音 | 结束后查看分角色转写与总结 | 选择场景纪要模板并按时间索引回看,VV40-02,SOURCE_FRAMES_AVAILABLE,LOCAL_CLIP,截至2026-09-08独立核验上述来源正文；适用范围限model_scope。旧媒体未逐项核图，本审计不覆盖原媒体字段；参见media_review。,,,,,VIV-F14,X Fold6会议助手,37,https://m.vivo.com.cn/brand/news/detail?id=1369&type=0 | https://bbs.vivo.com.cn/newbbs/thread/39490406
VIV-E023,vivo,小V电话助手AI找人工,蓝心小V,OriginOS 6（功能与版本/机型分批适配）,支持AI通话的OriginOS 6手机与已适配客服电话,中国大陆,机型/版本限定,原生应用 AI,通话界面小V电话助手,电话接通后15秒内点击AI找人工,触控,已接通的适配客服电话,无指代,无指代,自动操作客服电话按键/语音菜单,自动处理语音/按键菜单以转接人工；结果依客服系统,仅适配客服电话；不是描述售后问题后转官方客服的聊天入口。,VIV-AUD-S012,A,拨打支持的客服电话 | 接通后15秒内点击小V电话助手 > AI找人工 | 在人工接通后参与通话,,VISUAL_GAP_SOURCE_LINK_ONLY,VIDEO_GAP,截至2026-09-08独立核验上述来源正文；适用范围限model_scope。旧媒体未逐项核图，本审计不覆盖原媒体字段；参见media_review。,,,,,VIV-F15,电话助手与AI找人工,38,https://www.vivo.com.cn/service/questions/all?categoryId=170&questionId=2035
VIV-E043,vivo,系统通话小V电话助手,蓝心小V,OriginOS 5,中国大陆支持该功能的vivo手机，具体机型白名单未列,中国大陆,机型/版本限定,原生应用 AI,系统通话界面,通话中点击小V电话助手,触控,当前通话,无指代,无指代,通话摘要 | 通话翻译 | AI代接,通话辅助及回看记录,摘要可能因通话过短/敏感语句等不生成；具体语种与机型依官方页。,VIV-AUD-S010,A,在通话界面点击小V电话助手 | 按任务选择智能摘要、同声传译或AI通话 | 结束后查看对话记录或摘要,,VISUAL_GAP_SOURCE_LINK_ONLY,VIDEO_GAP,截至2026-09-08独立核验上述来源正文；适用范围限model_scope。本行未逐项核对主流程媒体；新增行暂标视觉/视频GAP。,,,,,VIV-F15,电话助手与AI找人工,38,https://www.vivo.com.cn/service/questions/all?categoryId=170&questionId=1771
VIV-E024,vivo,AI识别诈骗电话,电话／AI防诈盾牌,OriginOS 5,vivo X200s；需下载离线服务包,中国大陆,机型/版本限定,通知／卡片／主动建议,系统通话,开启后接听陌生电话并触发风险提示,系统主动,接听中的陌生电话,无指代,无指代,通话风险提示,反诈弹窗、提示音与振动,删除消息检测泛化；X200s官方FAQ第12项说明通话内检测、弹窗/声音/振动。,VIV-AUD-S015,A,接听陌生号码来电 | 出现风险提示时查看弹窗,,VISUAL_GAP_SOURCE_LINK_ONLY,VIDEO_GAP,截至2026-09-08独立核验上述来源正文；适用范围限model_scope。旧媒体未逐项核图，本审计不覆盖原媒体字段；参见media_review。,,,,,VIV-F16,来电反诈提醒,38,https://www.vivo.com.cn/service/questions/all?categoryId=158&questionId=1913
VIV-E014,vivo,Live Photo AI消除,蓝心小V,OriginOS 6（功能与版本/机型分批适配）,中国大陆具有对应菜单的OriginOS 6手机；不推广海外Funtouch OS,中国大陆,机型/版本限定,原生应用 AI,相册编辑器,打开实况照片后圈选路人,手势,相册编辑器,圈选／框选,圈选／框选 | 自动对象识别,实况照片路人消除,官方教程指示两层确认；最终保存回显未展示,OriginOS6部分机型。教程含引导弹窗、编辑状态和点击示意，非连续真机录屏；未验证最终保存后动态回放或取消恢复。,SRC-008 | VEX15-S01,B,相册打开Live Photo，点编辑 | AI修图 > AI消除 > 智能圈选，圈出对象 | 完成识别消除，点✓回到编辑页 | 点击完成；官方动图未展示保存后的相册回显,VEX15-01 | VEX15-ENTRY | VEX15-CONFIRM | VEX15-RETURN | VEX15-FINISH,OFFICIAL_TUTORIAL_REVIEWED_V15,LOCAL_MP4,截至2026-09-08独立核验上述来源正文；适用范围限model_scope。旧媒体未逐项核图，本审计不覆盖原媒体字段；参见media_review。,,,,,VIV-F17,Live Photo AI消除,39,https://www.vivo.com.cn/service/questions/all?categoryId=170&questionId=2027 | https://www.vivo.com.cn/service/questions/all?categoryId=170&questionId=2034
VIV-E016,vivo,vivo看见智能人物记忆,vivo看见,OriginOS 6（功能与版本/机型分批适配）,中国大陆具有对应菜单的OriginOS 6手机；不推广海外Funtouch OS,中国大陆,机型/版本限定,辅助功能,vivo 看见,vivo看见人像入口录入后在问答中识别,触控 | 视觉 | 语音,相机画面与已录入人物,混合方式,混合方式 | 相机取景 | 对话指代,人物记忆 | 人物识别与描述,语音辅助结果,官方说明近距离2m内清晰正脸；无需再依赖社区帖推测是否仅公测。,VIV-AUD-S005,A,进入设置 > 快捷与辅助 > 无障碍 > vivo看见 | 点击人像入口，以扫描或相册录入清晰人脸；也可在问答中口述记住人物 | 在问答模式将摄像头对准已记录的人物并提问,AUDIMG-319,有界面/功能示意（见媒体边界）,VIDEO_GAP,截至2026-09-08独立核验上述来源正文；适用范围限model_scope。旧媒体未逐项核图，本审计不覆盖原媒体字段；参见media_review。,,,,,VIV-F18,vivo看见问环境与认人,40,https://www.vivo.com.cn/service/questions/all?categoryId=170&questionId=2059
VIV-E028,vivo,vivo看见环境视频问答,vivo看见,OriginOS 6（功能与版本/机型分批适配）,中国大陆具有对应菜单的OriginOS 6手机；不推广海外Funtouch OS,中国大陆,机型/版本限定,辅助功能,vivo 看见,在vivo看见进入环境视频问答,触控 | 视觉 | 语音,实时相机画面,混合方式,混合方式 | 相机取景 | 对话指代,环境问答 | 短期物品记忆,环境问题回答及短期物品记忆相关回答,去除声音事件提示；声音记忆属于vivo听说，已另列。,VIV-AUD-S004,B,打开vivo看见的环境视频问答 | 将摄像头对准环境 | 询问物品或信息并继续追问,AUDIMG-319,有界面/功能示意（见媒体边界）,VIDEO_GAP,截至2026-09-08独立核验上述来源正文；适用范围限model_scope。旧媒体未逐项核图，本审计不覆盖原媒体字段；参见media_review。,,,,,VIV-F18,vivo看见问环境与认人,40,https://www.vivo.com.cn/service/questions/all?categoryId=170&questionId=2058
VIV-E042,vivo,vivo听说声音记忆／区分说话人,vivo听说,OriginOS 6（支持相应应用/菜单的版本）,中国大陆支持该功能的vivo手机，具体机型白名单未列,中国大陆,机型/版本限定,辅助功能,vivo听说,录入声音后开启区分说话人,触控 | 声音,现场声音与已录入声纹,混合方式,混合方式 | 主动上下文,说话人记忆 | 字幕角色标注,带人物名称的实时文本,需联网、普通话，最多预录8人；多人交流建议5人以内，安静/3m内等条件见官方说明。,VIV-AUD-S003,A,在设置 > 快捷与辅助 > 无障碍 > vivo听说进入设置 | 在声音记忆中添加亲友声音及名称 | 面对面交流时打开更多 > 区分说话人 | 查看转写中的说话者名称,VV23-01,相关应用内操作阶段有录屏；独立触发分支仍按说明,LOCAL_MP4_PHASE_EVIDENCE,截至2026-09-08独立核验上述来源正文；适用范围限model_scope。本行未逐项核对主流程媒体；新增行暂标视觉/视频GAP。,,,,,VIV-F19,vivo听说声音记忆,41,https://www.vivo.com.cn/service/questions/all?categoryId=170&questionId=2056
HON-E001,honor,语音唤醒YOYO,YOYO,MagicOS 10,荣耀400/400 Pro中国大陆机型，MagicOS 10；无相关菜单则不支持,中国大陆,机型/版本限定,语音唤醒,系统全局,说出 YOYO 唤醒词,语音,通用系统上下文,无指代,无指代 | 对话指代,问答 | 设备操作,YOYO 对话,该说明页适用400/400 Pro；普通通话时不能唤醒，录音/麦克风录屏时语音唤醒不可用。,SRC-014,A,说出唤醒词 | 说出问题或设备操作要求,,VISUAL_GAP_SOURCE_LINK_ONLY,VIDEO_GAP,截至2026-09-08独立核验上述来源正文；适用范围限model_scope。旧媒体未逐项核图，本审计不覆盖原媒体字段；参见media_review。,,,,,HON-F01,YOYO全局唤醒,43,https://www.honor.com/cn/support/content/zh-cn15887823/
HON-E002,honor,长按导航条／三键Home唤醒YOYO,YOYO,MagicOS 10,荣耀400/400 Pro中国大陆机型，MagicOS 10；无相关菜单则不支持,中国大陆,机型/版本限定,导航条／Home,底部导航提示条／Home,长按已配置的导航条或三键Home,触控/按键,通用系统上下文,无指代,无指代 | 整屏隐式指代,对话 | 图片/文档输入,YOYO 浮层,部分菜单因产品变化；不能直接推广到整个MagicOS 10系列。,SRC-014,A,长按底部导航提示条或三键Home | 用语音、文字或附件发出请求,,VISUAL_GAP_SOURCE_LINK_ONLY,VIDEO_GAP,截至2026-09-08独立核验上述来源正文；适用范围限model_scope。旧媒体未逐项核图，本审计不覆盖原媒体字段；参见media_review。,,,,,HON-F01,YOYO全局唤醒,43,https://www.honor.com/cn/support/content/zh-cn15887823/
HON-E017,honor,气息唤醒YOYO,YOYO,MagicOS 10,荣耀400/400 Pro中国大陆机型，MagicOS 10；无相关菜单则不支持,中国大陆,机型/版本限定,语音唤醒,手机底部麦克风,抬起手机底部靠近嘴部直接说指令,姿态 | 语音,通用系统上下文,无指代,无指代 | 对话指代,免唤醒词语音操作,语音结果,原抬腕混入穿戴交互；原说YOYO唤醒词也错误。距离/角度按该机型设置页，不能臆定统一数值。,SRC-014,A,抬起手机，让底部麦克风靠近嘴部 | 对准麦克风直接说出指令,,VISUAL_GAP_SOURCE_LINK_ONLY,VIDEO_GAP,截至2026-09-08独立核验上述来源正文；适用范围限model_scope。旧媒体未逐项核图，本审计不覆盖原媒体字段；参见media_review。,,,,,HON-F01,YOYO全局唤醒,43,https://www.honor.com/cn/support/content/zh-cn15887823/
HON-E018,honor,长按电源键1秒唤醒YOYO,YOYO,MagicOS 10,荣耀400/400 Pro中国大陆机型，MagicOS 10；无相关菜单则不支持,中国大陆,机型/版本限定,物理按键,机身电源键,按住电源键1秒,触控/按键,通用系统上下文,无指代,无指代 | 对话指代,问答 | 设备操作,YOYO 浮层,1秒来自该官方型号操作页；不是跨品牌通用阈值。,SRC-014,A,按住电源键1秒 | 说出或输入请求,,VISUAL_GAP_SOURCE_LINK_ONLY,VIDEO_GAP,截至2026-09-08独立核验上述来源正文；适用范围限model_scope。旧媒体未逐项核图，本审计不覆盖原媒体字段；参见media_review。,,,,,HON-F01,YOYO全局唤醒,43,https://www.honor.com/cn/support/content/zh-cn15887823/
HON-E019,honor,线控耳机唤醒YOYO,YOYO,MagicOS 10,荣耀400/400 Pro中国大陆机型，MagicOS 10；无相关菜单则不支持；另需兼容线控耳机,中国大陆,机型/版本限定,物理按键,支持的荣耀耳机,长按兼容线控耳机播控键,语音 | 触控/按键,通用系统上下文,无指代,无指代 | 对话指代,唤醒YOYO | 语音问答,耳机语音反馈,蓝牙设备唤醒虽然另有开关，但具体外设按法不统一，本条不推广到所有蓝牙耳机。,SRC-014,A,连接兼容耳机 | 长按线控耳机播控键 | 说出请求,,VISUAL_GAP_SOURCE_LINK_ONLY,VIDEO_GAP,截至2026-09-08独立核验上述来源正文；适用范围限model_scope。旧媒体未逐项核图，本审计不覆盖原媒体字段；参见media_review。,,,,,HON-F01,YOYO全局唤醒,43,https://www.honor.com/cn/support/content/zh-cn15887823/
HON-E004,honor,YOYO看见／音视频对话（经YOYO面板）,YOYO,MagicOS 10,Magic8系列等HON-AUD-S003列出的手机；官方还要求具备AI键/视频菜单，存在条件限制,中国大陆,机型/版本限定,物理按键,YOYO面板音视频通话入口,电源键唤醒后进入YOYO音视频通话,触控 | 语音 | 视觉,实时相机画面,混合方式,混合方式 | 相机取景 | 对话指代,实时相机问答 | 语音/视频对话,实时视觉答案,原AI键直接取景的按法未获统一证实。专文的适用产品名单与无AI键不支持提示须按实际菜单交叉核验。,HON-AUD-S003,A,按电源键1秒唤醒YOYO | 点击YOYO打电话提示，或上滑全屏后进入音视频通话 | 选择视频通话并对准对象提问 | 需要结束时点击结束或说出退出通话,,VISUAL_GAP_SOURCE_LINK_ONLY,VIDEO_GAP,截至2026-09-08独立核验上述来源正文；适用范围限model_scope。旧媒体未逐项核图，本审计不覆盖原媒体字段；参见media_review。,,,,,HON-F02,YOYO看见视频通话,43,https://www.honor.com/cn/support/content/zh-cn15887017/
HON-E005,honor,指关节一圈即达任意门,YOYO,MagicOS 9.0,荣耀X70中国大陆机型；MagicOS 9.0,中国大陆,机型/版本限定,识屏与圈选,任意界面,单指关节敲击并画圈,手势,当前屏幕或所选对象,圈选／框选,圈选／框选 | 自动对象识别,对象识别 | 文字提取 | 服务直达,任意门服务列表,指关节一圈即达关闭时只保留局部截图；文字服务未出现可开启图文自动识别或点击文字提取。,SRC-015,A,用单指关节敲击并画圈框选内容 | 点击任意门推荐的目标服务,,VISUAL_GAP_SOURCE_LINK_ONLY,VIDEO_GAP,截至2026-09-08独立核验上述来源正文；适用范围限model_scope。旧媒体未逐项核图，本审计不覆盖原媒体字段；参见media_review。,,,,,HON-F03,指关节圈选任意门,44,https://www.honor.com/cn/support/content/zh-cn15882095/
HON-E020,honor,截屏后任意门／YOYO服务,YOYO,MagicOS 10,荣耀Magic8系列中国大陆机型；对应玩机技巧所示版本，功能可能需更新,中国大陆,机型/版本限定,截屏,截屏缩略图／编辑器,截屏后点击缩略图下方服务,触控,当前截屏,截图裁切,截图裁切,截图后服务推荐 | 图片问答,推荐服务处理该截图；YOYO为可能出现的服务之一,YOYO是否作为推荐项出现取决于内容；不能保证每次都显示固定问YOYO按钮。,SRC-065,A,截屏 | 点击缩略图下方任意门或推荐的YOYO服务 | 选择要执行的后续任务,,VISUAL_GAP_SOURCE_LINK_ONLY,VIDEO_GAP,截至2026-09-08独立核验上述来源正文；适用范围限model_scope。旧媒体未逐项核图，本审计不覆盖原媒体字段；参见media_review。,,,,,HON-F03,指关节圈选任意门,44,https://www.honor.com/cn/phones/honor-magic8-series/tips/
HON-E033,honor,截屏缩略图拖入任意门,YOYO,MagicOS 9,官方支持页适用荣耀X70,中国大陆,机型/版本限定,分享／拖拽,截屏缩略图 → 任意门,拖动缩略图至边缘服务,触控,截图或裁剪区域,截图裁切,截图裁切 | 拖拽投喂,截图路由,目标服务接收截图,与HON-E020点击截图下方推荐服务的入口动作不同；服务是否AI需单独确认。,SRC-015,A,截取当前屏幕 | 需要局部内容时先编辑裁剪 | 长按缩略图并拖至边缘的目标服务 | 松手后在接收服务中继续操作,,VISUAL_GAP_SOURCE_LINK_ONLY,VIDEO_GAP,截至2026-09-08独立核验上述来源正文；适用范围限model_scope。本行未逐项核对主流程媒体；新增行暂标视觉/视频GAP。,,,,,HON-F03,指关节圈选任意门,44,https://www.honor.com/cn/support/content/zh-cn15882095/
HON-E006,honor,选中文字拖入任意门,YOYO,MagicOS 9.0,荣耀X70中国大陆机型；MagicOS 9.0,中国大陆,机型/版本限定,分享／拖拽,文本选区到屏幕边缘,选中文字后长按拖至左右边缘,触控/按键 | 手势,选中的文字,文本选择,文本选择 | 拖拽投喂,导航 | 日程/笔记 | 分享,推荐服务或 App 直达,需任意门与相关服务已开启；不是所有界面都能直接选中文字。,SRC-015,A,选中页面文字 | 再次长按选中文字并拖至屏幕左侧或右侧 | 继续拖到需要的服务并松手,HN39-02,有界面/功能示意（见媒体边界）,LOCAL_CLIP,截至2026-09-08独立核验上述来源正文；适用范围限model_scope。旧媒体未逐项核图，本审计不覆盖原媒体字段；参见media_review。,,,,,HON-F04,拖拽任意门,45,https://www.honor.com/cn/support/content/zh-cn15882095/ | https://www.honor.com/cn/phones/honor-magic8-series/tips/
HON-E007,honor,图片拖入任意门,YOYO,MagicOS 9.0,荣耀X70中国大陆机型；MagicOS 9.0,中国大陆,机型/版本限定,分享／拖拽,支持的图片界面 → 屏幕边缘任意门,长按对象拖至左右边缘,触控/按键 | 手势,被长按选中的图片,拖拽投喂,拖拽投喂,图片分享 | 对象服务,任意门动作,文件拖放另列；无法选中内容时使用截屏缩略图路径。,SRC-015,A,长按支持界面中的图片 | 拖至屏幕左右边缘唤起任意门 | 拖到目标服务后松手,HN39-01,有界面/功能示意（见媒体边界）,LOCAL_CLIP,截至2026-09-08独立核验上述来源正文；适用范围限model_scope。旧媒体未逐项核图，本审计不覆盖原媒体字段；参见media_review。,,,,,HON-F04,拖拽任意门,45,https://www.honor.com/cn/support/content/zh-cn15882095/ | https://www.honor.com/cn/phones/honor-magic8-series/tips/
HON-E032,honor,文件拖入任意门,YOYO,MagicOS 9,官方支持页适用荣耀X70；其他机型另核,中国大陆,机型/版本限定,分享／拖拽,文件列表 → 任意门,长按文件拖至边缘服务,触控,选中的文件,拖拽投喂,拖拽投喂,文件路由,目标服务接收文件,路由功能本身不等于生成式AI；接收服务能力另行判断。,SRC-015,A,在支持拖动的应用中打开文件列表 | 长按文件并拖向屏幕左右边缘 | 移至任意门目标服务后松手 | 在接收服务中继续操作,,VISUAL_GAP_SOURCE_LINK_ONLY,VIDEO_GAP,截至2026-09-08独立核验上述来源正文；适用范围限model_scope。本行未逐项核对主流程媒体；新增行暂标视觉/视频GAP。,,,,,HON-F04,拖拽任意门,45,https://www.honor.com/cn/support/content/zh-cn15882095/
HON-E012,honor,YOYO看见拍照／图片问答,YOYO,MagicOS 10,荣耀WIN系列中国大陆手机版本，具体功能以该机型菜单为准,中国大陆,机型/版本限定,相机实景,YOYO看见拍照界面,YOYO面板 > 看见 > 拍照/导入图片,触控 | 视觉,静态拍摄或导入图片,混合方式,混合方式 | 相机取景 | 点击对象 | 圈选／框选,识物 | 拍照翻译 | 文字提取 | 扫描,视觉问答,新技巧页称YOYO看见；旧拍照问是历史名称。当前仅验证此面板路径，其他入口需逐条列明。,HON-AUD-S006,A,唤醒YOYO智能体 | 点击进入YOYO看见 | 拍照或导入图片 | 选择识物、翻译、文字提取等任务,,VISUAL_GAP_SOURCE_LINK_ONLY,VIDEO_GAP,截至2026-09-08独立核验上述来源正文；适用范围限model_scope。旧媒体未逐项核图，本审计不覆盖原媒体字段；参见media_review。,,,,,HON-F05,照片识物与Magic文本,44,https://www.honor.com/cn/phones/honor-win/tips/
HON-E016,honor,图片Magic文本识别,YOYO,MagicOS 10,荣耀Power中国大陆机型，MagicOS 10,中国大陆,机型/版本限定,辅助功能,图片查看器,点击图片文本图标或长按文字区域,触控,当前图片中的文字,文本选择,文本选择,文字提取 | 关联服务,文字与动作列表,部分语种；原智慧视觉统称被收窄，相机扫描与截图OCR另有路径。,HON-AUD-S004,A,打开图片，点击文本图标再选Magic文本，或单指长按图片文字 | 拖动光标选择文本 | 选择复制、分享或下划线文本关联服务,,VISUAL_GAP_SOURCE_LINK_ONLY,VIDEO_GAP,截至2026-09-08独立核验上述来源正文；适用范围限model_scope。旧媒体未逐项核图，本审计不覆盖原媒体字段；参见media_review。,,,,,HON-F05,照片识物与Magic文本,44,https://www.honor.com/cn/support/content/zh-cn15891092/
HON-E028,honor,图库自然语言搜图,YOYO,MagicOS 10,荣耀WIN系列中国大陆手机版本，具体功能以该机型菜单为准,中国大陆,机型/版本限定,原生应用 AI,图库搜索框,图库 > 相册 > 搜索框输入描述,文字,图库搜索,无指代,无指代,本机照片/视频语义检索,匹配媒体列表,以WIN技巧页为明确机型证据；不外推所有荣耀图库。,HON-AUD-S006,A,进入图库 > 相册 | 在搜索框描述目标画面 | 按照片、文字、视频等分类查看匹配结果,,VISUAL_GAP_SOURCE_LINK_ONLY,VIDEO_GAP,截至2026-09-08独立核验上述来源正文；适用范围限model_scope。旧媒体未逐项核图，本审计不覆盖原媒体字段；参见media_review。,,,,,HON-F06,图库自然语言搜图,44,https://www.honor.com/cn/phones/honor-win/tips/
HON-E009,honor,三指下滑保存YOYO记忆,YOYO,MagicOS 10,荣耀Magic8系列中国大陆机型；对应玩机技巧所示版本，功能可能需更新,中国大陆,机型/版本限定,识屏与圈选,任意支持界面,三指下滑,手势,当前屏幕,整屏隐式指代,整屏隐式指代,内容保存 | 解析 | 生成待办/日程,写入 YOYO 记忆,联网及最新YOYO记忆支持；不是所有机型同功能。,SRC-065 | SRC-013,A,打开要保存的图片、网页、视频或文档 | 三指下滑屏幕 | 进入YOYO记忆检查内容 | 需要日程时打开AI解读并确认添加,HM17-01,有界面/功能示意（见媒体边界）,LOCAL_CLIP,V17核图：三指下滑文档，出现已记住胶囊并停留文档。原MED-V011短片5–15.48秒是语音日程支线，不能证明三指收录。,,,,,HON-F07,YOYO记忆,46,https://www.honor.com/cn/phones/honor-magic8-series/tips/ | https://www.honor.com/cn/magic-os/ | https://www.honor.com/content/dam/honor/cn/product/smartphone/honor-magic8-series/tips/imgs/list1/video/list101.mp4
HON-E031,honor,AI键保存YOYO记忆,YOYO,MagicOS 10；AI键动作可配置,Magic8系列等具有AI键并支持YOYO记忆的中国大陆手机,中国大陆,机型/版本限定,物理按键,侧面AI键,按绑定YOYO记忆的AI键,触控,当前屏幕,主动上下文,主动上下文,屏幕内容收录,内容保存至YOYO记忆,需支持机型、对应系统/应用版本及相关权限；本轮未实机复核。,SRC-065 | HON-AUD-S010,A,打开待保存内容 | 按已配置的AI键 | 在YOYO记忆中查看收录结果,,VISUAL_GAP_SOURCE_LINK_ONLY,VIDEO_GAP,截至2026-09-08独立核验上述来源正文；适用范围限model_scope。本行未逐项核对主流程媒体；新增行暂标视觉/视频GAP。,,,,,HON-F07,YOYO记忆,46,https://www.honor.com/cn/phones/honor-magic8-series/tips/ | https://www.honor.com/cn/support/content/zh-cn15887011/
HON-E040,honor,YOYO对话记住当前内容,YOYO,MagicOS 10 / Magic8系列官方技巧；片内精确build未标,荣耀Magic8系列中国大陆机型；对应玩机技巧所示版本，功能可能需更新,中国大陆,机型/版本限定,助手对话,已唤起的YOYO对话,在YOYO对话中输入“帮我记住这个日程”等记忆请求,语音 | 文本,当前屏幕,整屏隐式指代,整屏隐式指代,内容保存 | 解析 | 生成待办/日程,收录结果提示可见，未验证后台持久化,这是记录意图的对话入口，不重复计算通用YOYO唤醒方式。原教程记忆卡与日历的星期标注不一致；未演示日历添加确认或准确性验证。,SRC-065,A,先在当前内容唤起YOYO | 在对话中要求记住这个日程 | 核对记忆卡；教程返回桌面后打开日历,MED-V011,有界面/功能示意（见媒体边界）,LOCAL_CLIP,V17官方tips收录记忆段及原片核查；与通用唤醒分开，按内容提交入口记录。,,,,,HON-F07,YOYO记忆,46,https://www.honor.com/cn/phones/honor-magic8-series/tips/ | https://www.honor.com/content/dam/honor/cn/product/smartphone/honor-magic8-series/tips/imgs/list1/video/list101.mp4
HON-E041,honor,支持应用收藏同步YOYO记忆,YOYO,MagicOS 10 / Magic8系列官方技巧；片内精确build未标,荣耀Magic8系列中国大陆机型；对应玩机技巧所示版本，功能可能需更新,中国大陆,机型/版本限定,分享／拖拽,支持App的收藏按钮,点击应用内收藏星标,触控,当前屏幕,点击对象,点击对象,内容保存 | 解析 | 生成待办/日程,收录结果提示可见，未验证后台持久化,仅支持的应用及配置；原教程为荣耀俱乐部收藏。首次配置未展示；后续环保文章摘要是另一条内容，不能当同一收藏的结果。,SRC-065,A,在已支持同步的应用打开内容 | 点击收藏星标 | 核对收藏成功与YOYO记忆通知,HM17-02,有界面/功能示意（见媒体边界）,LOCAL_CLIP,V17官方tips收录记忆段及原片核查；与通用唤醒分开，按内容提交入口记录。,,,,,HON-F07,YOYO记忆,46,https://www.honor.com/cn/phones/honor-magic8-series/tips/ | https://www.honor.com/content/dam/honor/cn/product/smartphone/honor-magic8-series/tips/imgs/list1/video/list101.mp4
HON-E011,honor,YOYO建议服务卡（快递示例）,YOYO,MagicOS 10,荣耀WIN系列中国大陆手机版本，具体功能以该机型菜单为准,中国大陆,机型/版本限定,通知／卡片／主动建议,桌面／负一屏YOYO建议卡,物流事件后点击提醒卡,系统主动 | 触控,系统推断的当前情境,主动上下文,主动上下文,快递提醒 | 服务直达,建议卡片或直达服务,不同服务需不同账号/应用；未显示取件码时需额外点查看。,HON-AUD-S006,A,开启提醒方式和所需位置权限 | 有物流更新时查看桌面/负一屏卡 | 点击卡片或查看取件码,,VISUAL_GAP_SOURCE_LINK_ONLY,VIDEO_GAP,截至2026-09-08独立核验上述来源正文；适用范围限model_scope。旧媒体未逐项核图，本审计不覆盖原媒体字段；参见media_review。,,,,,HON-F08,YOYO情境服务卡,47,https://www.honor.com/cn/phones/honor-win/tips/
HON-E013,honor,输入框／选中文字AI帮写,YOYO,MagicOS 10,荣耀Magic8系列中国大陆机型；对应玩机技巧所示版本，功能可能需更新,中国大陆,机型/版本限定,键盘与选中文本菜单,文本编辑上下文菜单,长按输入框/选中文字 > AI帮写,触控,当前输入框、选中文字或用户创作要求,文本选择,文本选择,创作 | 改写 | 摘要 | 翻译,文本建议或替换,不同平台支持情况与文案创作入口有差异。,SRC-065,A,在支持场景长按输入框或选中文字 | 点击AI帮写并选择创作/润色等任务 | 核对生成内容后选择替换或插入原文,,VISUAL_GAP_SOURCE_LINK_ONLY,VIDEO_GAP,截至2026-09-08独立核验上述来源正文；适用范围限model_scope。旧媒体未逐项核图，本审计不覆盖原媒体字段；参见media_review。,,,,,HON-F09,AI帮写,48,https://www.honor.com/cn/phones/honor-magic8-series/tips/
HON-E023,honor,荣耀文档AI生成PPT,YOYO,MagicOS 10,荣耀Magic8系列中国大陆机型；对应玩机技巧所示版本，功能可能需更新,中国大陆,机型/版本限定,原生应用 AI,手机荣耀文档,荣耀文档 > AI文档 > 生成PPT,触控 | 文字,当前文档,无指代,无指代,基于文档生成PPT | PPT内容修改,可编辑演示文稿,手机官方技巧已明确支持，不应因另有PC版PPT大师就误删；来源不支持无条件任意格式导出。,SRC-065,A,在荣耀文档打开要转换的文档 | 点击AI文档 | 输入生成PPT要求或点击生成PPT | 选择模板并生成 | 打开结果按需进行AI修改,MED-V014,有界面/功能示意（见媒体边界）,LOCAL_CLIP,截至2026-09-08独立核验上述来源正文；适用范围限model_scope。旧媒体未逐项核图，本审计不覆盖原媒体字段；参见media_review。,,,,,HON-F10,荣耀文档生成PPT,48,https://www.honor.com/cn/phones/honor-magic8-series/tips/ | https://www.honor.com/content/dam/honor/cn/product/smartphone/honor-magic8-series/tips/imgs/list1/video/list106.mp4
HON-E024,honor,荣耀笔记AI会议纪要,YOYO,MagicOS 9.0,HON-AUD-S001列出的支持机型，包括Magic7/6/5、400、X70等；不等于全部荣耀,中国大陆,机型/版本限定,原生应用 AI,荣耀笔记,笔记内AI笔记 > AI会议纪要,触控,笔记内录制的会议与转写,点击对象,点击对象,生成会议纪要 | 笔记整理,结构化会议纪要,官方要求正文内容大于200字；并非任意空白笔记或极短录音都可生成。,HON-AUD-S001,A,会议中使用荣耀笔记录音 | 会后在该笔记打开AI笔记 | 点击AI会议纪要并选择类型 | 生成后插入原文或存为新笔记 | 保存笔记,HN39-03 | HN39-04,VISUAL_GAP_SOURCE_LINK_ONLY,LOCAL_CLIP,截至2026-09-08独立核验上述来源正文；适用范围限model_scope。旧媒体未逐项核图，本审计不覆盖原媒体字段；参见media_review。,,,,,HON-F11,AI帮记与会议纪要,49,https://www.honor.com/cn/support/content/zh-cn15868680/ | https://www.honor.com/cn/honor-esg/tech-for-good/
HON-E034,honor,AI侧边栏进入AI帮记,YOYO,MagicOS 10；按WIN系列玩机指南,荣耀WIN系列支持机型；页面未给出统一最低小版本,中国大陆,机型/版本限定,系统侧边栏,AI侧边栏 → AI帮记悬浮窗,侧边栏点击AI帮记,触控,当前会议或播放的音频,主动上下文,主动上下文 | 点击对象,会议转写 | 会议摘要,转写、录音及会后纪要,需联网；官方明确侧边栏项目但本页未说明呼出侧边栏的精确手势，不补写左/右/长按方向。,HON-AUD-S006,A,在当前界面呼出AI侧边栏并点击AI帮记 | 在悬浮窗选择收音方式并开启录制或语音转文本 | 会议结束后到笔记检查纪要,,VISUAL_GAP_SOURCE_LINK_ONLY,VIDEO_GAP,截至2026-09-08独立核验上述来源正文；适用范围限model_scope。本行未逐项核对主流程媒体；新增行暂标视觉/视频GAP。,,,,,HON-F11,AI帮记与会议纪要,49,https://www.honor.com/cn/phones/honor-win/tips/
HON-E035,honor,桌面快捷方式进入AI帮记,YOYO,MagicOS 10；按WIN系列玩机指南,荣耀WIN系列支持机型,中国大陆,机型/版本限定,桌面与搜索,桌面AI帮记快捷方式,点击已添加的快捷方式,触控,待记录的会议或音频,主动上下文,主动上下文 | 点击对象,音频记录与整理,录音、转写和纪要,需联网并完成桌面快捷方式添加；不代表默认预装在桌面。,HON-AUD-S006,A,打开设置 > 荣耀AI & YOYO > AI帮记并开启 | 点击添加创建桌面快捷方式 | 从桌面打开AI帮记 | 设置收音方式并开启记录，结束后到笔记检查结果,,VISUAL_GAP_SOURCE_LINK_ONLY,VIDEO_GAP,截至2026-09-08独立核验上述来源正文；适用范围限model_scope。本行未逐项核对主流程媒体；新增行暂标视觉/视频GAP。,,,,,HON-F11,AI帮记与会议纪要,49,https://www.honor.com/cn/phones/honor-win/tips/
HON-E026,honor,AI翻译应用对话／同传,YOYO,MagicOS 10,荣耀Magic8系列中国大陆机型；对应玩机技巧所示版本，功能可能需更新,中国大陆,机型/版本限定,锁屏／控制中心,实用工具 > AI翻译,打开AI翻译并选模式,触控 | 语音,用户提供的对话或待翻译音频,无指代,无指代 | 点击对象,对话翻译 | 同声传译,字幕或译音,官方确认应用入口；旧表悬浮入口/屏幕翻译未由此页确认，已去除；需联网，支持部分语种。,SRC-065,A,在桌面实用工具中打开AI翻译 | 选择对话翻译或同声传译 | 设置源语言与目标语言 | 点击开始；完成后点击结束,MED-V016,有界面/功能示意（见媒体边界）,LOCAL_CLIP,截至2026-09-08独立核验上述来源正文；适用范围限model_scope。旧媒体未逐项核图，本审计不覆盖原媒体字段；参见media_review。,,,,,HON-F12,面对面对话与同传,48,https://www.honor.com/cn/phones/honor-magic8-series/tips/ | https://www.honor.com/content/dam/honor/cn/product/smartphone/honor-magic8-series/tips/imgs/list5/video/list502.mp4
HON-E015,honor,AI通话助理打字回复,YOYO,MagicOS 10,Magic8等HON-AUD-S002所列中国大陆手机；需对应AI通话菜单,中国大陆,机型/版本限定,原生应用 AI,系统通话AI接听,AI接听 > 通话字幕,触控 | 文字,当前电话,无指代,无指代,打字转语音回复 | 实时通话转写,收到对方语音的转写文字；输入回复转换为语音发送,删除原把翻译、代接、摘要合成一个入口的泛化；识别受口音、语速、噪声影响。,HON-AUD-S002,A,来电或拨号时点击AI接听 > 通话字幕 | 输入文字并发送给对方听 | 需要时退出回到语音通话,,VISUAL_GAP_SOURCE_LINK_ONLY,VIDEO_GAP,截至2026-09-08独立核验上述来源正文；适用范围限model_scope。旧媒体未逐项核图，本审计不覆盖原媒体字段；参见media_review。,,,,,HON-F13,AI接听与文字回复,50,https://www.honor.com/cn/support/content/zh-cn15886177/
HON-E038,honor,条件触发AI自动接听,YOYO,MagicOS 10,以AI通话助理支持页列示手机为准,中国大陆,机型/版本限定,通知／卡片／主动建议,系统来电及后台接听,来电满足用户配置的条件,系统主动 | 触控配置,符合规则的来电,主动上下文,主动上下文,自动接听,AI应答与通话记录,需支持机型、对应系统/应用版本及相关权限；本轮未实机复核。,HON-AUD-S002,A,在设置 > 荣耀AI & YOYO > AI通话 > AI通话中开启功能 | 进入AI自动接听并设置等待时长、号码类型或免打扰条件 | 满足条件的来电可不手动接听 | 事后打开AI通话记录检查结果,,VISUAL_GAP_SOURCE_LINK_ONLY,VIDEO_GAP,截至2026-09-08独立核验上述来源正文；适用范围限model_scope。本行未逐项核对主流程媒体；新增行暂标视觉/视频GAP。,,,,,HON-F13,AI接听与文字回复,50,https://www.honor.com/cn/support/content/zh-cn15886177/
HON-E039,honor,通话记录进入AI纪要,YOYO,MagicOS 10,以AI通话助理支持页列示手机为准,中国大陆,机型/版本限定,原生应用 AI,电话 → AI通话记录详情,点击AI通话纪要,触控,选中的AI通话记录,点击对象,点击对象,通话摘要 | 笔记留存,生成纪要并可导出笔记,需支持机型、对应系统/应用版本及相关权限；本轮未实机复核。,HON-AUD-S002,A,完成AI通话后打开通知，或进入电话菜单中的AI通话记录 | 选择对应记录并点击AI通话纪要 | 需要留存时点击导出至笔记,,VISUAL_GAP_SOURCE_LINK_ONLY,VIDEO_GAP,截至2026-09-08独立核验上述来源正文；适用范围限model_scope。本行未逐项核对主流程媒体；新增行暂标视觉/视频GAP。,,,,,HON-F13,AI接听与文字回复,50,https://www.honor.com/cn/support/content/zh-cn15886177/
HON-E036,honor,通话界面进入通话翻译,YOYO,MagicOS 10；按WIN系列玩机指南,荣耀WIN系列支持机型,中国大陆,机型/版本限定,原生应用 AI,系统电话通话界面,通话中点击通话翻译,触控,当前通话,主动上下文,主动上下文 | 无指代,通话翻译,双方语言实时转译及播报,支持语种和界面以设备实际显示为准；不能将对话翻译App与通话翻译混为同一入口。,HON-AUD-S006,A,接通电话后点击通话翻译 | 设置双方语言 | 继续交谈并查看或收听译文,,VISUAL_GAP_SOURCE_LINK_ONLY,VIDEO_GAP,截至2026-09-08独立核验上述来源正文；适用范围限model_scope。本行未逐项核对主流程媒体；新增行暂标视觉/视频GAP。,,,,,HON-F14,通话翻译,50,https://www.honor.com/cn/phones/honor-win/tips/
HON-E030,honor,AI通话反诈提示,系统安全／YOYO,MagicOS 10,荣耀400/400 Pro中国大陆机型，MagicOS 10；无相关菜单则不支持,中国大陆,机型/版本限定,通知／卡片／主动建议,系统通话风险提示,已开启后在支持通话中自动检测并提示,系统主动,支持的通话场景,无指代,无指代,诈骗话术/变声检测提示,警告与处置建议,普通话、部分应用；第三方语音通话只检测变声，不能进行诈骗话术检测；不能宣称全通道同能力。,HON-AUD-S005,A,接听陌生号码电话 | 出现风险提示时查看并另行核实,,VISUAL_GAP_SOURCE_LINK_ONLY,VIDEO_GAP,截至2026-09-08独立核验上述来源正文；适用范围限model_scope。旧媒体未逐项核图，本审计不覆盖原媒体字段；参见media_review。,,,,,HON-F15,反诈提示与主动检测,50,https://www.honor.com/cn/support/content/zh-cn15887690/
HON-E037,honor,YOYO情境提示条启动反诈检测,YOYO,MagicOS 10,官方支持页列示荣耀400、400 Pro,中国大陆,机型/版本限定,原生应用 AI,YOYO情境反诈提示条,导航唤醒后点击检测提示条,触控,当前通话、视频或直播,主动上下文,主动上下文 | 无指代,主动反诈检测,对应场景的检测结果,第三方语音通话仅变声检测，不支持诈骗话术检测；系统陌生电话可检测变声和话术；不可视作真实性保证。,HON-AUD-S005,A,先开启YOYO助理 | 在受支持的通话、视频或直播场景长按导航条或三键主屏幕按钮唤醒 | 点击出现的反诈检测提示条 | 查看检测结果,,VISUAL_GAP_SOURCE_LINK_ONLY,VIDEO_GAP,截至2026-09-08独立核验上述来源正文；适用范围限model_scope。本行未逐项核对主流程媒体；新增行暂标视觉/视频GAP。,,,,,HON-F15,反诈提示与主动检测,50,https://www.honor.com/cn/support/content/zh-cn15887690/
HON-E014,honor,图库魔法修图AI消除,YOYO,MagicOS 10,荣耀Magic8系列中国大陆机型；对应玩机技巧所示版本，功能可能需更新,中国大陆,机型/版本限定,原生应用 AI,图库编辑器,图库 > 魔法修图 > AI消除,手势 | 触控,图库编辑器,圈选／框选,圈选／框选 | 自动对象识别,路人/杂物消除 | 反光消除,保存消除处理后的图片,其他生成编辑工具不可统一共享此消除入口证据。,SRC-065,A,打开图库中的照片 | 进入魔法修图 > AI消除 | 圈选、涂抹或选用相应消除模式 | 对比效果后保存,MED-V015,有界面/功能示意（见媒体边界）,LOCAL_CLIP,截至2026-09-08独立核验上述来源正文；适用范围限model_scope。旧媒体未逐项核图，本审计不覆盖原媒体字段；参见media_review。,,,,,HON-F16,图库魔法修图,50,https://www.honor.com/cn/phones/honor-magic8-series/tips/ | https://www.honor.com/content/dam/honor/cn/product/smartphone/honor-magic8-series/tips/imgs/list3/video/list301.mp4
HON-E042,honor,当前图片购物建议,YOYO,Magic7系列官网历史动画；画面日期2024-10-21；具体系统/build未显示,官方教程手机示意；具体演示机型及系统build未显示,中国大陆官网／简体中文演示,历史官方示意；具体机型/系统build未核,识屏与上下文服务,当前图片下方的YOYO购物建议,图库图片已打开 > 长按导航条唤起YOYO > 点购同款平台,触控,当前图库图片；未手动圈选对象,混合方式,整屏隐式指代 | 自动对象识别,识别图片商品 | 查看相似商品 | 切换购物平台,停在相似商品列表；未演示返回,识别来自当前图片；未出现圈选或手动抠图。示意片不用于比较实际耗时。 Magic7官方历史动画；2024日期画面，build未标。未购买、未关闭浮条、未返回图库；非真机计时。,HON43-S01,A,图片 → 长按导航条 | 点购物平台 → 查看 → 切平台 | 停在相似商品列表；未演示返回,HN43-01,SOURCE_FRAMES_AVAILABLE,LOCAL_CLIP,官方操作动画观察；不作为现版真机测试或任务耗时数据。,A,official_instruction_animation,[LOCAL_SOURCE_NOT_INCLUDED]/mobile-ai-interactions-v2/sources/HON43-S01-magic7-yoyo.mp4,V43,HON-F17,当前图片购物建议,51,https://www.honor.com/cn/phones/honor-magic7-series/tips/002/
HON-E043,honor,分屏图文对话,YOYO,Magic V6官网承载；画面日期2025-06-27；实际演示机型与系统/build未核，不作为V6现版实测,官方教程手机示意；具体演示机型及系统build未显示,中国大陆官网／简体中文演示,历史官方示意；具体机型/系统build未核,分屏图文对话,YOYO浮层的分屏对话按钮,YOYO浮层已打开 > 点分屏对话,触控 | 语音,当前图库图片；未手动圈选对象,混合方式,整屏隐式指代 | 对话指代,图片问答 | 分屏查看 | 连续追问,保持分屏；关闭与回图库未展示,原片未画出最初唤醒手势；分屏图文对话与「YOYO 看见」视频通话分别记录。 V6官网承载2025日期折叠屏动画；实际机型/build未核。只证明分屏按钮与追问点击，不证明导航条唤醒；退出未展示。 12.466667秒末帧已有下一次追问的示意手指，未见第三轮发送气泡；仍在分屏。,HON43-S03,A,YOYO 浮层 → 分屏对话 | 保留图片 → 提问 → 点建议追问 | 保持分屏；关闭与回图库未展示,HN43-02,SOURCE_FRAMES_AVAILABLE,LOCAL_CLIP,官方操作动画观察；不作为现版真机测试或任务耗时数据。,A,official_instruction_animation,[LOCAL_SOURCE_NOT_INCLUDED]/mobile-ai-interactions-v2/sources/HON43-S03-v6-yoyo.mp4,V43,HON-F18,分屏图文对话,52,https://www.honor.com/cn/phones/honor-magic-v6/tips/
HUA-E001,huawei,语音唤醒小艺,小艺,HarmonyOS 5.0及以上；唤醒需机型支持与设置,中国大陆华为手机；仅限引用文档明确支持的系统、机型及应用版本，不外推到平板、PC或全系手机；AI模型型号未核定。,中国大陆,正式可用（文档限定范围）,语音唤醒,系统全局,完成语音唤醒录入后说“小艺小艺”,语音,系统全局；具体上下文见flow_steps,混合方式,混合方式,问答 | 设备控制,问答／设备控制；结果及限制见步骤与limitations,隐私空间等场景、麦克风被占用或环境噪声可能限制唤醒；自定义词需具体机型支持，不能写全系可定制。,SRC-022,A,对手机说“小艺小艺” | 出现唤醒反馈后说出需求,IMG-001,有界面/功能示意（见媒体边界）,VIDEO_GAP,SRC-022明确设置与唤醒步骤；去掉未经逐机型证明的通用自定义唤醒词。,,,,,HUA-F01,小艺全局唤醒,54,https://consumer.huawei.com/cn/support/content/zh-cn16013467/
HUA-E002,huawei,长按电源键唤醒小艺,小艺,HarmonyOS 5.0及以上；支持电源键唤醒的手机,中国大陆华为手机；仅限引用文档明确支持的系统、机型及应用版本，不外推到平板、PC或全系手机；AI模型型号未核定。,中国大陆,正式可用（文档限定范围）,物理按键,机身电源键,开启开关后长按电源键0.5秒,触控 | 语音,机身电源键；具体上下文见flow_steps,混合方式,混合方式,问答 | 设备控制,问答／设备控制；结果及限制见步骤与limitations,电源键承担多种系统操作；这里只证明官方0.5秒唤醒路线，不等于独立AI专键。,SRC-022,A,长按电源键0.5秒唤醒小艺 | 输入或说出需求,IMG-001,有界面/功能示意（见媒体边界）,VIDEO_GAP,SRC-022正文明确0.5秒；N-H07仅是Mate XTs 5.1机型补充，不可扩大硬件支持范围。,,,,,HUA-F01,小艺全局唤醒,54,https://consumer.huawei.com/cn/support/content/zh-cn16013467/
HUA-E003,huawei,长按小艺导航条唤醒,小艺,HarmonyOS 5.0及以上；手势导航模式,中国大陆华为手机；仅限引用文档明确支持的系统、机型及应用版本，不外推到平板、PC或全系手机；AI模型型号未核定。,中国大陆,正式可用（文档限定范围）,导航条／Home,底部小艺导航条,长按屏幕底部小艺导航条,触控 | 语音 | 文本,底部小艺导航条；具体上下文见flow_steps,混合方式,混合方式,问答 | 设备控制,问答／设备控制；结果及限制见步骤与limitations,三键导航不显示小艺导航条；拖给小艺、双击伴随式和长按唤醒是不同触发。,N-H05,A,长按底部导航条 | 在弹出的小艺对话中说出或输入需求,IMG-146 | HW38-01,有界面/功能示意（见媒体边界）,LOCAL_CLIP,N-H05是直接入口证据；去掉原能力映射中的拖拽/识屏能力混算。,,,,,HUA-F01,小艺全局唤醒,54,https://consumer.huawei.com/cn/support/content/zh-cn16010331/
HUA-E004,huawei,蓝牙耳机双击唤醒小艺,小艺,HarmonyOS 5.0及以上；兼容耳机,中国大陆华为手机；仅限引用文档明确支持的系统、机型及应用版本，不外推到平板、PC或全系手机；AI模型型号未核定。,中国大陆,正式可用（文档限定范围）,物理按键,已连接耳机,开启蓝牙设备唤醒后双击兼容耳机,触控 | 语音,已连接耳机；具体上下文见flow_steps,混合方式,混合方式,问答 | 设备控制,问答／设备控制；结果及限制见步骤与limitations,不是任意耳机长按；不把小艺帮接或随口记算作此触发的默认能力。,SRC-022,A,双击兼容耳机唤醒小艺 | 听到反馈后说出需求,,VISUAL_GAP_SOURCE_LINK_ONLY,VIDEO_GAP,通用官方唤醒文档证明双击路线；随口记专用长按另建HUA-E061。,,,,,HUA-F01,小艺全局唤醒,54,https://consumer.huawei.com/cn/support/content/zh-cn16013467/
HUA-E033,huawei,指定锁屏主题中的小艺星环,小艺,HarmonyOS 6.0.0.108及以上；主题1.0.23及以上，小艺最新版本,中国大陆华为手机；仅限引用文档明确支持的系统、机型及应用版本，不外推到平板、PC或全系手机；AI模型型号未核定。,中国大陆,正式可用（文档限定范围）,锁屏／控制中心,锁屏快捷区,应用受支持锁屏主题后点击小艺星环，再点击或按住语音栏说话,触控 | 语音,锁屏快捷区；具体上下文见flow_steps,混合方式,混合方式,锁屏语音互动,锁屏语音互动；结果及限制见步骤与limitations,仅特定主题和机型体验，不是任意锁屏助手入口；不能用来证明锁屏下任意App任务执行。,AUD-HUA-S017,A,在受支持主题锁屏点击小艺星环 | 点击或按住出现的语音栏，说出支持的关键词,AUDIMG-254 | AUDIMG-253 | AUDIMG-252 | AUDIMG-251 | AUDIMG-250 | AUDIMG-249 | AUDIMG-248 | AUDIMG-247 | AUDIMG-246 | AUDIMG-245,有界面/功能示意（见媒体边界）,VIDEO_GAP,2026-09-08独立核对官方正文。覆盖旧的笼统版本、触发及能力表述；本条为桌面研究，未完成实机测试。 V36据AUD-HUA-S017正文纠正：按住动作作用于语音栏，星环本身为点击。,,,,,HUA-F01,小艺全局唤醒,54,https://consumer.huawei.com/cn/support/content/zh-cn16070867/
HUA-E005,huawei,桌面打开小艺App主对话首页,小艺,HarmonyOS 6.0及以上；小艺11.7.7.210及以上的首页改版,中国大陆华为手机；仅限引用文档明确支持的系统、机型及应用版本，不外推到平板、PC或全系手机；AI模型型号未核定。,中国大陆,正式可用（文档限定范围）,桌面与搜索,小艺 App,点击桌面小艺图标,触控 | 文本 | 语音,小艺 App；具体上下文见flow_steps,混合方式,混合方式,问答,问答；结果及限制见步骤与limitations,App改版有独立最低版本；HM7个性化推荐与HOTA单列HUA-E035，不能把全部改版都算HM7首创。,AUD-HUA-S001 | N-H01,A,点击桌面的小艺图标 | 在主对话首页点击输入框或语音入口 | 输入或说出需求并查看回答,H7-V01,官方功能示意，设备形态见媒体,LOCAL_CLIP,主页改版支持文档证明主对话作为首页；V01仅作当前官网改版示意。,,,,,HUA-F02,首页侧栏与智能体广场,55,https://consumer.huawei.com/cn/support/content/zh-cn16034494/ | https://consumer.huawei.com/cn/harmonyos-7/ | https://consumer.huawei.com/content/dam/huawei-cbg-site/cn/mkt/harmonyos-7/video/xiaoyi/new-xiaoyi-1.mp4
HUA-E037,huawei,侧边栏智能体列表与智能体广场,小艺／对应华为原生应用助手,独立智能体：5.0及以上／小艺11.2.10.310及以上；新侧栏11.7.7.210及以上,手机；按App版本支持。标注小艺官方的为官方智能体；小艺实验室可能接入第三方模型，不能都称盘古或端侧模型。,中国大陆,正式可用（文档限定范围）,原生应用 AI,小艺侧边栏与智能体广场,点击最近智能体，或打开智能体广场搜索,触控 | 文本 | 语音,小艺侧边栏与智能体广场,混合方式,混合方式,智能体发现 | 专用对话,智能体发现／专用对话；具体可确认结果见flow_steps与limitations,默认展示最近3个；小艺官方与小艺实验室服务提供方有区别。智能体独立会话、主对话内技能、新建话题不能当同一概念。,AUD-HUA-S001 | AUD-HUA-S005,A,在小艺主对话打开侧栏 | 点击最近使用的智能体；未找到时进入智能体广场并搜索 | 打开目标智能体，在其独立会话中提问 | 需要时在侧栏置顶常用智能体或移除记录,AUDIMG-170 | AUDIMG-148 | AUDIMG-145 | AUDIMG-144 | AUDIMG-143 | AUDIMG-142 | AUDIMG-140 | AUDIMG-139 | AUDIMG-138 | AUDIMG-137 | AUDIMG-136 | AUDIMG-135 | AUDIMG-134 | AUDIMG-133 | AUDIMG-132 | AUDIMG-131 | AUDIMG-130 | AUDIMG-129 | AUDIMG-128 | AUDIMG-089 | AUDIMG-088,有界面/功能示意（见媒体边界）,VIDEO_GAP,2026-09-08独立官方证据审核；确切范围见evidence_ids、version与limitations。UX为桌研推断。,,,,,HUA-F02,首页侧栏与智能体广场,55,https://consumer.huawei.com/cn/support/content/zh-cn16034494/ | https://consumer.huawei.com/cn/support/content/zh-cn16033473/
HUA-E038,huawei,小艺Claw移动端入口与家居任务,小艺／对应华为原生应用助手,侧栏入口按小艺11.7.7.210及以上；HM7家居演示部分待HOTA,中国大陆HM7适配手机与已添加到智慧生活的智能家居设备；V05手机具体型号未标。AI模型部署/型号未核定。,中国大陆,公测／官方演示，部分待HOTA,原生应用 AI,小艺侧栏 > 小艺Claw,打开侧栏点击小艺Claw并提出任务,触控 | 文本 | 语音,小艺侧栏 > 小艺Claw,混合方式,混合方式,家居任务编排,家居任务编排；具体可确认结果见flow_steps与limitations,官网家居示例仅支持已添加进智慧生活App的智能设备，部分功能待HOTA；V05未展示初次进入Claw手势，该步骤由侧栏文档补证；不证明任意手机App自动操作。,AUD-HUA-S001 | N-H01,B,打开小艺主对话侧栏并点击小艺Claw | 在会话中提出需要完成的家居任务 | 查看任务步骤和执行反馈 | 检查已接入的家居设备是否达到预期状态,H7-V05,官方功能示意，设备形态见媒体,LOCAL_CLIP,2026-09-08独立官方证据审核；确切范围见evidence_ids、version与limitations。UX为桌研推断。,,,,,HUA-F03,小艺Claw执行与结束,56,https://consumer.huawei.com/cn/support/content/zh-cn16034494/ | https://consumer.huawei.com/cn/harmonyos-7/ | https://consumer.huawei.com/content/dam/huawei-cbg-site/cn/mkt/harmonyos-7/video/xiaoyi/xiaoyi-power-4.mp4
HUA-E032,huawei,小艺侧边栏进入小艺任务,小艺,首页改版：6.0及以上／小艺11.7.7.210及以上；HM7截至9月8日已公测,中国大陆华为手机；仅限引用文档明确支持的系统、机型及应用版本，不外推到平板、PC或全系手机；AI模型型号未核定。,中国大陆,正式可用（文档限定范围）,原生应用 AI,小艺,小艺主对话左上打开侧栏后点击小艺任务,触控,小艺；具体上下文见flow_steps,混合方式,混合方式,任务管理,任务管理；结果及限制见步骤与limitations,纠正原称HM7未上线；能进入列表不等于支持任意App自动代理。小艺帮帮忙、Claw和小艺任务分别记录。,AUD-HUA-S001 | AUD-HUA-S002 | AUD-HUA-S027,A,打开小艺App | 点击左上侧边栏按钮 | 点击小艺任务并查看任务列表 | 按任务列表已有操作管理任务,AUDIMG-315 | AUDIMG-314 | AUDIMG-313 | AUDIMG-312 | HT21-01,有界面/功能示意（见媒体边界）,LOCAL_MP4_HISTORICAL_PATH,2026-09-08独立核对官方正文。覆盖旧的笼统版本、触发及能力表述；本条为桌面研究，未完成实机测试。,,,,,HUA-F30,小艺任务管理与删除,57,https://consumer.huawei.com/cn/support/content/zh-cn16034494/ | https://consumer.huawei.com/cn/support/content/zh-cn16103427/ | https://consumer.huawei.com/cn/support/content/zh-cn16073233/ | https://www.bilibili.com/video/BV1T51yBDEvA/
HUA-E060,huawei,手机负一屏接收电脑小艺Claw任务动态,小艺／对应华为原生应用助手,手机6.0.0.328及以上；负一屏15.0.22.300及以上；需关联电脑Claw账号,手机负责动态展示；任务在电脑Claw侧运行，需分别满足设备与账号条件。,中国大陆,正式可用（文档限定范围）,通知／卡片／主动建议,手机负一屏动态,关联账号后点击电脑Claw任务动态,触控,手机负一屏动态,混合方式,混合方式,跨端结果查看,跨端结果查看；具体可确认结果见flow_steps与limitations,手机接收电脑任务结果；不能用本条证明手机能执行PC软件操作或拥有完整电脑Claw。,AUD-HUA-S019,A,在手机桌面进入负一屏 | 找到电脑Claw任务动态并点击查看,AUDIMG-256 | AUDIMG-257 | AUDIMG-261 | AUDIMG-265 | CL21-ASSOC | CL21-CARD | CL21-DETAIL | CL21-STOP | CL21-CONFIRM | CL21-REOPEN,有界面/功能示意（见媒体边界）,VIDEO_GAP,2026-09-08独立官方证据审核；确切范围见evidence_ids、version与limitations。UX为桌研推断。,,,,,HUA-F31,负一屏Claw消息关联,58,https://consumer.huawei.com/cn/support/content/zh-cn16093160/
HUA-E059,huawei,小艺生成任务后台运行与完成提示回流,小艺／对应华为原生应用助手,支持页标题7.0，正文6.1及以上／小艺11.7.7.300及以上,中国大陆华为手机；严格按引用支持页的系统、机型和App版本适配。跨端示例另标；AI模型型号与部署位置未核定。,中国大陆,正式可用（文档限定范围）,通知／卡片／主动建议,生成中对话、系统完成提示,生成中上滑返回桌面或切换应用，完成后点击提示,触控,生成中对话、系统完成提示,混合方式,混合方式,后台生成 | 任务结果回流,后台生成／任务结果回流；具体可确认结果见flow_steps与limitations,仅手势导航；锁屏不支持；正文提示位置描述不一致，不硬写固定顶部或底部；不等于任意应用代理长期后台执行。,AUD-HUA-S020,A,在小艺对话中发起支持后台完成的生成任务 | 生成过程中上滑返回桌面或切换到其他应用 | 任务完成后点击系统显示的提示胶囊 | 回到小艺查看结果,AUDIMG-266 | AUDIMG-267 | HB19-REPLYING | HB19-RUNNING | HB19-COMPLETE | HB19-RETURN | HB19-STATUS | HB19-COMPLETE-RETURN,LOCAL_IMAGE_FLOW,VIDEO_GAP,2026-09-08独立官方证据审核；确切范围见evidence_ids、version与limitations。UX为桌研推断。,,,,,HUA-F04,生成任务后台回流,59,https://consumer.huawei.com/cn/support/content/zh-cn16115008/
HUA-E009,huawei,双击导航条进入伴随式AI,小艺,HarmonyOS 6.1.0.115及以上；7.0相关增强另标,中国大陆；Pura X Max、Pura X Max典藏版、Pura X View；总页适配表不能直接外推到所有子功能。最低6.1.0.115，7.0增强另标；模型型号未核定。,中国大陆,机型限定,导航条／Home,底部小艺导航条,开启伴随式AI开关后双击底部导航条,触控,底部小艺导航条；具体上下文见flow_steps,混合方式,混合方式,伴随对话面板,伴随对话面板；结果及限制见步骤与limitations,分屏/多窗及游戏、相机等场景会退出或不支持；不能泛化为全部华为手机。,SRC-023,A,双击底部导航条打开伴随式AI | 按需要调整为大窗、小窗或极简态 | 切换到需要协助的受支持应用继续操作,IMG-002 | IMG-003 | HW39-01,有界面/功能示意（见媒体边界）,LOCAL_CLIP,纠正旧机型范围，加入当前总页明确列出的Pura X View；不可把所有子功能继承同一适配表。,,,,,HUA-F05,双击导航条开启伴随,60,https://consumer.huawei.com/cn/support/content/zh-cn16094008/
HUA-E011,huawei,伴随式AI长按收音球／收音条,小艺,6.1.0.115及以上；伴随式AI支持机型,中国大陆；Pura X Max、Pura X Max典藏版、Pura X View；总页适配表不能直接外推到所有子功能。最低6.1.0.115，7.0增强另标；模型型号未核定。,中国大陆,机型限定,语音唤醒,伴随式 AI 浮层,在伴随式面板长按收音球或收音条说话,触控 | 语音,伴随式 AI 浮层；具体上下文见flow_steps,混合方式,混合方式,语音问答,语音问答；结果及限制见步骤与limitations,必须先进入伴随式AI；不能写成系统全局长按任意区域收音。,SRC-023,A,双击导航条打开伴随式AI | 在小窗/大窗长按收音球或收音条；极简态先点击导航条 | 按住时说出需求并查看回答,IMG-003,有界面/功能示意（见媒体边界）,VIDEO_GAP,2026-09-08独立核对官方正文。覆盖旧的笼统版本、触发及能力表述；本条为桌面研究，未完成实机测试。,,,,,HUA-F05,双击导航条开启伴随,60,https://consumer.huawei.com/cn/support/content/zh-cn16094008/
HUA-E010,huawei,伴随式AI单次识别屏幕按钮,小艺,HarmonyOS 6.1.0.115及以上；限定伴随式机型,中国大陆；Pura X Max、Pura X Max典藏版、Pura X View；总页适配表不能直接外推到所有子功能。最低6.1.0.115，7.0增强另标；模型型号未核定。,中国大陆,机型限定,识屏与圈选,伴随式 AI 浮层,伴随式AI面板内点击识别屏幕,触控 | 文本 | 语音,伴随式 AI 浮层；具体上下文见flow_steps,混合方式,混合方式,屏幕理解,屏幕理解；结果及限制见步骤与limitations,单次识屏只分析当前截图；微信、QQ、卓易通/出境易等不提供自动识屏，可按文档走单次授权路线；不等于后台持续监听。,SRC-023 | SRC-024,A,在支持机型中双击导航条打开伴随式AI | 进入需要分析的应用页面 | 点击伴随式AI的识别屏幕按钮；按提示授权 | 查看建议或补充提问,IMG-009 | IMG-010,有界面/功能示意（见媒体边界）,VIDEO_GAP,SRC-023/024分别说明手动与自动路径，不可混写为每个App自动理解。,,,,,HUA-F06,单次识屏与主动建议,61,https://consumer.huawei.com/cn/support/content/zh-cn16094008/ | https://consumer.huawei.com/cn/support/content/zh-cn16093961/
HUA-E012,huawei,伴随式AI主动建议与服务卡片,小艺,6.1.0.115及以上；智能填表为7.0增强,中国大陆；Pura X Max、Pura X Max典藏版、Pura X View；总页适配表不能直接外推到所有子功能。最低6.1.0.115，7.0增强另标；模型型号未核定。,中国大陆,机型限定,通知／卡片／主动建议,伴随式 AI 浮层,在支持应用中看到建议后点击服务卡片,触控 | 屏幕上下文,伴随式 AI 浮层；具体上下文见flow_steps,混合方式,混合方式,场景服务建议,场景服务建议；结果及限制见步骤与limitations,6.1自动分析仅限图库、小红书、去哪儿详情页及所列浏览器等；多个链接/地址/口令等默认首项，选择弹窗为后续版本；打车仍需选车型并确认。,SRC-023 | SRC-024,A,开启伴随式AI并打开支持的内容页面 | 阅读识别后出现的话题或服务建议 | 检查建议指向的地址、航班等对象，再点击需要的卡片 | 在目标服务检查预填内容并按需确认操作,AUDIMG-311 | IMG-010,有界面/功能示意（见媒体边界）,VIDEO_GAP,2026-09-08独立核对官方正文。覆盖旧的笼统版本、触发及能力表述；本条为桌面研究，未完成实机测试。,,,,,HUA-F06,单次识屏与主动建议,61,https://consumer.huawei.com/cn/support/content/zh-cn16094008/ | https://consumer.huawei.com/cn/support/content/zh-cn16093961/
HUA-E019,huawei,小艺通话中的伴随式AI主动建议,小艺,6.1.0.115及以上；伴随式AI支持机型,中国大陆；Pura X Max、Pura X Max典藏版、Pura X View；总页适配表不能直接外推到所有子功能。最低6.1.0.115，7.0增强另标；模型型号未核定。,中国大陆,机型限定,通知／卡片／主动建议,电话,小艺通话中双击导航条进入伴随态，点击相关建议,触控 | 通话语音,电话；具体上下文见flow_steps,混合方式,混合方式,通话场景信息建议,通话场景辅助；结果及限制见步骤与limitations,SRC-023限定小艺通话中的伴随态信息建议；不等于所有电话自动转写、不等于帮接。未逐通话类型实测。,SRC-023,A,在支持机型使用小艺通话 | 双击导航条进入伴随式AI | 通话谈到联系人、短信或日程等内容时查看出现的服务建议 | 点击需要的建议并核对信息,IMG-014 | IMG-015,有界面/功能示意（见媒体边界）,VIDEO_GAP,2026-09-08独立核对官方正文。覆盖旧的笼统版本、触发及能力表述；本条为桌面研究，未完成实机测试。,,,,,HUA-F06,单次识屏与主动建议,61,https://consumer.huawei.com/cn/support/content/zh-cn16094008/
HUA-E045,huawei,HM7伴随式AI内圈选提问,小艺／对应华为原生应用助手,HarmonyOS 7.0及以上；伴随式AI支持机型,中国大陆；Pura X Max、Pura X Max典藏版、Pura X View；总页适配表不能直接外推到所有子功能。最低6.1.0.115，7.0增强另标；模型型号未核定。,中国大陆,公测／机型限定,识屏与圈选,伴随式AI,在伴随式AI中圈选内容后选话题或工具,触控 | 文本 | 语音,伴随式AI,混合方式,混合方式,定向屏幕理解,定向屏幕理解；具体可确认结果见flow_steps与limitations,文档仅支持7.0增强；不把指关节圈选手势自动套到伴随式圈选控件。,SRC-023,A,在适配机型中打开伴随式AI | 按伴随式界面提供的圈选操作选中目标区域 | 点击圈选后出现的话题或工具 | 在展开的大窗中查看结果或补充问题,,VISUAL_GAP_SOURCE_LINK_ONLY,VIDEO_GAP,2026-09-08独立官方证据审核；确切范围见evidence_ids、version与limitations。UX为桌研推断。,,,,,HUA-F07,鸿蒙7圈选与智能填表,62,https://consumer.huawei.com/cn/support/content/zh-cn16094008/
HUA-E046,huawei,HM7伴随式AI利用帮记智能填表,小艺／对应华为原生应用助手,HarmonyOS 7.0及以上；伴随式AI支持机型及表单,中国大陆；Pura X Max、Pura X Max典藏版、Pura X View；总页适配表不能直接外推到所有子功能。最低6.1.0.115，7.0增强另标；模型型号未核定。,中国大陆,公测／机型限定,通知／卡片／主动建议,表单页面与伴随式AI建议,表单中点击智能填表建议,触控,表单页面与伴随式AI建议,混合方式,混合方式,信息预填,信息预填；具体可确认结果见flow_steps与limitations,用户点击才触发；未证明所有表单均支持，更不证明自动提交。,SRC-024 | AUD-HUA-S003,A,在受支持页面打开表单并保持伴随式AI可用 | 点击出现的智能填表建议 | 检查填入内容并自行决定是否提交,,VISUAL_GAP_SOURCE_LINK_ONLY,VIDEO_GAP,2026-09-08独立官方证据审核；确切范围见evidence_ids、version与limitations。UX为桌研推断。,,,,,HUA-F07,鸿蒙7圈选与智能填表,62,https://consumer.huawei.com/cn/support/content/zh-cn16093961/ | https://consumer.huawei.com/cn/support/content/zh-cn16091809/
HUA-E013,huawei,小艺看世界（实时相机对话）,小艺,正文要求HarmonyOS 5.1及以上；6.0入口有变化,中国大陆华为手机；仅限引用文档明确支持的系统、机型及应用版本，不外推到平板、PC或全系手机；AI模型型号未核定。,中国大陆,正式可用（文档限定范围）,相机实景,小艺 Live,唤醒后说“小艺你看”或点击通话/视频入口开启摄像头,触控 | 语音 | 摄像头,小艺 Live；具体上下文见flow_steps,混合方式,混合方式,实时视觉问答,实时视觉问答；结果及限制见步骤与limitations,5.1需通过通话再开启摄像头；不把页头5.0范围当正文最低版本；英文Live不是已核定官方名称。,SRC-025,A,唤醒小艺并说“小艺你看”；或6.0及以上半屏点击右下视频图标，全屏从右上通话进入摄像头 | 把摄像头对准要询问的对象 | 说出问题，可打断回答继续问 | 结束时点击挂断；需要时关闭麦克风,MED-V021,有界面/功能示意（见媒体边界）,LOCAL_CLIP,2026-09-08独立核对官方正文。覆盖旧的笼统版本、触发及能力表述；本条为桌面研究，未完成实机测试。,,,,,HUA-F08,小艺看世界实时对话,63,https://consumer.huawei.com/cn/support/content/zh-cn16053374/ | https://consumer.huawei.com/content/dam/huawei-cbg-site/cn/mkt/mobileservices/celia-2026/videos/chat/huawei-celia-visual-video.mp4
HUA-E006,huawei,指关节圈选后问问小艺／识图搜索,小艺,HarmonyOS 5.0及以上；支持指关节圈选的手机,中国大陆华为手机；仅限引用文档明确支持的系统、机型及应用版本，不外推到平板、PC或全系手机；AI模型型号未核定。,中国大陆,正式可用（文档限定范围）,识屏与圈选,任意支持界面,指关节敲击并圈出屏幕内容，再点结果操作,触控 | 文本 | 语音,任意支持界面；具体上下文见flow_steps,混合方式,混合方式,屏幕理解 | 视觉搜索 | 截图分享 | 根据圈选内容提供服务建议 | 跳转银行待确认转账页,官方演示指纹登录验证成功并进入预填转账页；未提交付款,隐私保护页面、横屏等场景受限；圈选后仍需选择操作，不等于自动完成任务。 V28历史演示不证明每个字段均由AI独立填写；验证成功仅指登录，不是转账成功。保存/分享圈选图仍为原文档支线，未在新片执行。,SRC-020 | N-H06 | HW28-S01,A,在聊天等页面用指关节圈住目标内容 | 点击问问小艺；历史视频展示转账与记银行帐号建议 | 点击转账，进入银行并按提示验证指纹 | 核对预填转账字段；视频停在下一步前，未支付或返回,IMG-149 | IMG-150 | HW28-01,来源完整帧与手机局部；历史演示按版本标注,LOCAL_CLIP,SRC-020与SRC-068为同一页面；只用前者，不能据此证明系统选中文字菜单。,,,,,HUA-F09,指关节圈选问小艺,64,https://consumer.huawei.com/cn/support/content/zh-cn16023699/ | https://consumer.huawei.com/cn/support/content/zh-cn16021520/ | https://consumer.huawei.com/cn/harmonyos-next/
HUA-E022,huawei,双指长按小艺识屏,小艺,HarmonyOS 5.0及以上；部分能力5.1恢复,中国大陆华为手机；仅限引用文档明确支持的系统、机型及应用版本，不外推到平板、PC或全系手机；AI模型型号未核定。,中国大陆,正式可用（文档限定范围）,识屏与圈选,任意支持界面,开启识屏后双指长按页面，再选具体工具,触控 | 屏幕上下文,任意支持界面；具体上下文见flow_steps,混合方式,混合方式,屏幕识别 | 图片翻译 | 视觉搜索,屏幕识别／图片翻译／视觉搜索；结果及限制见步骤与limitations,5.0不支持原有图片提取/滚屏翻译等部分功能，5.1有恢复；识物/购物整合到搜索，不能把历史工具当现行全部独立入口。,N-H03 | N-H04 | N-H06,A,双指长按目标页面 | 选择目标对象并点击识图搜索；或选择全屏翻译气泡，未显示时展开更多 | 检查结果，按需要调整对象再操作,IMG-141 | IMG-143,有界面/功能示意（见媒体边界）,VIDEO_GAP,2026-09-08独立核对官方正文。覆盖旧的笼统版本、触发及能力表述；本条为桌面研究，未完成实机测试。,,,,,HUA-F10,双指／智控键识屏,65,https://consumer.huawei.com/cn/support/content/zh-cn16017476/ | https://consumer.huawei.com/cn/support/content/zh-cn16013447/ | https://consumer.huawei.com/cn/support/content/zh-cn16021520/
HUA-E066,huawei,Mate70智控键双触小艺识屏,小艺／华为原生应用,Mate70系列官方2025-01-17教程；画面HarmonyOS NEXT，具体build未标,官方视频题名Mate70系列；画面为HarmonyOS NEXT，非独立真机实测,中国大陆；按来源列明手机与版本适配,机型限定／历史官方教学,物理按键,侧边指纹键 / AI智控键,完成指纹与快捷功能配置后，双触侧边指纹键直达小艺识屏,侧键双触,侧边指纹键 / AI智控键,整屏隐式指代,整屏隐式指代,屏幕识别 | 全屏翻译 | 识图搜索入口,仍在识屏/翻译界面；未展示关闭、返回或任务终止,Mate70系列官方教学动画/界面示范，不是双指长按或长按电源键；不外推所有手机/鸿蒙7。先配置再使用为不同阶段；视频识屏、翻译可见，不把识图搜索按钮当搜索执行。不包含相邻相机或地图示例。,HW28-S04,A,在目标页面双触侧边指纹键，展开小艺识屏 | 官方演示全屏翻译前后；识图搜索为显示的入口，未演示独立搜索结果 | 仍在识屏/翻译界面；未展示关闭、返回或任务终止,HW28-05 | HW28-06,来源完整帧与手机局部；历史演示按版本标注,LOCAL_CLIP,V28：本地官方正文与独立review；新clip由new-clips按feature_ids自动映射。,,,,,HUA-F10,双指／智控键识屏,65,https://www.bilibili.com/video/BV1hjcZe3ERK/
HUA-E007,huawei,拖给小艺导航条,小艺,HarmonyOS 5.0及以上；手势导航且应用支持拖拽,中国大陆华为手机；仅限引用文档明确支持的系统、机型及应用版本，不外推到平板、PC或全系手机；AI模型型号未核定。,中国大陆,正式可用（文档限定范围）,分享／拖拽,文本、图片或文件到导航条,长按选中内容并拖至底部小艺导航条,触控 | 文本 | 语音,文本、图片或文件到导航条；具体上下文见flow_steps,混合方式,混合方式,内容问答 | 图文文件理解 | 选中文本地址记忆,地址记下回执与记忆卡；旧文档支线知识库成功回执；未退出,支持图库、浏览器、文件管理、备忘录、畅连及部分第三方应用；三键悬浮导航不支持该拖拽路线，不能写任意App。,SRC-021 | HW28-S01,A,在支持应用内长按文字、图片或文件，选择目标 | 持续按住目标，将其拖到屏幕底部小艺导航条 | 松手交给小艺后输入或说出处理要求,MED-V018 | HW28-02,来源完整帧与手机局部；历史演示按版本标注,LOCAL_CLIP,SRC-021直接说明投放目标与应用范围；和HUA-E008是同一能力的不同投放面。,,,,,HUA-F11,拖给导航条与输入框,66,https://consumer.huawei.com/cn/support/content/zh-cn16010332/ | https://consumer.huawei.com/cn/harmonyos-next/ | https://182.cdn-vod.huaweicloud.com/asset/cc3c69b2dd3e3eaa6b78d93845b704b9/93e49de0a6fc75999bcca5673d486227.mp4
HUA-E008,huawei,拖给小艺输入框,小艺,HarmonyOS 5.0及以上；支持的应用与可见小艺对话,中国大陆华为手机；仅限引用文档明确支持的系统、机型及应用版本，不外推到平板、PC或全系手机；AI模型型号未核定。,中国大陆,正式可用（文档限定范围）,分享／拖拽,小艺输入框,将选中的文本、图片或文件拖至小艺输入框,触控 | 文本 | 语音,小艺输入框；具体上下文见flow_steps,混合方式,混合方式,内容问答 | 图文文件理解,内容问答／图文文件理解；结果及限制见步骤与limitations,需要输入框可达；并非所有应用支持拖拽。与导航条拖入共享能力，不独立计为新增AI能力。,SRC-021,A,打开小艺对话并准备支持应用中的目标内容 | 长按选中的文字、图片或文件，将其拖到小艺输入框 | 松手后补充处理要求并发送,MED-V018,有界面/功能示意（见媒体边界）,LOCAL_CLIP,保留不同投放面的入口记录，related_entry_ids指向HUA-E007，不能当两种AI能力。,,,,,HUA-F11,拖给导航条与输入框,66,https://consumer.huawei.com/cn/support/content/zh-cn16010332/ | https://182.cdn-vod.huaweicloud.com/asset/cc3c69b2dd3e3eaa6b78d93845b704b9/93e49de0a6fc75999bcca5673d486227.mp4
HUA-E015,huawei,HM7导航条主动服务：复制后跳转,小艺,HarmonyOS 7首批公测；具体机型与服务以适配为准,中国大陆华为手机；仅限引用文档明确支持的系统、机型及应用版本，不外推到平板、PC或全系手机；AI模型型号未核定。,中国大陆,公测／官方演示,通知／卡片／主动建议,导航条／桌面卡片,复制受支持口令、地址或链接后点击导航条建议,触控 | 剪贴板,导航条／桌面卡片；具体上下文见flow_steps,混合方式,混合方式,剪贴板服务跳转,剪贴板服务跳转；结果及限制见步骤与limitations,H7-V02仅示范淘宝口令复制到商品页，不证明完成购买；隐私声明的端侧页面特征/剪贴板处理不能泛化为所有小艺数据均端侧。,N-H01 | SRC-026,B,在聊天等页面长按目标内容 | 点击复制 | 查看底部导航条出现的匹配服务提示 | 点击提示跳转目标应用，再核对目标内容,H7-V02,官方功能示意，设备形态见媒体,LOCAL_CLIP,2026-09-08独立核对官方正文。覆盖旧的笼统版本、触发及能力表述；本条为桌面研究，未完成实机测试。,,,,,HUA-F12,鸿蒙7复制与连续翻译,67,https://consumer.huawei.com/cn/harmonyos-7/ | https://privacy-dre.dbankcdn.com/agreement/scope/huawei/hmosvassistant/privacy-statement/cn_b0_20260530_0/default/privacy-statement-zh-cn.htm | https://consumer.huawei.com/content/dam/huawei-cbg-site/cn/mkt/harmonyos-7/video/xiaoyi/xiaoyi-power-1.mp4
HUA-E039,huawei,HM7导航条连续翻译外文文档,小艺／对应华为原生应用助手,HarmonyOS 7公测；具体应用与机型待适配确认,中国大陆华为手机；严格按引用支持页的系统、机型和App版本适配。跨端示例另标；AI模型型号与部署位置未核定。,中国大陆,公测／官方已宣布,通知／卡片／主动建议,外文文档页面底部导航条,浏览外文文档时点击导航条翻译建议,触控,外文文档页面底部导航条,混合方式,混合方式,连续文档翻译,连续文档翻译；具体可确认结果见flow_steps与limitations,官方页明确此路线，但本次V02只展示复制跳转；没有连续翻译视频或实机覆盖证明，不得套用V02配图。,N-H01,B,打开受支持的外文文档 | 出现导航条翻译提示时点击 | 继续浏览并检查连续翻译内容,,VISUAL_GAP_SOURCE_LINK_ONLY,VIDEO_GAP,2026-09-08独立官方证据审核；确切范围见evidence_ids、version与limitations。UX为桌研推断。,,,,,HUA-F12,鸿蒙7复制与连续翻译,67,https://consumer.huawei.com/cn/harmonyos-7/
HUA-E014,huawei,小艺帮记：语音记一下,小艺,HarmonyOS 5.1及以上；小艺11.5.2.300及以上,中国大陆华为手机；仅限引用文档明确支持的系统、机型及应用版本，不外推到平板、PC或全系手机；AI模型型号未核定。,中国大陆,正式可用（文档限定范围）,识屏与圈选,小艺／当前内容,唤醒小艺后说“记一下”及内容,语音,小艺／当前内容；具体上下文见flow_steps,混合方式,混合方式,个人记忆,个人记忆；结果及限制见步骤与limitations,帮记承接旧记忆/知识库，非HM7首发；跨设备同步的通用FAQ与nova16SE宣传冲突，不能承诺普遍同步。,AUD-HUA-S003 | AUD-HUA-S004,A,唤醒小艺 | 说“记一下”并讲述要保存的内容 | 检查保存结果，需要时进入帮记修改或检索,AUDIMG-126 | AUDIMG-096 | AUDIMG-094 | MED-V022,有界面/功能示意（见媒体边界）,LOCAL_CLIP,2026-09-08独立核对官方正文。覆盖旧的笼统版本、触发及能力表述；本条为桌面研究，未完成实机测试。,,,,,HUA-F13,帮记屏幕与口述,68,https://consumer.huawei.com/cn/support/content/zh-cn16091809/ | https://consumer.huawei.com/cn/support/content/zh-cn16010214/ | https://consumer.huawei.com/content/dam/huawei-cbg-site/cn/mkt/mobileservices/celia-2026/videos/chat/huawei-celia-partner-video.mp4
HUA-E023,huawei,AI智控键双轻触小艺帮记（需配置）,小艺,小艺帮记5.1及以上；需支持AI智控键的手机及对应设置,中国大陆华为手机；仅限引用文档明确支持的系统、机型及应用版本，不外推到平板、PC或全系手机；AI模型型号未核定。,中国大陆,机型限定,物理按键,可配置机身按键,把AI智控键双轻触设为帮记后双轻触,物理按键 | 屏幕上下文,可配置机身按键；具体上下文见flow_steps,混合方式,混合方式,个人记忆,个人记忆；结果及限制见步骤与limitations,不能泛化为所有手机统一AI键；畅享X键是另一硬件与配置路径，单列HUA-E044。,AUD-HUA-S003,A,显示要保存的内容 | 双轻触AI智控键 | 检查保存结果,AUDIMG-102 | AUDIMG-098,有界面/功能示意（见媒体边界）,VIDEO_GAP,2026-09-08独立核对官方正文。覆盖旧的笼统版本、触发及能力表述；本条为桌面研究，未完成实机测试。,,,,,HUA-F13,帮记屏幕与口述,68,https://consumer.huawei.com/cn/support/content/zh-cn16091809/
HUA-E040,huawei,小艺帮记：语音收藏当前屏幕,小艺／对应华为原生应用助手,HarmonyOS 5.1及以上；小艺11.5.2.300及以上,中国大陆华为手机；严格按引用支持页的系统、机型和App版本适配。跨端示例另标；AI模型型号与部署位置未核定。,中国大陆,正式可用（文档限定范围）,识屏与圈选,当前屏幕与小艺,显示目标内容后唤醒并说收藏屏幕内容,语音 | 屏幕上下文,当前屏幕与小艺,混合方式,混合方式,屏幕记忆,屏幕记忆；具体可确认结果见flow_steps与limitations,受支持内容和隐私页面限制；不能推成未经动作的全屏后台记忆。,AUD-HUA-S003,A,把要保存的内容显示在屏幕上 | 唤醒小艺并说收藏屏幕内容 | 检查保存提示 | 打开小艺帮记确认并按需整理,AUDIMG-097,有界面/功能示意（见媒体边界）,VIDEO_GAP,2026-09-08独立官方证据审核；确切范围见evidence_ids、version与limitations。UX为桌研推断。,,,,,HUA-F13,帮记屏幕与口述,68,https://consumer.huawei.com/cn/support/content/zh-cn16091809/
HUA-E044,huawei,畅享手机X键随手记／随口记,小艺／对应华为原生应用助手,小艺帮记文档所列畅享90系列X键路线；其他机型单独核验,中国大陆华为手机；严格按引用支持页的系统、机型和App版本适配。跨端示例另标；AI模型型号与部署位置未核定。,中国大陆,机型限定,物理按键,手机X键,按配置长按X键语音记，或双击X键保存屏幕,物理按键 | 语音 | 屏幕上下文,手机X键,混合方式,混合方式,个人记忆,个人记忆；具体可确认结果见flow_steps与limitations,畅享X键与AI智控键不是同一硬件；nova16SE特定介绍不能替代全系列适配表。,AUD-HUA-S003 | AUD-HUA-S028,A,需要语音记事时长按X键并说出内容 | 需要保存当前屏幕时显示内容并双击X键 | 进入帮记检查保存结果,,VISUAL_GAP_SOURCE_LINK_ONLY,VIDEO_GAP,2026-09-08独立官方证据审核；确切范围见evidence_ids、version与limitations。UX为桌研推断。,,,,,HUA-F13,帮记屏幕与口述,68,https://consumer.huawei.com/cn/support/content/zh-cn16091809/ | https://consumer.huawei.com/cn/support/content/zh-cn16110156/
HUA-E061,huawei,指定华为耳机长按随口记,小艺／对应华为原生应用助手,FreeClip2典藏版6.1.0.352+／FreeBudsPro5 6.1.0.308+；适配手机6.1.0.125SP9+；小艺11.6.3.363+,官方列Pura90、Pura X Max、nova16系列等适配手机与指定耳机组合；必须按原文逐型号/版本核对，不推及全部Pura/nova。,中国大陆,机型限定,物理按键,耳机AI快捷键,配置随口记后长按耳机并说出内容,物理按键 | 语音,耳机AI快捷键,混合方式,混合方式,个人记忆,个人记忆；具体可确认结果见flow_steps与limitations,仅中国大陆适配组合；不泛化到普通耳机唤醒，也不能把锁屏授权省去。,AUD-HUA-S018,A,长按已配置的耳机并说出要记录的内容 | 完成后在手机小艺帮记核对记录,AUDIMG-255,有界面/功能示意（见媒体边界）,VIDEO_GAP,2026-09-08独立官方证据审核；确切范围见evidence_ids、version与limitations。UX为桌研推断。,,,,,HUA-F13,帮记屏幕与口述,68,https://consumer.huawei.com/cn/support/content/zh-cn16101589/
HUA-E041,huawei,系统分享面板分享到小艺帮记,小艺／对应华为原生应用助手,HarmonyOS 5.1及以上；小艺11.5.2.300及以上,中国大陆华为手机；严格按引用支持页的系统、机型和App版本适配。跨端示例另标；AI模型型号与部署位置未核定。,中国大陆,正式可用（文档限定范围）,分享／拖拽,内容分享面板,内容分享 > 小艺帮记,触控,内容分享面板,混合方式,混合方式,内容收藏,内容收藏；具体可确认结果见flow_steps与limitations,依赖来源App提供兼容分享内容；不能宣称所有App分享对象都完整保留。,AUD-HUA-S003,A,在支持应用选择要保存的内容 | 点击分享并选择小艺帮记 | 按提示完成保存 | 进入帮记检查收藏内容,AUDIMG-099,有界面/功能示意（见媒体边界）,VIDEO_GAP,2026-09-08独立官方证据审核；确切范围见evidence_ids、version与limitations。UX为桌研推断。,,,,,HUA-F14,帮记分享与收藏同步,68,https://consumer.huawei.com/cn/support/content/zh-cn16091809/
HUA-E043,huawei,浏览器收藏自动加入小艺帮记,小艺／对应华为原生应用助手,HarmonyOS 5.1及以上；小艺帮记与华为浏览器支持版本,中国大陆华为手机；严格按引用支持页的系统、机型和App版本适配。跨端示例另标；AI模型型号与部署位置未核定。,中国大陆,正式可用（文档限定范围）,原生应用 AI,华为浏览器收藏,在已开启相关同步的浏览器中收藏内容,触控,华为浏览器收藏,混合方式,混合方式,网页收藏记忆,网页收藏记忆；具体可确认结果见flow_steps与limitations,文档此路径限定手机；这是浏览器收藏到帮记的内容同步，不能混成多设备帮记库全量同步。,AUD-HUA-S003,A,在浏览器收藏需要保留的网页 | 进入小艺帮记查看同步收藏内容,AUDIMG-100,有界面/功能示意（见媒体边界）,VIDEO_GAP,2026-09-08独立官方证据审核；确切范围见evidence_ids、version与limitations。UX为桌研推断。,,,,,HUA-F14,帮记分享与收藏同步,68,https://consumer.huawei.com/cn/support/content/zh-cn16091809/
HUA-E042,huawei,小艺帮记：添加资料并按范围提问,小艺／对应华为原生应用助手,HarmonyOS 5.1及以上；小艺11.5.2.300及以上；7.0增加全部分区类型筛选,中国大陆华为手机；严格按引用支持页的系统、机型和App版本适配。跨端示例另标；AI模型型号与部署位置未核定。,中国大陆,正式可用（文档限定范围）,原生应用 AI,小艺帮记内部,帮记加号添加资料，底部提问框发问,触控 | 文本 | 语音,小艺帮记内部,混合方式,混合方式,文件知识库 | 检索问答,文件知识库／检索问答；具体可确认结果见flow_steps与limitations,上传格式/容量另依页面，不能任意文档无限上传；问本机也涉及云端生成，不能等同全离线。,AUD-HUA-S003,A,从小艺侧栏或语音打开小艺帮记 | 点击加号，选择并添加资料；单次批量不超过10个 | 选择全局、收藏集或单条内容作为提问范围 | 在底部提问框发问，检查答案引用并打开原资料,AUDIMG-123 | AUDIMG-117 | AUDIMG-113 | AUDIMG-111 | AUDIMG-109 | AUDIMG-108 | AUDIMG-107 | AUDIMG-106 | AUDIMG-105 | AUDIMG-104 | AUDIMG-103 | AUDIMG-101 | AUDIMG-095 | AUDIMG-092,有界面/功能示意（见媒体边界）,VIDEO_GAP,2026-09-08独立官方证据审核；确切范围见evidence_ids、version与limitations。UX为桌研推断。,,,,,HUA-F15,资料库按范围提问,69,https://consumer.huawei.com/cn/support/content/zh-cn16091809/
HUA-E016,huawei,桌面小艺建议卡片进入小艺简报,小艺,HarmonyOS 6.0.0.115及以上；智慧分发5.11.9.400及以上,中国大陆华为手机；仅限引用文档明确支持的系统、机型及应用版本，不外推到平板、PC或全系手机；AI模型型号未核定。,中国大陆,正式可用（文档限定范围）,通知／卡片／主动建议,小艺／系统简报,点击桌面小艺建议卡片中的简报,触控,小艺／系统简报；具体上下文见flow_steps,混合方式,混合方式,个人简报,个人简报；结果及限制见步骤与limitations,微信/QQ消息不支持纳入摘要；睡眠等内容需相关穿戴设备与数据授权，不能写所有个人消息汇总。,AUD-HUA-S021,A,点击桌面小艺建议卡片中的简报 | 按需播放简报或查看具体内容,AUDIMG-272 | AUDIMG-271 | AUDIMG-270 | AUDIMG-268,有界面/功能示意（见媒体边界）,VIDEO_GAP,2026-09-08独立核对官方正文。覆盖旧的笼统版本、触发及能力表述；本条为桌面研究，未完成实机测试。,,,,,HUA-F16,小艺简报与搜索,69,https://consumer.huawei.com/cn/support/content/zh-cn16075819/
HUA-E020,huawei,桌面下滑小艺搜索,小艺,HarmonyOS 5.0及以上；7.0关闭机制另有变化,中国大陆华为手机；仅限引用文档明确支持的系统、机型及应用版本，不外推到平板、PC或全系手机；AI模型型号未核定。,中国大陆,正式可用（文档限定范围）,桌面与搜索,小艺／系统搜索,在桌面空白处下滑后输入查询,触控 | 文本,小艺／系统搜索；具体上下文见flow_steps,混合方式,混合方式,全局搜索,全局搜索；结果及限制见步骤与limitations,搜索结果不等于已打开任务；7.0无独立简单关闭该下滑入口的开关，注销小艺会影响关联数据，不能作为普通开关建议。,AUD-HUA-S015 | AUD-HUA-S016,A,回到桌面，在空白处向下滑 | 在小艺搜索框输入查询 | 检查本地或在线结果后点击需要的项,AUDIMG-244 | AUDIMG-243 | AUDIMG-242 | AUDIMG-241 | AUDIMG-240,有界面/功能示意（见媒体边界）,VIDEO_GAP,2026-09-08独立核对官方正文。覆盖旧的笼统版本、触发及能力表述；本条为桌面研究，未完成实机测试。,,,,,HUA-F16,小艺简报与搜索,69,https://consumer.huawei.com/cn/support/content/zh-cn16072368/ | https://consumer.huawei.com/cn/support/content/zh-cn16114834/
HUA-V2-E001,huawei,小艺帮记生成互动播客,小艺／对应华为原生应用助手,HarmonyOS 5.1及以上，小艺11.5.2.300及以上；依官方适配,中国大陆华为手机；严格按引用支持页的系统、机型和App版本适配。跨端示例另标；AI模型型号与部署位置未核定。,中国大陆,正式可用（文档限定范围）,原生应用 AI,小艺对话/小艺帮记的播客生成气泡,点击播客生成,触控 | 文本 | 语音,用户选择的文本、文章链接、文件或帮记内容,混合方式,无指代 | 点击对象,生成互动播客 | 播客播放与实时问答,生成后通过通知提醒；在播放页收听、提问或分享,内容素材不同，生成结果可能不同；示例设置与播放页内容不同，不能视为同一连续任务。图中未展示提问结果或退出。,AUD-HUA-S003,A,在小艺对话或小艺帮记点击播客生成 | 选择文本、链接、文件或帮记资料及篇幅，点击确认 | 收到生成完成通知后打开播客 | 播放页可暂停、调速、查看内容来源，或点击我要提问,AUDIMG-124 | AUDIMG-125,OFFICIAL_UI,VIDEO_GAP,2026-09-08独立官方证据审核；确切范围见evidence_ids、version与limitations。UX为桌研推断。,,,,,HUA-F29,帮记生成互动播客,70,https://consumer.huawei.com/cn/support/content/zh-cn16091809/
HUA-E058,huawei,手机版小艺慧记实时记录,小艺／对应华为原生应用助手,HarmonyOS 6.0及以上；支持页所列手机及版本,只采用手机小艺慧记支持文档的机型/版本；AUD-HUA-S023为电脑排除证据。手机端模型部署未核定。,中国大陆,正式可用（文档限定范围）,原生应用 AI,小艺慧记智能体,说打开小艺慧记，再点开始慧记,语音 | 触控 | 系统音频,小艺慧记智能体,混合方式,混合方式,实时转写 | 会议摘要 | 音频问答,实时转写／会议摘要／音频问答；具体可确认结果见flow_steps与limitations,手机版文档当前仅普通话，摘要需至少200字等条件；麦克风与扬声器均可能标本机。电脑7.0的英语、本地模型和模板不能移植到本条。,AUD-HUA-S011 | AUD-HUA-S023,A,唤醒小艺说打开小艺慧记；或从智能体广场进入 | 点击开始慧记，检查当前音源；默认系统音，需记录现场声音时另开麦克风 | 记录中按需添加笔记或截图、提问并跳回相应原文 | 结束后保存记录，查看摘要并按需导出,AUDIMG-217 | AUDIMG-215 | AUDIMG-213 | AUDIMG-212 | AUDIMG-211 | AUDIMG-210 | AUDIMG-209 | AUDIMG-208 | AUDIMG-207 | AUDIMG-206 | AUDIMG-204 | AUDIMG-203 | AUDIMG-202 | AUDIMG-201 | AUDIMG-200 | AUDIMG-199 | AUDIMG-198 | AUDIMG-197 | AUDIMG-196 | AUDIMG-194 | AUDIMG-193 | AUDIMG-192 | HUA-F17-readable-v4-start | HUA-F17-readable-v4-record-controls | HN19-CARD-TITLE | HN19-CARD-ACTIONS | HN19-DETAIL | HW39-02,LOCAL_IMAGE_FLOW,LOCAL_CLIP,2026-09-08独立官方证据审核；确切范围见evidence_ids、version与limitations。UX为桌研推断。,,,,,HUA-F17,小艺慧记,71,https://consumer.huawei.com/cn/support/content/zh-cn16073727/ | https://consumer.huawei.com/cn/support/content/zh-cn16115721/
HUA-E018,huawei,录音机：转文本后生成智能摘要,小艺,手机HarmonyOS 5.0.0.115及以上路线；4.3另有历史流程,中国大陆华为手机；仅限引用文档明确支持的系统、机型及应用版本，不外推到平板、PC或全系手机；AI模型型号未核定。,中国大陆,正式可用（文档限定范围）,原生应用 AI,录音机 > 录音文件,录音文件中先转文本，再点智能摘要,触控 | 音频文件,录音机 > 录音文件；具体上下文见flow_steps,混合方式,混合方式,录音转写 | 录音摘要,录音转写／录音摘要；结果及限制见步骤与limitations,转写与摘要均需云端处理；内容过短可能不支持摘要；官方建议多人说话不超过8人；备忘录润色没有同一入口证据，已移除混写。,AUD-HUA-S010,A,打开录音机，选择录音文件 | 点击转文本并开始转换 | 查看转写文本后点击智能摘要 | 检查结果并复制、分享或添加到文本,AUDIMG-191 | AUDIMG-189 | AUDIMG-188,有界面/功能示意（见媒体边界）,VIDEO_GAP,2026-09-08独立核对官方正文。覆盖旧的笼统版本、触发及能力表述；本条为桌面研究，未完成实机测试。,,,,,HUA-F18,录音机智能摘要,73,https://consumer.huawei.com/cn/support/content/zh-cn16042743/
HUA-E024,huawei,语音打开AI字幕并设置翻译,小艺,HarmonyOS 5.0及以上；手机端支持范围以字幕文档为准,中国大陆华为手机；仅限引用文档明确支持的系统、机型及应用版本，不外推到平板、PC或全系手机；AI模型型号未核定。,中国大陆,正式可用（文档限定范围）,辅助功能,控制中心／辅助功能,唤醒小艺说字幕或帮我听一下,语音 | 触控 | 系统音频,控制中心／辅助功能；具体上下文见flow_steps,混合方式,混合方式,实时字幕 | 翻译,实时字幕／翻译；结果及限制见步骤与limitations,本次证据未证明控制中心磁贴路线；字幕存在音源和语言限制。,AUD-HUA-S012,A,唤醒小艺，说打开字幕或帮我听一下 | 在字幕浮窗设置需要识别的媒体音源 | 按需选择英语、日语或韩语转中文并播放内容,AUDIMG-219,有界面/功能示意（见媒体边界）,VIDEO_GAP,2026-09-08独立核对官方正文。覆盖旧的笼统版本、触发及能力表述；本条为桌面研究，未完成实机测试。,,,,,HUA-F19,AI字幕与媒体翻译,73,https://consumer.huawei.com/cn/support/content/zh-cn16013025/
HUA-E029,huawei,小艺帮接后查看通话记录与摘要,小艺,6.0.0.120及以上；小艺11.3.11.300及以上,中国大陆华为手机；仅限引用文档明确支持的系统、机型及应用版本，不外推到平板、PC或全系手机；AI模型型号未核定。,中国大陆,正式可用（文档限定范围）,原生应用 AI,电话通话记录,点击帮接完成通知，或在电话通话记录中查看帮接详情,触控,电话通话记录；具体上下文见flow_steps,混合方式,混合方式,帮接记录,帮接记录；结果及限制见步骤与limitations,是帮接后的记录，不证明所有手动接听的电话都会自动总结；艺小灵声音还需7.0.0.035/小艺11.7.6.300，不能混作基础门槛。,AUD-HUA-S025,A,点击帮接结束通知；或电话 > 通话记录 > 对应记录详情 | 查看帮接文本与记录并按需联系来电人,AUDIMG-309 | AUDIMG-308 | AUDIMG-307 | AUDIMG-306 | AUDIMG-305,有界面/功能示意（见媒体边界）,VIDEO_GAP,2026-09-08独立核对官方正文。覆盖旧的笼统版本、触发及能力表述；本条为桌面研究，未完成实机测试。,,,,,HUA-F20,小艺帮接与通话摘要,74,https://consumer.huawei.com/cn/support/content/zh-cn16081676/
HUA-E062,huawei,小艺帮接：设置自动接听场景,小艺／对应华为原生应用助手,6.0.0.120及以上；小艺11.3.11.300及以上,中国大陆华为手机；严格按引用支持页的系统、机型和App版本适配。跨端示例另标；AI模型型号与部署位置未核定。,中国大陆,正式可用（文档限定范围）,原生应用 AI,设置 > 小艺 > 小艺通话 > 小艺帮接,设置满足条件的来电由小艺帮接,触控 | 文本 | 语音,设置 > 小艺 > 小艺通话 > 小艺帮接,混合方式,混合方式,来电代接,来电代接；具体可确认结果见flow_steps与limitations,艺小灵声音要求7.0.0.035/小艺11.7.6.300另算；生成答复不保证对方每种意图均被正确理解。,AUD-HUA-S025,A,进入设置 > 小艺 > 小艺通话 > 小艺帮接 | 新建或编辑自定义场景 | 设置何时、哪些来电、响铃条件及答复内容并保存 | 符合条件来电由小艺帮接，结束后查看通知或通话记录,AUDIMG-310 | AUDIMG-304 | AUDIMG-303 | AUDIMG-302 | AUDIMG-301 | AUDIMG-300 | AUDIMG-299 | AUDIMG-298 | AUDIMG-297 | AUDIMG-296 | AUDIMG-295 | AUDIMG-294,有界面/功能示意（见媒体边界）,VIDEO_GAP,2026-09-08独立官方证据审核；确切范围见evidence_ids、version与limitations。UX为桌研推断。,,,,,HUA-F20,小艺帮接与通话摘要,74,https://consumer.huawei.com/cn/support/content/zh-cn16081676/
HUA-E017,huawei,图库长按导航条一句话修图,小艺,HarmonyOS 6.0及以上；小艺11.3.9.320及以上,中国大陆华为手机；仅限引用文档明确支持的系统、机型及应用版本，不外推到平板、PC或全系手机；AI模型型号未核定。,中国大陆,正式可用（文档限定范围）,原生应用 AI,图库／小艺,图库打开照片后长按导航条并提出修图要求,触控 | 语音 | 文本 | 图片,图库／小艺；具体上下文见flow_steps,混合方式,混合方式,AI修图,AI修图；结果及限制见步骤与limitations,智能体还可从小艺内进入；支持应用有限，生成效果不保证每次一致，不能由全局入口推成全App编辑。,AUD-HUA-S006,A,在图库打开要编辑的照片 | 长按底部小艺导航条，说明修图要求 | 查看生成结果，按需要继续调整 | 进入图片详情并保存满意结果,AUDIMG-169 | AUDIMG-168 | AUDIMG-167 | AUDIMG-166 | AUDIMG-165 | AUDIMG-164 | AUDIMG-163 | AUDIMG-162 | AUDIMG-161 | AUDIMG-160 | AUDIMG-159 | AUDIMG-158 | AUDIMG-157 | AUDIMG-156 | AUDIMG-155 | AUDIMG-154 | AUDIMG-153 | AUDIMG-152 | AUDIMG-151 | AUDIMG-150 | AUDIMG-149,LOCAL_IMAGE_FLOW,VIDEO_GAP,2026-09-08独立核对官方正文。覆盖旧的笼统版本、触发及能力表述；本条为桌面研究，未完成实机测试。,,,,,HUA-F21,导航条一句话修图,76,https://consumer.huawei.com/cn/support/content/zh-cn16070847/
HUA-E025,huawei,相机小艺视觉扫一扫,小艺,HarmonyOS 5.0及以上；按小艺识图搜索说明,中国大陆华为手机；仅限引用文档明确支持的系统、机型及应用版本，不外推到平板、PC或全系手机；AI模型型号未核定。,中国大陆,正式可用（文档限定范围）,相机实景,相机／智慧视觉,相机快门下方向上滑，选择小艺视觉扫一扫并拍摄,触控 | 摄像头,相机／智慧视觉；具体上下文见flow_steps,混合方式,混合方式,视觉搜索,视觉搜索；结果及限制见步骤与limitations,不是持续视频对话；自然地貌等不支持，部分对象可能只返回相似结果。,N-H06,A,打开相机，在快门下方区域向上滑 | 进入小艺视觉 > 扫一扫 | 对准目标拍摄并查看搜索结果 | 多对象时选择目标或调整识别框,,VISUAL_GAP_SOURCE_LINK_ONLY,VIDEO_GAP,2026-09-08独立核对官方正文。覆盖旧的笼统版本、触发及能力表述；本条为桌面研究，未完成实机测试。,,,,,HUA-F22,相机识物与图库抠图,74,https://consumer.huawei.com/cn/support/content/zh-cn16021520/
HUA-E026,huawei,图库长按对象抠图后识图搜索,小艺,HarmonyOS 5.0及以上；相关图片与对象需支持,中国大陆华为手机；仅限引用文档明确支持的系统、机型及应用版本，不外推到平板、PC或全系手机；AI模型型号未核定。,中国大陆,正式可用（文档限定范围）,原生应用 AI,图库图片详情,图库图片内长按对象，抠图后点识图搜索,触控 | 图片,图库图片详情；具体上下文见flow_steps,混合方式,混合方式,视觉搜索 | 对象选择,视觉搜索／对象选择；结果及限制见步骤与limitations,未证实全图库固定智慧识图按钮；仅核定此对象路径。,N-H06,A,在图库打开图片 | 长按需要识别的对象进行抠图 | 在对象操作中点击识图搜索 | 检查匹配结果，必要时换对象或图片,IMG-153 | IMG-161 | IMG-162,有界面/功能示意（见媒体边界）,VIDEO_GAP,2026-09-08独立核对官方正文。覆盖旧的笼统版本、触发及能力表述；本条为桌面研究，未完成实机测试。,,,,,HUA-F22,相机识物与图库抠图,74,https://consumer.huawei.com/cn/support/content/zh-cn16021520/
HUA-E027,huawei,图库多选照片后一键成片（含AI灵动）,小艺,HarmonyOS 6.0/6.1/7.0；AI灵动另受机型限制,中国大陆华为手机；仅限引用文档明确支持的系统、机型及应用版本，不外推到平板、PC或全系手机；AI模型型号未核定。,中国大陆,正式可用（文档限定范围）,原生应用 AI,图库／花瓣剪辑,图库多选 > 创作 > 一键成片,触控 | 图片 | 视频,图库／花瓣剪辑；具体上下文见flow_steps,混合方式,混合方式,影像成片,影像成片；结果及限制见步骤与limitations,MatePad Pro12.2(2024)、畅享70X/90及Pura X外屏等受AI灵动限制；普通模板成片不能全部当生成式AI，顺序受素材选择影响。,AUD-HUA-S013 | AUD-HUA-S014,A,在图库选择多张照片或视频 | 点击创作 > 一键成片 | 选择主题、时长；在支持机型选择AI灵动 | 生成后检查并编辑模板，保存成片,AUDIMG-238 | AUDIMG-237 | AUDIMG-236 | AUDIMG-235 | AUDIMG-234 | AUDIMG-232 | AUDIMG-231 | AUDIMG-230 | AUDIMG-229 | AUDIMG-228 | AUDIMG-227 | AUDIMG-223,有界面/功能示意（见媒体边界）,VIDEO_GAP,2026-09-08独立核对官方正文。覆盖旧的笼统版本、触发及能力表述；本条为桌面研究，未完成实机测试。,,,,,HUA-F23,图库一键成片,74,https://consumer.huawei.com/cn/support/content/zh-cn16075746/ | https://consumer.huawei.com/cn/support/content/zh-cn16070676/
HUA-E067,huawei,图库已有视频编辑页进入一键成片,图库AI（界面未标助手）,机型与系统build未显示；编码器Openharmony6.1仅元数据，不作为鸿蒙7实测,手机实录，具体机型与图库build未显示,简体中文界面；销售市场未显示,本地录屏已观察；机型适配范围未核,原生应用AI,图库已有视频编辑页,已有视频编辑页 > 右上彩色AI图标,触控,当前编辑素材；已有视频编辑页，不点选屏幕对象,无指代,无指代,主题选择 | AI灵动限制提示 | 关闭面板返回编辑,关闭一键成片面板，恢复原视频编辑页,本地实录，版本未核；编码器Openharmony6.1仅元数据。关闭面板后仍在编辑器，未生成或保存。,HW42-S01,LOCAL_OBSERVED,已有视频编辑页，点右上彩色AI图标 | 选自然风景；点AI灵动，提示素材不支持 | 点右上×回到原视频编辑页；未生成或保存,HW42-01,SOURCE_FRAMES_AVAILABLE,LOCAL_CLIP,本地原帧观察；不将编码器标识当作系统版本证明。未生成、保存或退出编辑器。,LOCAL_OBSERVED,user_local_phone_recording,sources/HW42-S01-local-phone-gallery.mp4,V42,HUA-F23,图库一键成片,74,
HUA-E050,huawei,华为音乐内音乐助手创建AI歌单,小艺／对应华为原生应用助手,HarmonyOS 5.0及以上；华为音乐1.0.18.X及以上；HM7另有Agent演示,手机；官方音乐文档支持的系统/App版本。V08为手机形态演示，具体型号未标；不假定音乐助手模型。,中国大陆,正式可用（文档限定范围）,原生应用 AI,华为音乐 > 我的 > 自建歌单,在我的自建歌单下选择音乐助手或创建，描述需求,触控 | 文本,华为音乐 > 我的 > 自建歌单,混合方式,混合方式,歌单生成,歌单生成；具体可确认结果见flow_steps与limitations,最多100首等限制依应用文档；V08是手机形态，展示助手对话生成歌单，未拍完整从我的页进入的过程，不能认定HM7入口位置与旧版完全相同。,AUD-HUA-S007 | N-H01,A,打开华为音乐 > 我的 > 自建歌单 | 选择音乐助手或创建歌单 | 描述想听的风格或场景 | 检查生成歌单并保存,H7-V08,官方功能示意，设备形态见媒体,LOCAL_CLIP,2026-09-08独立官方证据审核；确切范围见evidence_ids、version与limitations。UX为桌研推断。,,,,,HUA-F24,音乐推荐与歌单收藏,78,https://consumer.huawei.com/cn/support/content/zh-cn16078039/ | https://consumer.huawei.com/cn/harmonyos-7/ | https://consumer.huawei.com/content/dam/huawei-cbg-site/cn/mkt/harmonyos-7/video/xiaoyi/xiaoyi-agent-3.mp4
HUA-E051,huawei,小艺影视助手推荐片单与手动播放,小艺／对应华为原生应用助手,HarmonyOS 6.0及以上；小艺11.3.9.330／华为视频1.1.50.300及以上,中国大陆华为手机；严格按引用支持页的系统、机型和App版本适配。跨端示例另标；AI模型型号与部署位置未核定。,中国大陆,正式可用（文档限定范围）,原生应用 AI,小艺影视助手与华为视频,说打开影视助手，或从智能体广场搜索进入,语音 | 文本 | 触控,小艺影视助手与华为视频,混合方式,混合方式,影片推荐,影片推荐；具体可确认结果见flow_steps与limitations,受华为视频版权片库限制；官方明确不支持说播放第几部，也不支持编辑单片或片单名。V09为大屏形态机型未标，另展示观影问答但不是语音自动播放证明。,AUD-HUA-S008 | N-H01,A,唤醒小艺说打开影视助手；或在智能体广场搜索影视助手 | 描述喜欢的类型和观影需求 | 对推荐片单点击收藏并按提示进入华为视频保存 | 在华为视频手动点击目标影片播放,H7-V09,官方功能示意，设备形态见媒体,LOCAL_CLIP,2026-09-08独立官方证据审核；确切范围见evidence_ids、version与limitations。UX为桌研推断。,,,,,HUA-F25,影视推荐与边看边问,78,https://consumer.huawei.com/cn/support/content/zh-cn16084597/ | https://consumer.huawei.com/cn/harmonyos-7/ | https://consumer.huawei.com/content/dam/huawei-cbg-site/cn/mkt/harmonyos-7/video/xiaoyi/xiaoyi-agent-4.mp4
HUA-E052,huawei,华为阅读当前书内容问答,小艺／对应华为原生应用助手,HarmonyOS5.0及以上支持页；小艺11.3.9.330、阅读3.1.52.300及以上；演示机型/build未标,中国大陆支持指南称不限制设备型号；演示机型与系统build未标，未做全机型验证。,中国大陆,正式可用（文档限定范围）,原生应用 AI,华为阅读阅读页,点击阅读页中间后选择阅读助手,触控 | 文本 | 语音,当前已打开书籍，与本书相关的建议问题,混合方式,主动上下文 | 对话指代,书籍理解,助手回答逐步输出；末态仍为AI生成中，未展示退出,官网全书智能问答功能下，本片仅示当前书内容介绍，不证明全文读取或任意问答准确性；不支持文件上传；回答未完成。,AUD-HUA-S009,A,点击阅读页中间显示阅读菜单（指南步骤，视频点击瞬间不清） | 选择阅读助手（指南步骤；视频可见入口及随后浮层） | 从本书建议问题提交书籍内容介绍（视频可见提交气泡） | 查看逐步输出的内容介绍；末态仍在生成，未展示关闭,AUDIMG-187 | HR35-01,官方分帧动图；实际动作边界见media_verification,LOCAL_CLIP,2026-09-09 V35审核官方动图；原URL见截止日前R1正文存档，当前下载字节不等同历史字节验证；未进行真机任务实验。,,,,,HUA-F26,阅读荐书、问书与选词,79,https://consumer.huawei.com/cn/support/content/zh-cn16077459/
HUA-E053,huawei,华为阅读选中文字后问阅读助手,小艺／对应华为原生应用助手,HarmonyOS5.0及以上支持页；小艺11.3.9.330、阅读3.1.52.300及以上；演示机型/build未标,中国大陆支持指南称不限制设备型号；演示机型与系统build未标，未做全机型验证。,中国大陆,正式可用（文档限定范围）,键盘与选中文本菜单,华为阅读正文文字选区 > 问助手,正文按住文字并调整选区，选区菜单问助手,触控 | 文本,选中钙华沉积＋当前书籍和章节,文本选择,文本选择 | 主动上下文,选区解释 | 阅读问答,助手回答逐步输出；末态仍为AI生成中，未展示退出,仅华为阅读内选区问助手，非任意App系统菜单或系统分享；示例词条直接进入助手，未展示再次手动输入问题；回答未完成。,AUD-HUA-S009,A,在正文按住文字形成选区 | 调整选区覆盖钙华沉积 | 选择菜单问助手，词条进入对话（点击瞬间不清） | 查看结合书籍与章节的解释；末态仍在生成，未展示退出,HR35-02,官方分帧动图；实际动作边界见media_verification,LOCAL_CLIP,2026-09-09 V35审核官方动图；原URL见截止日前R1正文存档，当前下载字节不等同历史字节验证；未进行真机任务实验。,,,,,HUA-F26,阅读荐书、问书与选词,79,https://consumer.huawei.com/cn/support/content/zh-cn16077459/
HUA-E054,huawei,华为阅读书城情绪找书,小艺／对应华为原生应用助手,小艺11.3.9.330／华为阅读3.1.52.300及以上；HM7有找书演示,中国大陆华为手机；严格按引用支持页的系统、机型和App版本适配。跨端示例另标；AI模型型号与部署位置未核定。,中国大陆,正式可用（文档限定范围）,原生应用 AI,华为阅读书城右上阅读助手,书城右上打开助手后描述心情或偏好,触控 | 文本 | 语音,华为阅读书城右上阅读助手,混合方式,混合方式,图书推荐,图书推荐；具体可确认结果见flow_steps与limitations,H7-V10画面是大屏形态，型号未标；不作为直板手机控件尺寸或布局证明。,AUD-HUA-S009 | N-H01,A,打开华为阅读并进入书城 | 点击右上阅读助手 | 描述当前心情或想读的主题 | 查看推荐并点击具体书籍进入详情,H7-V10,官方功能示意，设备形态见媒体,LOCAL_CLIP,2026-09-08独立官方证据审核；确切范围见evidence_ids、version与limitations。UX为桌研推断。,,,,,HUA-F26,阅读荐书、问书与选词,79,https://consumer.huawei.com/cn/support/content/zh-cn16077459/ | https://consumer.huawei.com/cn/harmonyos-7/ | https://consumer.huawei.com/content/dam/huawei-cbg-site/cn/mkt/harmonyos-7/video/xiaoyi/xiaoyi-agent-5.mp4
HUA-E057,huawei,HM7主题详情AI个性化与编辑生成,小艺／对应华为原生应用助手,HarmonyOS 7官方演示；需HOTA支持,官网宽屏手机形态演示，机型/build未标；已展示主题详情到编辑，不证明主题首页路径或所有手机布局。,中国大陆,官方演示／待HOTA,原生应用 AI,华为主题详情 > AI个性化 > 编辑页,主题详情点击AI个性化，进入编辑预览,触控 | 文本,华为主题AI创作编辑页,混合方式,混合方式,主题个性化生成,官网演示出现新人物预览及应用按钮；未演示应用到锁屏,官方主题详情到AI个性化编辑、键盘输入与新预览；未点击应用或展示退出。官网脚注9需HOTA，机型/build未标。,N-H01,B,主题详情点击AI个性化，进入编辑预览 | 通过键盘输入修改要求并提交 | 查看新人物预览；应用按钮可见但未点击,H7-V11,官方功能示意，设备形态见媒体,LOCAL_CLIP,2026-09-08独立官方证据审核；确切范围见evidence_ids、version与limitations。UX为桌研推断。,,,,,HUA-F27,主题个性化与新预览,79,https://consumer.huawei.com/cn/harmonyos-7/ | https://consumer.huawei.com/content/dam/huawei-cbg-site/cn/mkt/harmonyos-7/video/xiaoyi/xiaoyi-agent-6.mp4
HUA-E047,huawei,小艺帮帮忙：对话发起单次代操作,小艺／对应华为原生应用助手,HarmonyOS 6.0及以上；众测小艺11.6.2.310及以上；7.0系统新机型停止提供,中国大陆华为手机；严格按引用支持页的系统、机型和App版本适配。跨端示例另标；AI模型型号与部署位置未核定。,中国大陆,众测／7.0新机型停止,原生应用 AI,小艺对话与任务导航条,唤醒后明确说出应用与要完成的任务,语音 | 文本 | 触控,小艺对话与任务导航条,混合方式,混合方式,应用代操作,应用代操作；具体可确认结果见flow_steps与limitations,7.0系统的新机型不再提供服务，并涉及个人技能；不能扩大成所有升级7.0的旧机立即停止。微信、小程序、元服务、卓易通等不支持；锁屏会结束任务。,N-H02 | HW26-S01,A,唤醒小艺，明确说出目标应用与任务 | 需要补充信息或手动决定时，按提示处理后继续 | 通过任务导航条查看进度；需终止时点击停止并结束,HW26-01 | HW26-02,VISUAL_GAP_SOURCE_LINK_ONLY,VIDEO_GAP,2026-09-09已检查历史教学发起、收至后台与返回任务片段；机型/build未显示。未录到任务终止。,,,,,HUA-F28,帮帮忙代操作与教学,81,https://consumer.huawei.com/cn/support/content/zh-cn16073021/ | https://harmonyos.cool/docs/ai/xiaoyi-help
HUA-E048,huawei,小艺帮帮忙：个人技能教学,小艺／对应华为原生应用助手,依小艺帮帮忙众测条件；7.0新机型停止相关个人技能服务,中国大陆华为手机；严格按引用支持页的系统、机型和App版本适配。跨端示例另标；AI模型型号与部署位置未核定。,中国大陆,众测／7.0新机型停止,原生应用 AI,帮帮忙个人技能,进入教学流程后通过截图、在线教学或演示教授操作,触控 | 语音 | 文本,帮帮忙个人技能,混合方式,混合方式,个人技能配置,个人技能配置；具体可确认结果见flow_steps与limitations,教学限单应用；个人技能不能承诺迁移到Claw；7.0新机型停止服务。,N-H02,A,在仍支持的机型进入小艺帮帮忙教学功能 | 选择文档支持的截图、在线或演示教学方式 | 围绕单一应用说明并演示要做的操作 | 保存个人技能，并通过对话调用验证,,VISUAL_GAP_SOURCE_LINK_ONLY,VIDEO_GAP,2026-09-08独立官方证据审核；确切范围见evidence_ids、version与limitations。UX为桌研推断。,,,,,HUA-F28,帮帮忙代操作与教学,81,https://consumer.huawei.com/cn/support/content/zh-cn16073021/
HUA-E049,huawei,小艺帮帮忙：定时任务提醒后执行,小艺／对应华为原生应用助手,依小艺帮帮忙众测条件；7.0新机型停止,中国大陆华为手机；严格按引用支持页的系统、机型和App版本适配。跨端示例另标；AI模型型号与部署位置未核定。,中国大陆,众测／7.0新机型停止,原生应用 AI,帮帮忙任务与通知,设定执行时间，到时按通知与解锁要求继续,文本 | 语音 | 触控,帮帮忙任务与通知,混合方式,混合方式,定时任务,定时任务；具体可确认结果见flow_steps与limitations,不是锁屏下自动操作；任务冲突、前台使用等可能转通知提示。,N-H02,A,在仍支持的机型向小艺提出带执行时间的任务 | 检查保存的任务要求 | 到时查看通知；手机锁定时先解锁并按提示执行 | 处理必要的人工确认并查看结果,,VISUAL_GAP_SOURCE_LINK_ONLY,VIDEO_GAP,2026-09-08独立官方证据审核；确切范围见evidence_ids、version与limitations。UX为桌研推断。,,,,,HUA-F28,帮帮忙代操作与教学,81,https://consumer.huawei.com/cn/support/content/zh-cn16073021/
HUA-E063,huawei,图库编辑 > AI修图工具,小艺／华为原生应用,文档HarmonyOS7.0/6.1；历史HarmonyOS5视频菜单名为小艺修图,手机；机型与系统/app build以各来源为准，不从标题或功能名称反推,中国大陆；按来源列明手机与版本适配,正式可用（文档/机型限定；视频为历史官方演示）,原生应用 AI,图库 > 照片 > 编辑 > AI修图,图库打开照片，点编辑，再点AI修图；历史片点“小艺修图”,触控,当前图库照片；按工具作用于选中的背景、主体或整张图片,混合方式,圈选／框选 | 点击对象 | 自动对象识别,人像精修 | 智能/手动消除 | 消除屏纹（菜单存在时） | 消除反光 | 魔法移图 | 背景虚化/去色 | 智能扩图 | 魔法表情 | 沾色 | 保存覆盖或另存 | 一键还原编辑效果,文档支持对比、撤销、覆盖或另存及还原；视频未点击保存、撤销或返回,6.1/7完整工具菜单来自文档，不能标为5.x视频全部执行；消除屏纹菜单不存在则不支持。扩图涉及云端处理。视频只证明编辑进入、背景选区、开始消除与结果；保存/还原仅文档，未展示退出。与导航条对话修图HUA-E017分离。,HW28-S02 | HW28-S01,A,图库打开照片，点击编辑 > AI修图 | 选择人像精修、消除、魔法移图、背景、扩图、魔法表情或沾色等；支持情况按机型 | 历史视频：智选画线选中背景路人，点开始消除并查看结果 | 文档支持对比、撤销、覆盖或另存及还原；视频未点击保存、撤销或返回,HW28-03,来源完整帧与手机局部；历史演示按版本标注,LOCAL_CLIP,V28：本地官方正文与独立review；新clip由new-clips按feature_ids自动映射。,,,,,HUA-F32,图库AI修图工具,77,https://consumer.huawei.com/cn/support/content/zh-cn16108281/ | https://consumer.huawei.com/cn/harmonyos-next/
HUA-E064,huawei,备忘录内录音转写,小艺／华为原生应用,手机文档涵盖HarmonyOS5.0/5.1/6.0/6.1/7.0；视频为HarmonyOS5历史展示,手机；机型与系统/app build以各来源为准，不从标题或功能名称反推,中国大陆；按来源列明手机与版本适配,正式可用（文档/机型限定；视频为历史官方演示）,原生应用 AI,备忘录 > 备忘 > 添加 > 语音,文档：备忘录 > 备忘，点添加图标再点语音图标开始录音,触控 | 现场音频,当前录音输入；收音与转写，不指向屏幕对象,无指代,无指代,录音 | 发言人区分转写 | 转写搜索/文本替换 | 转写添加至原文,转写更多菜单点添加至原文，回到备忘正文；未返回备忘列表,启动与查看转写路径来自手机官方文档及图标alt，不由历史视频推测；视频0秒已录音，0.2–0.6秒停止，约3.2秒转写回填。一个备忘仅一条录音、不超过2小时（文档限定）；视频未验证持久化重开、笔记保存勾或退出。不是独立录音机E018，也不是慧记E058。,HW28-S05 | HW28-S01,A,文档：备忘录 > 备忘 > 添加 > 语音开始录音；片头已经在录音转写中 | 点击停止结束录音；文档说明录音自动保存 | 文档：录音尾部更多 > 查看录音转写；视频此时已显示转写页 | 转写更多菜单点添加至原文，回到备忘正文；未返回备忘列表,HW28-04,来源完整帧与手机局部；历史演示按版本标注,LOCAL_CLIP,V28：本地官方正文与独立review；新clip由new-clips按feature_ids自动映射。,,,,,HUA-F33,备忘录转写与AI整理,72,https://consumer.huawei.com/cn/support/content/zh-cn16075384/ | https://consumer.huawei.com/cn/harmonyos-next/
HUA-E065,huawei,备忘录小艺帮写AI > 智能摘要/整理,小艺／华为原生应用,官方整理文档HarmonyOS5.0/5.1；视频HarmonyOS5历史展示,手机；机型与系统/app build以各来源为准，不从标题或功能名称反推,中国大陆；按来源列明手机与版本适配,正式可用（文档/机型限定；视频为历史官方演示）,原生应用 AI,备忘录 > 备忘正文编辑 > 小艺帮写AI,打开备忘并点正文进入编辑，点小艺帮写AI，再选智能摘要,触控,当前备忘录正文,无指代,无指代,智能摘要 | 智能排版：分段小结/会议排版 | 润色改写：正式/优化/文艺/轻松 | 复制结果 | 替换原文 | 摘要卡添加至原文,摘要卡置顶回填并返回笔记正文；未点击保存勾、返回列表或退出,需先登录华为账号。视频只展示智能摘要与添加至原文；复制、替换、排版、润色为文档能力，未在该片执行。摘要添加至原文置顶为卡片；排版/润色的“添加至”为新建备忘，不能混写。没有录音机/慧记智能体入口。,HW28-S03 | HW28-S01,A,打开备忘，点击正文进入编辑状态 | 点击小艺帮写AI > 智能摘要；智能排版/润色为同菜单文档支线 | 核对摘要，点击添加至原文 | 摘要卡置顶回填并返回笔记正文；未点击保存勾、返回列表或退出,HW28-04,来源完整帧与手机局部；历史演示按版本标注,LOCAL_CLIP,V28：本地官方正文与独立review；新clip由new-clips按feature_ids自动映射。,,,,,HUA-F33,备忘录转写与AI整理,72,https://consumer.huawei.com/cn/support/content/zh-cn16025864/ | https://consumer.huawei.com/cn/harmonyos-next/
APL-E001,apple,Hey Siri 语音唤醒,Siri / Apple Intelligence,iOS 26 文档；传统 Siri 入口早于 Apple Intelligence,兼容 Siri 的 iPhone；Apple Intelligence 增强仅限其支持机型。,Siri 支持地区；传统 Siri 与 Apple Intelligence 的大陆限制分开,正式可用,语音唤醒,系统全局,说出已配置的 Hey Siri 或 Siri → 说出请求,语音,系统全局,无指代,无指代 | 对话指代,通用问答 | 设备控制,通用问答；设备控制,随设备、地区、语言和应用版本变化,APL-QA-S009 | AP29-S01,A,说出已配置的 Hey Siri 或 Siri | 说出请求 | 查看或听取结果,AP29-01,来源完整帧与可追溯手机局部；实际版本按片标注,PARTIAL_FLOW_LOCAL_CLIP,截至2026-09-08读取官方正文，修订范围及动作；不以官方域名代替逐项证据。,,,,,APL-F01,Siri语音与侧键,83,https://support.apple.com/guide/iphone/turn-on-and-activate-siri-iph83aad8922/26/ios/26 | https://www.youtube.com/watch?v=fRoGFqfcCh8
APL-E002,apple,长按侧边键唤醒 Siri,Siri / Apple Intelligence,iOS 26 文档；传统 Siri 入口,此条限 Face ID iPhone；Home 键机型使用长按 Home，不能写成长按侧键。,Siri 支持地区；Apple Intelligence 增强按其额外限制,正式可用,物理按键,机身侧边键,长按侧边键 → 说出请求,触控/按键,机身侧边键,无指代,无指代 | 对话指代,通用问答 | 设备控制,通用问答；设备控制,随设备、地区、语言和应用版本变化,APL-QA-S009,A,长按侧边键 | 说出请求 | 查看或听取结果,,VISUAL_GAP_SOURCE_LINK_ONLY,VIDEO_GAP,截至2026-09-08读取官方正文，修订范围及动作；不以官方域名代替逐项证据。,,,,,APL-F01,Siri语音与侧键,83,https://support.apple.com/guide/iphone/turn-on-and-activate-siri-iph83aad8922/26/ios/26
APL-E003,apple,Type to Siri：双击屏幕底部,Siri / Apple Intelligence,iOS 26 文档（并非所有功能始于 iOS 26）,iPhone 15 Pro/Pro Max、iPhone 16 系列及后续兼容机型；须开启 Apple Intelligence。具体大模型版本未由入口文档公开。,Apple Intelligence 支持地区/语言；大陆购机当前不可用；境外购机若人在中国大陆且 Apple Account 地区也为大陆，当前不可用。,地区/机型限定,导航条／Home,屏幕底部／Siri 输入,双击屏幕底部 → 键入请求并提交,系统主动,屏幕底部／Siri 输入,无指代,无指代 | 对话指代,文字问答 | 连续对话,文字问答；连续对话,随设备、地区、语言和应用版本变化,APL-QA-S001 | APL-QA-S014,A,双击屏幕底部 | 键入请求并提交 | 查看回复或继续追问,,VISUAL_GAP_SOURCE_LINK_ONLY,VIDEO_GAP,官方直接说明双击底部；旧式辅助功能 Type to Siri 需先开启再按键激活，是另一配置路径。,,,,,APL-F02,Type to Siri,84,https://support.apple.com/guide/iphone/use-apple-intelligence-with-siri-iph17bafe0f6/26/ios/26 | https://support.apple.com/en-us/121115
APL-E004,apple,Camera Control 视觉智能,Siri / Apple Intelligence,iOS 26 文档（并非所有功能始于 iOS 26）,有 Camera Control 且支持 Apple Intelligence 的 iPhone；不适用于无此按键机型。,Apple Intelligence 支持地区/语言；大陆购机当前不可用；境外购机若人在中国大陆且 Apple Account 地区也为大陆，当前不可用。,地区/机型限定,物理按键,Camera Control,按住 Camera Control → 将相机对准目标,触控/按键,Camera Control,混合方式,混合方式 | 相机取景 | 自动对象识别 | 点击对象,实景视觉搜索,实景视觉搜索,仅支持 Camera Control 的机型,APL-QA-S015 | APL-QA-S014,A,按住 Camera Control | 将相机对准目标 | 点击搜索按钮 | 查看视觉搜索结果,,VISUAL_GAP_SOURCE_LINK_ONLY,VIDEO_GAP,截至2026-09-08读取官方正文，修订范围及动作；不以官方域名代替逐项证据。,,,,,APL-F03,视觉智能实景入口,85,https://support.apple.com/guide/iphone/use-visual-intelligence-iph12eb1545e/26/ios/26 | https://support.apple.com/en-us/121115
APL-E005,apple,Action Button 视觉智能,Siri / Apple Intelligence,iOS 26 文档（并非所有功能始于 iOS 26）,本来源明确列 iPhone 15 Pro/Pro Max、16e、17e 的替代入口；须支持 Apple Intelligence。,Apple Intelligence 支持地区/语言；大陆购机当前不可用；境外购机若人在中国大陆且 Apple Account 地区也为大陆，当前不可用。,地区/机型限定,物理按键,Action Button,长按已配置的 Action button → 将相机对准目标,触控/按键,Action Button,混合方式,混合方式 | 相机取景 | 自动对象识别 | 点击对象,实景视觉搜索,实景视觉搜索,iPhone 17e、16e、15 Pro/Pro Max 等无 Camera Control 的支持机型,APL-QA-S015 | APL-QA-S014,A,长按已配置的 Action button | 将相机对准目标 | 点击搜索按钮 | 查看结果,,VISUAL_GAP_SOURCE_LINK_ONLY,VIDEO_GAP,截至2026-09-08读取官方正文，修订范围及动作；不以官方域名代替逐项证据。,,,,,APL-F03,视觉智能实景入口,85,https://support.apple.com/guide/iphone/use-visual-intelligence-iph12eb1545e/26/ios/26 | https://support.apple.com/en-us/121115
APL-E007,apple,控制中心视觉智能,Siri / Apple Intelligence,iOS 26 文档（并非所有功能始于 iOS 26）,iPhone 15 Pro/Pro Max、iPhone 16 系列及后续兼容机型；须开启 Apple Intelligence。具体大模型版本未由入口文档公开。,Apple Intelligence 支持地区/语言；大陆购机当前不可用；境外购机若人在中国大陆且 Apple Account 地区也为大陆，当前不可用。,地区/机型限定,锁屏／控制中心,控制中心,从屏幕右上角下滑打开控制中心 → 点击视觉智能控件,触控/按键 | 触控,控制中心,混合方式,混合方式 | 相机取景 | 自动对象识别 | 点击对象,实景视觉理解,实景视觉理解,Apple Intelligence 支持机型,APL-QA-S015 | APL-QA-S014,A,从屏幕右上角下滑打开控制中心 | 点击视觉智能控件 | 将相机对准目标 | 选择搜索或文字动作,,VISUAL_GAP_SOURCE_LINK_ONLY,VIDEO_GAP,截至2026-09-08读取官方正文，修订范围及动作；不以官方域名代替逐项证据。,,,,,APL-F03,视觉智能实景入口,85,https://support.apple.com/guide/iphone/use-visual-intelligence-iph12eb1545e/26/ios/26 | https://support.apple.com/en-us/121115
APL-E008,apple,截屏进入视觉智能,Siri / Apple Intelligence,iOS 26 截屏视觉智能,iPhone 15 Pro/Pro Max、iPhone 16 系列及后续兼容机型；须开启 Apple Intelligence。具体大模型版本未由入口文档公开。,Apple Intelligence 支持地区/语言；大陆购机当前不可用；境外购机若人在中国大陆且 Apple Account 地区也为大陆，当前不可用。,地区/机型限定,截屏,系统截屏编辑器,同时短按并松开侧边键与音量上键 → 在截屏上划过要查找的对象,触控/按键,系统截屏编辑器,截图裁切,截图裁切 | 圈选／框选,屏幕对象搜索 | 屏幕文字理解,屏幕对象搜索；屏幕文字理解,Apple Intelligence 支持机型；部分能力依语言与地区,APL-QA-S015 | APL-QA-S014,A,同时短按并松开侧边键与音量上键 | 在截屏上划过要查找的对象 | 查看搜索结果 | 选择保存或删除截屏,MED-I006 | A26-V01,有界面/功能示意（见媒体边界）,LOCAL_CLIP,划选属于此入口内部的指代步骤；不同内容还可出现日历、网址、摘要等动作，不是每张截屏都有。,,,,,APL-F04,截图视觉智能,85,https://support.apple.com/guide/iphone/use-visual-intelligence-iph12eb1545e/26/ios/26 | https://support.apple.com/en-us/121115 | https://www.apple.com/newsroom/videos/2025/autoplay/06/apple-elevates-the-iphone-experience-with-ios-26/apple-wwdc25-ios-26-visual-intelligence-with-etsy/large_2x.mp4
APL-E038,apple,Camera Live Text 选字,Live Text（非 Apple Intelligence 专属）,iOS 26 文档；传统 Live Text,支持 Live Text 的 iPhone；不要求 Apple Intelligence，具体最低机型本来源未列。,Live Text 支持地区/语种,地区/机型限定,相机实景,Camera 文字识别框,打开 Camera 并对准文字 → 出现黄色检测框后点击文字检测按钮,触控 | 视觉,Camera 文字识别框,相机取景,相机取景 | 文本选择,OCR | 文本翻译,OCR；文本翻译,随设备、地区、语言和应用版本变化,SRC-083,A,打开 Camera 并对准文字 | 出现黄色检测框后点击文字检测按钮 | 长按文字并拖动选区端点 | 选择复制、翻译、查询或分享,,VISUAL_GAP_SOURCE_LINK_ONLY,VIDEO_GAP,截至2026-09-08读取官方正文，修订范围及动作；不以官方域名代替逐项证据。,,,,,APL-F05,实况文本与视觉查询,87,https://support.apple.com/guide/iphone/use-live-text-iphcf0b71b0e/26/ios/26
APL-E039,apple,Visual Look Up,Visual Look Up,iOS 26 文档；传统 Visual Look Up,支持 Visual Look Up 的 iPhone；不要求 Apple Intelligence；此文档未列最低硬件。,Visual Look Up 支持地区/语种,地区/机型限定,原生应用 AI,Photos／Safari／Quick Look,全屏打开图片或暂停视频 → 查看 Info 是否带星标,触控,Photos／Safari／Quick Look,混合方式,混合方式 | 整屏隐式指代 | 自动对象识别 | 点击对象,图像物体识别,图像物体识别,随设备、地区、语言和应用版本变化,SRC-084,A,全屏打开图片或暂停视频 | 查看 Info 是否带星标 | 点击带星标 Info 并选择 Look Up | 查看识别结果,A2-01 | AE20-01,LOCAL_VIDEO_FRAMES,LOCAL_MP4,截至2026-09-08读取官方正文，修订范围及动作；不以官方域名代替逐项证据。,,,,,APL-F05,实况文本与视觉查询,87,https://support.apple.com/en-gb/guide/iphone/iph21c29a1cf/26/ios/26 | https://www.youtube.com/watch?v=mxGkDs7iCmI
APL-E040,apple,长按照片主体提取,系统主体分离,iOS 26 文档；传统主体提取,支持主体提取的 iPhone；不要求 Apple Intelligence；未在本轮核最低机型。,按主体提取功能支持范围,地区/机型限定,分享／拖拽,Photos／Safari 图像,全屏打开图片或暂停视频 → 长按主体直到出现轮廓,触控/按键 | 手势,Photos／Safari 图像,点击对象,点击对象 | 拖拽投喂 | 自动对象识别,主体分离 | 分享,主体分离；分享,随设备、地区、语言和应用版本变化,APL-QA-S008,A,全屏打开图片或暂停视频 | 长按主体直到出现轮廓 | 点击 Copy Subject 或 Share | 在目标应用粘贴或选择分享去向,AUDIMG-014,有界面/功能示意（见媒体边界）,VIDEO_GAP,原 SRC-084 只把主体提取作为关联链接；已补专项操作来源。,,,,,APL-F06,长按提取照片主体,86,https://support.apple.com/guide/iphone/lift-a-subject-from-the-photo-background-iphfe4809658/26/ios/26
APL-E010,apple,选中文本菜单 Writing Tools,Siri / Apple Intelligence,iOS 26 文档（并非所有功能始于 iOS 26）,iPhone 15 Pro/Pro Max、iPhone 16 系列及后续兼容机型；须开启 Apple Intelligence。具体大模型版本未由入口文档公开。,Apple Intelligence 支持地区/语言；大陆购机当前不可用；境外购机若人在中国大陆且 Apple Account 地区也为大陆，当前不可用。,地区/机型限定,键盘与选中文本菜单,系统文本选择菜单,选择待处理文字 → 点击 Writing Tools,触控,系统文本选择菜单,文本选择,文本选择,文本改写 | 校对 | 摘要,文本改写；校对；摘要,随设备、地区、语言和应用版本变化,APL-QA-S016 | APL-QA-S014,A,选择待处理文字 | 点击 Writing Tools | 选择 Rewrite 或其他处理 | 查看结果并选择保留、复制或撤回,MED-I007,有界面/功能示意（见媒体边界）,VIDEO_GAP,截至2026-09-08读取官方正文，修订范围及动作；不以官方域名代替逐项证据。,,,,,APL-F07,Writing Tools,88,https://support.apple.com/guide/iphone/find-the-right-words-with-writing-tools-iph6f08da1d2/26/ios/26 | https://support.apple.com/en-us/121115
APL-E011,apple,键盘 Writing Tools 按钮,Siri / Apple Intelligence,iOS 26 文档（并非所有功能始于 iOS 26）,iPhone 15 Pro/Pro Max、iPhone 16 系列及后续兼容机型；须开启 Apple Intelligence。具体大模型版本未由入口文档公开。,Apple Intelligence 支持地区/语言；大陆购机当前不可用；境外购机若人在中国大陆且 Apple Account 地区也为大陆，当前不可用。,地区/机型限定,键盘与选中文本菜单,系统键盘,在文本框内输入文字 → 点击键盘右上角 Writing Tools,触控,系统键盘,混合方式,混合方式 | 文本选择 | 整屏隐式指代,校对 | 文本改写,校对；文本改写,随设备、地区、语言和应用版本变化,APL-QA-S016 | APL-QA-S014,A,在文本框内输入文字 | 点击键盘右上角 Writing Tools | 选择 Proofread | 逐项查看修改并决定保留,MED-I007,有界面/功能示意（见媒体边界）,VIDEO_GAP,截至2026-09-08读取官方正文，修订范围及动作；不以官方域名代替逐项证据。,,,,,APL-F07,Writing Tools,88,https://support.apple.com/guide/iphone/find-the-right-words-with-writing-tools-iph6f08da1d2/26/ios/26 | https://support.apple.com/en-us/121115
APL-E016,apple,Mail 邮件及邮件串摘要,Siri / Apple Intelligence,iOS 26 文档（并非所有功能始于 iOS 26）,iPhone 15 Pro/Pro Max、iPhone 16 系列及后续兼容机型；须开启 Apple Intelligence。具体大模型版本未由入口文档公开。,Apple Intelligence 支持地区/语言；大陆购机当前不可用；境外购机若人在中国大陆且 Apple Account 地区也为大陆，当前不可用。,地区/机型限定,原生应用 AI,Mail 列表和邮件详情,打开 Mail 收件箱 → 点击邮件,触控,Mail 列表和邮件详情,整屏隐式指代,整屏隐式指代 | 主动上下文,邮件摘要,邮件摘要,随设备、地区、语言和应用版本变化,APL-QA-S003 | APL-QA-S014,A,打开 Mail 收件箱 | 点击邮件 | 点击 Summarize | 查看顶部摘要并回看原文,AUDIMG-001 | AM39-01,有界面/功能示意（见媒体边界）,LOCAL_CLIP,旧条混合 Priority、Summary 和 Smart Reply；此条仅保留摘要，回复用 APL-E031，Priority 新增。,,,,,APL-F08,邮件摘要与智能回复,89,https://support.apple.com/guide/iphone/use-apple-intelligence-in-mail-iph9ae667055/26/ios/26 | https://support.apple.com/en-us/121115 | https://www.youtube.com/watch?v=UslnMhBLHGA
APL-E031,apple,Mail Smart Reply,Siri / Apple Intelligence,iOS 26 文档（并非所有功能始于 iOS 26）,iPhone 15 Pro/Pro Max、iPhone 16 系列及后续兼容机型；须开启 Apple Intelligence。具体大模型版本未由入口文档公开。,Apple Intelligence 支持地区/语言；大陆购机当前不可用；境外购机若人在中国大陆且 Apple Account 地区也为大陆，当前不可用。,地区/机型限定,原生应用 AI,Mail compose keyboard,打开 Mail 邮件 → 点击回复按钮并选择 Reply,触控,Mail compose keyboard,主动上下文,主动上下文 | 对话指代,建议回复,建议回复,随设备、地区、语言和应用版本变化,APL-QA-S003 | APL-QA-S014,A,打开 Mail 邮件 | 点击回复按钮并选择 Reply | 点击键盘建议回复 | 核对草稿并点击发送,,VISUAL_GAP_SOURCE_LINK_ONLY,VIDEO_GAP,截至2026-09-08读取官方正文，修订范围及动作；不以官方域名代替逐项证据。,,,,,APL-F08,邮件摘要与智能回复,89,https://support.apple.com/guide/iphone/use-apple-intelligence-in-mail-iph9ae667055/26/ios/26 | https://support.apple.com/en-us/121115
APL-E048,apple,Mail 优先邮件,Apple Intelligence,iOS26固定版文档,iPhone 15 Pro/Pro Max、iPhone 16 系列及后续兼容机型；须开启 Apple Intelligence。具体大模型版本未由入口文档公开。,Apple Intelligence 支持地区/语言；大陆购机当前不可用；境外购机若人在中国大陆且 Apple Account 地区也为大陆，当前不可用。,地区/机型限定,原生应用 AI,Mail 收件箱更多菜单,打开 Mail 收件箱 → 点击更多并打开 Show Priority,触控,Mail 收件箱更多菜单,混合方式,混合方式,优先邮件呈现,优先邮件呈现,优先项在Primary类别或列表视图中显示；并非每封信必有优先标签。,APL-QA-S003 | APL-QA-S014,A,打开 Mail 收件箱 | 点击更多并打开 Show Priority | 在优先区域打开邮件核对完整内容,,VISUAL_GAP_SOURCE_LINK_ONLY,VIDEO_GAP,补遗漏或拆开不同入口；仅按列出的官方证据确认流程。,,,,,APL-F08,邮件摘要与智能回复,89,https://support.apple.com/guide/iphone/use-apple-intelligence-in-mail-iph9ae667055/26/ios/26 | https://support.apple.com/en-us/121115
APL-E019,apple,Safari 网页摘要,Siri / Apple Intelligence,iOS 26 文档（并非所有功能始于 iOS 26）,iPhone 15 Pro/Pro Max、iPhone 16 系列及后续兼容机型；须开启 Apple Intelligence。具体大模型版本未由入口文档公开。,Apple Intelligence 支持地区/语言；大陆购机当前不可用；境外购机若人在中国大陆且 Apple Account 地区也为大陆，当前不可用。,地区/机型限定,原生应用 AI,Safari 页面菜单／Reader,打开 Safari 网页 → 点击页面菜单,触控,Safari 页面菜单／Reader,整屏隐式指代,整屏隐式指代,网页摘要,网页摘要,随设备、地区、语言和应用版本变化,APL-QA-S007 | APL-QA-S014,A,打开 Safari 网页 | 点击页面菜单 | 点击 Summarize | 查看摘要并回到网页核对,AS40-01 | AS40-02,SOURCE_FRAMES_AVAILABLE,LOCAL_CLIP,截至2026-09-08读取官方正文，修订范围及动作；不以官方域名代替逐项证据。,,,,,APL-F09,Safari网页摘要,90,https://support.apple.com/guide/iphone/use-apple-intelligence-in-safari-iph60293c790/26/ios/26 | https://support.apple.com/en-us/121115 | https://www.youtube.com/watch?v=qcYwLqSllDE
APL-E017,apple,Notes 录音摘要,Siri / Apple Intelligence,iOS 26 文档（并非所有功能始于 iOS 26）,iPhone 15 Pro/Pro Max、iPhone 16 系列及后续兼容机型；须开启 Apple Intelligence。具体大模型版本未由入口文档公开。,Apple Intelligence 支持地区/语言；大陆购机当前不可用；境外购机若人在中国大陆且 Apple Account 地区也为大陆，当前不可用。,地区/机型限定,原生应用 AI,Notes 录音,打开含录音的 Notes 笔记 → 点击录音,触控,Notes 录音,自动对象识别,自动对象识别,录音转写摘要,录音转写摘要,当前可用性表列英、法、德、日、韩、葡(巴西)、西、繁体中文；不能由系统简体中文支持推断摘要也支持。,APL-QA-S005 | APL-QA-S014,A,打开含录音的 Notes 笔记 | 点击录音 | 点击 Summary | 查看后按需复制摘要,,VISUAL_GAP_SOURCE_LINK_ONLY,VIDEO_GAP,截至2026-09-08读取官方正文，修订范围及动作；不以官方域名代替逐项证据。,,,,,APL-F10,Notes录音摘要,88,https://support.apple.com/guide/iphone/use-apple-intelligence-in-notes-iph59143007d/26/ios/26 | https://support.apple.com/en-us/121115
APL-E022,apple,通知摘要与优先通知,Siri / Apple Intelligence,iOS 26 文档（并非所有功能始于 iOS 26）,iPhone 15 Pro/Pro Max、iPhone 16 系列及后续兼容机型；须开启 Apple Intelligence。具体大模型版本未由入口文档公开。,Apple Intelligence 支持地区/语言；大陆购机当前不可用；境外购机若人在中国大陆且 Apple Account 地区也为大陆，当前不可用。,地区/机型限定,通知／卡片／主动建议,锁屏／通知中心,打开通知中心或锁屏通知 → 阅读摘要或优先通知,系统主动,锁屏／通知中心,主动上下文,主动上下文,通知摘要 | 通知排序,通知摘要；通知排序,随设备、地区、语言和应用版本变化,APL-QA-S011 | APL-QA-S014,A,打开通知中心或锁屏通知 | 阅读摘要或优先通知 | 展开相关通知核对完整内容 | 点击进入对应应用,AUDIMG-021,有界面/功能示意（见媒体边界）,VIDEO_GAP,不等同 Scheduled Summary 定时汇总；A11 为专项 Apple Intelligence 文档。,,,,,APL-F11,通知摘要与专注模式,91,https://support.apple.com/guide/iphone/summarize-notifications-reduce-interruptions-iph1fbe7d2b9/26/ios/26 | https://support.apple.com/en-us/121115
APL-E030,apple,Reduce Interruptions Focus,Siri / Apple Intelligence,iOS 26 文档（并非所有功能始于 iOS 26）,iPhone 15 Pro/Pro Max、iPhone 16 系列及后续兼容机型；须开启 Apple Intelligence。具体大模型版本未由入口文档公开。,Apple Intelligence 支持地区/语言；大陆购机当前不可用；境外购机若人在中国大陆且 Apple Account 地区也为大陆，当前不可用。,地区/机型限定,通知／卡片／主动建议,Focus／通知,打开控制中心 → 点击 Focus,系统主动,Focus／通知,主动上下文,主动上下文 | 自动对象识别,通知干扰管理,通知干扰管理,分类可能误判，可逐项覆盖,APL-QA-S011 | APL-QA-S014,A,打开控制中心 | 点击 Focus | 选择 Reduce Interruptions | 查看允许通过的通知,,VISUAL_GAP_SOURCE_LINK_ONLY,VIDEO_GAP,截至2026-09-08读取官方正文，修订范围及动作；不以官方域名代替逐项证据。,,,,,APL-F11,通知摘要与专注模式,91,https://support.apple.com/guide/iphone/summarize-notifications-reduce-interruptions-iph1fbe7d2b9/26/ios/26 | https://support.apple.com/en-us/121115
APL-E032,apple,Messages 未读对话摘要,Siri / Apple Intelligence,iOS 26 文档（并非所有功能始于 iOS 26）,iPhone 15 Pro/Pro Max、iPhone 16 系列及后续兼容机型；须开启 Apple Intelligence。具体大模型版本未由入口文档公开。,Apple Intelligence 支持地区/语言；大陆购机当前不可用；境外购机若人在中国大陆且 Apple Account 地区也为大陆，当前不可用。,地区/机型限定,原生应用 AI,Messages会话列表,打开 Messages 会话列表 → 阅读会话下方未读摘要,触控,Messages会话列表,主动上下文,主动上下文 | 对话指代,对话摘要,对话摘要,随设备、地区、语言和应用版本变化,APL-QA-S004 | APL-QA-S014,A,打开 Messages 会话列表 | 阅读会话下方未读摘要 | 点击会话核对完整消息,,VISUAL_GAP_SOURCE_LINK_ONLY,VIDEO_GAP,Smart Reply 与建议投票拆出独立项目，防止不同触发混计。,,,,,APL-F12,Messages摘要/回复/投票,91,https://support.apple.com/guide/iphone/use-apple-intelligence-in-messages-iph64709c5c3/26/ios/26 | https://support.apple.com/en-us/121115
APL-E047,apple,Messages 键盘 Smart Reply,Apple Intelligence,iOS26固定版文档,iPhone 15 Pro/Pro Max、iPhone 16 系列及后续兼容机型；须开启 Apple Intelligence。具体大模型版本未由入口文档公开。,Apple Intelligence 支持地区/语言；大陆购机当前不可用；境外购机若人在中国大陆且 Apple Account 地区也为大陆，当前不可用。,地区/机型限定,原生应用 AI,Messages 对话输入框,打开要回复的对话 → 点击输入框显示键盘,触控,Messages 对话输入框,混合方式,混合方式,消息回复建议,消息回复建议,依来源所列语言/市场/机型开放；未真机复现。,APL-QA-S004 | APL-QA-S014,A,打开要回复的对话 | 点击输入框显示键盘 | 点击建议回复 | 核对草稿并点击发送,,VISUAL_GAP_SOURCE_LINK_ONLY,VIDEO_GAP,补遗漏或拆开不同入口；仅按列出的官方证据确认流程。,,,,,APL-F12,Messages摘要/回复/投票,91,https://support.apple.com/guide/iphone/use-apple-intelligence-in-messages-iph64709c5c3/26/ios/26 | https://support.apple.com/en-us/121115
APL-E052,apple,Messages 建议创建投票,Apple Intelligence,iOS26固定版文档,iPhone 15 Pro/Pro Max、iPhone 16 系列及后续兼容机型；须开启 Apple Intelligence。具体大模型版本未由入口文档公开。,Apple Intelligence 支持地区/语言；大陆购机当前不可用；境外购机若人在中国大陆且 Apple Account 地区也为大陆，当前不可用。,地区/机型限定,原生应用 AI,Messages 群聊内投票建议,打开涉及选项讨论的群聊 → 出现建议时点击 Create a Poll,触控,Messages 群聊内投票建议,混合方式,混合方式,上下文投票建议,上下文投票建议,官方直接确认建议及Create a Poll按钮；不扩写本页未列的编辑发送细节。,APL-QA-S004 | APL-QA-S014,A,打开涉及选项讨论的群聊 | 出现建议时点击 Create a Poll | 检查生成的投票候选,,VISUAL_GAP_SOURCE_LINK_ONLY,VIDEO_GAP,补遗漏或拆开不同入口；仅按列出的官方证据确认流程。,,,,,APL-F12,Messages摘要/回复/投票,91,https://support.apple.com/guide/iphone/use-apple-intelligence-in-messages-iph64709c5c3/26/ios/26 | https://support.apple.com/en-us/121115
APL-E033,apple,分享面板 Reminders 建议,Siri / Apple Intelligence,iOS 26 文档（并非所有功能始于 iOS 26）,iPhone 15 Pro/Pro Max、iPhone 16 系列及后续兼容机型；须开启 Apple Intelligence。具体大模型版本未由入口文档公开。,Apple Intelligence 支持地区/语言；大陆购机当前不可用；境外购机若人在中国大陆且 Apple Account 地区也为大陆，当前不可用。,地区/机型限定,分享／拖拽,系统 Share Sheet > Reminders,打开网页、邮件或笔记，可先选择文本 → 点击 Share 并选择 Reminders,系统主动,系统 Share Sheet > Reminders,混合方式,混合方式 | 文本选择,内容提取为待办,内容提取为待办,随设备、地区、语言和应用版本变化,SRC-080 | APL-QA-S014,A,打开网页、邮件或笔记，可先选择文本 | 点击 Share 并选择 Reminders | 选择清单并勾选建议或 Include All | 点击完成保存,,VISUAL_GAP_SOURCE_LINK_ONLY,VIDEO_GAP,截至2026-09-08读取官方正文，修订范围及动作；不以官方域名代替逐项证据。,,,,,APL-F13,提醒事项建议与分组,91,https://support.apple.com/guide/iphone/use-apple-intelligence-in-reminders-iphcb580b580/26/ios/26 | https://support.apple.com/en-us/121115
APL-E034,apple,Reminders Auto-Categorize,Siri / Apple Intelligence,iOS 26 文档（并非所有功能始于 iOS 26）,iPhone 15 Pro/Pro Max、iPhone 16 系列及后续兼容机型；须开启 Apple Intelligence。具体大模型版本未由入口文档公开。,Apple Intelligence 支持地区/语言；大陆购机当前不可用；境外购机若人在中国大陆且 Apple Account 地区也为大陆，当前不可用。,地区/机型限定,原生应用 AI,Reminders list,打开 Reminders 的某个清单 → 点击更多,触控,Reminders list,整屏隐式指代,整屏隐式指代 | 自动对象识别,待办自动分类,待办自动分类,随设备、地区、语言和应用版本变化,SRC-080 | APL-QA-S014,A,打开 Reminders 的某个清单 | 点击更多 | 点击 Auto-Categorize | 查看生成的分组,,VISUAL_GAP_SOURCE_LINK_ONLY,VIDEO_GAP,截至2026-09-08读取官方正文，修订范围及动作；不以官方域名代替逐项证据。,,,,,APL-F13,提醒事项建议与分组,91,https://support.apple.com/guide/iphone/use-apple-intelligence-in-reminders-iphcb580b580/26/ios/26 | https://support.apple.com/en-us/121115
APL-E015,apple,Messages 对话 Live Translation,Siri / Apple Intelligence,iOS 26 文档（并非所有功能始于 iOS 26）,iPhone 15 Pro/Pro Max、iPhone 16 系列及后续兼容机型；须开启 Apple Intelligence。具体大模型版本未由入口文档公开。,Apple Intelligence 支持地区/语言；大陆购机当前不可用；境外购机若人在中国大陆且 Apple Account 地区也为大陆，当前不可用。,地区/机型限定,原生应用 AI,Messages 会话,打开外语信息会话 → 点击顶部联系人或群组,触控,Messages 会话,主动上下文,主动上下文 | 对话指代,信息实时翻译,信息实时翻译,随设备、地区、语言和应用版本变化,APL-QA-S010 | APL-QA-S014,A,打开外语信息会话 | 点击顶部联系人或群组 | 查看或调整 Translate From / Translate To | 返回会话查看翻译，可在 Translating 菜单查看原文或停止,AUDIMG-016,有界面/功能示意（见媒体边界）,VIDEO_GAP,拆出 Smart Reply；收到外语消息可自动翻译，不能统一写成每次手动开启。,,,,,APL-F14,消息与FaceTime翻译,91,https://support.apple.com/guide/iphone/translate-messages-calls-and-conversations-iph22b72984d/26/ios/26 | https://support.apple.com/en-us/121115
APL-E046,apple,FaceTime 通话内翻译字幕,Apple Intelligence,iOS26固定版文档,iPhone 15 Pro/Pro Max、iPhone 16 系列及后续兼容机型；须开启 Apple Intelligence。具体大模型版本未由入口文档公开。,Apple Intelligence 支持地区/语言；大陆购机当前不可用；境外购机若人在中国大陆且 Apple Account 地区也为大陆，当前不可用。,地区/机型限定,原生应用 AI,FaceTime 一对一通话更多菜单,开始或接听一对一 FaceTime 通话 → 点击画面显示控制项,触控,FaceTime 一对一通话更多菜单,混合方式,混合方式,FaceTime翻译字幕,FaceTime翻译字幕,依来源所列语言/市场/机型开放；未真机复现。,APL-QA-S010 | APL-QA-S014,A,开始或接听一对一 FaceTime 通话 | 点击画面显示控制项 | 点击更多，再打开 Live Captions | 阅读翻译字幕并按需调整语言,,VISUAL_GAP_SOURCE_LINK_ONLY,VIDEO_GAP,从APL-E014拆出；FaceTime为字幕路径，不能沿用Phone双向语音播报步骤。,,,,,APL-F14,消息与FaceTime翻译,91,https://support.apple.com/guide/iphone/translate-messages-calls-and-conversations-iph22b72984d/26/ios/26 | https://support.apple.com/en-us/121115
APL-E014,apple,Phone 通话 Live Translation,Siri / Apple Intelligence,iOS 26；语种按最新可用性表,iPhone 15 Pro/Pro Max、iPhone 16 系列及后续兼容机型；须开启 Apple Intelligence。具体大模型版本未由入口文档公开。,Apple Intelligence 支持地区/语言；大陆购机当前不可用；境外购机若人在中国大陆且 Apple Account 地区也为大陆，当前不可用。,地区/机型限定,原生应用 AI,Phone通话更多菜单,在一对一 Phone 通话中点击更多 → 点击 Live Translation,触控,Phone通话更多菜单,主动上下文,主动上下文,通话实时翻译,通话实时翻译,语言、地区、设备受限,APL-QA-S010 | APL-QA-S014,A,在一对一 Phone 通话中点击更多 | 点击 Live Translation | 选择双方语言并点击 Start Translation | 听取翻译并查看文本,,VISUAL_GAP_SOURCE_LINK_ONLY,VIDEO_GAP,从旧 Phone/FaceTime 合并记录拆出 Phone；FaceTime 是字幕路径，新增 APL-E046。,,,,,APL-F15,电话实时翻译,92,https://support.apple.com/guide/iphone/translate-messages-calls-and-conversations-iph22b72984d/26/ios/26 | https://support.apple.com/en-us/121115
APL-E041,apple,Phone Hold Assist,Phone Hold Assist,iOS 26,iPhone 12、iPhone SE 第三代及后续支持机型；不是 Apple Intelligence 专属机型门槛。,Hold Assist 支持地区；官方不保证所有国家/地区,地区/机型限定,原生应用 AI,Phone 通话界面,通话被置于等待时点击更多 → 点击 Hold Assist,触控,Phone 通话界面,主动上下文,主动上下文 | 自动对象识别,代为等待人工接听,代为等待人工接听,iPhone 12／SE3 及以后，地区限制,APL-QA-S012,A,通话被置于等待时点击更多 | 点击 Hold Assist | 收到接通提醒时查看提示 | 点击重新加入通话,,VISUAL_GAP_SOURCE_LINK_ONLY,VIDEO_GAP,已补 iPhone 专项支持文档；实时转写在接通后丢弃，本功能不录音。,,,,,APL-F16,Hold Assist等待助理,92,https://support.apple.com/en-us/127521
APL-E013,apple,Phone 录音在 Notes 查看摘要,Siri / Apple Intelligence,iOS 26 文档（并非所有功能始于 iOS 26）,iPhone 15 Pro/Pro Max、iPhone 16 系列及后续兼容机型；须开启 Apple Intelligence。具体大模型版本未由入口文档公开。,Apple Intelligence 支持地区/语言；大陆购机当前不可用；境外购机若人在中国大陆且 Apple Account 地区也为大陆，当前不可用。,地区/机型限定,原生应用 AI,Phone／Notes,在 Phone 录制通话 → 通话结束后打开 Notes 的 Call Recordings,触控,Phone／Notes,自动对象识别,自动对象识别,通话录音摘要,通话录音摘要,通话录音有独立地区限制；摘要需 Apple Intelligence 和支持的转写语言。,APL-QA-S017 | APL-QA-S014,A,在 Phone 录制通话 | 通话结束后打开 Notes 的 Call Recordings | 点击该录音 | 点击 Summary 查看摘要,AC39-01 | AC39-03,VISUAL_GAP_SOURCE_LINK_ONLY,LOCAL_CLIP,截至2026-09-08读取官方正文，修订范围及动作；不以官方域名代替逐项证据。,,,,,APL-F17,通话录音与留言摘要,93,https://support.apple.com/guide/iphone/use-apple-intelligence-in-phone-iph2571a9780/26/ios/26 | https://support.apple.com/en-us/121115 | https://www.youtube.com/watch?v=vj6PDTdRwqA
APL-E053,apple,Phone 未读语音留言摘要,Apple Intelligence,iOS26固定版文档,iPhone 15 Pro/Pro Max、iPhone 16 系列及后续兼容机型；须开启 Apple Intelligence。具体大模型版本未由入口文档公开。,Apple Intelligence 支持地区/语言；大陆购机当前不可用；境外购机若人在中国大陆且 Apple Account 地区也为大陆，当前不可用。,地区/机型限定,原生应用 AI,Phone Voicemail 列表,打开 Phone → 切换到语音留言列表,触控,Phone Voicemail 列表,混合方式,混合方式,语音留言摘要,语音留言摘要,Phone统一/经典视图布局可能不同，不指定未经核实的图标形状。,APL-QA-S017 | APL-QA-S014,A,打开 Phone | 切换到语音留言列表 | 阅读未读留言下方的摘要 | 打开留言核对录音或转写,,VISUAL_GAP_SOURCE_LINK_ONLY,VIDEO_GAP,补遗漏或拆开不同入口；仅按列出的官方证据确认流程。,,,,,APL-F17,通话录音与留言摘要,93,https://support.apple.com/guide/iphone/use-apple-intelligence-in-phone-iph2571a9780/26/ios/26 | https://support.apple.com/en-us/121115
APL-E026,apple,Genmoji 键盘入口,Siri / Apple Intelligence,iOS 26 文档（并非所有功能始于 iOS 26）,iPhone 15 Pro/Pro Max、iPhone 16 系列及后续兼容机型；须开启 Apple Intelligence。具体大模型版本未由入口文档公开。,Apple Intelligence 支持地区/语言；大陆购机当前不可用；境外购机若人在中国大陆且 Apple Account 地区也为大陆，当前不可用。,地区/机型限定,键盘与选中文本菜单,Emoji keyboard,点击文本框并切换表情键盘 → 点击右上角 Genmoji,触控 | 文字,Emoji keyboard,混合方式,混合方式 | 无指代 | 点击对象,生成表情,浏览候选后上滑返回主屏幕；未展示采用或发送,随设备、地区、语言和应用版本变化,SRC-077 | APL-QA-S014,A,点击文本框并切换表情键盘 | 点击右上角 Genmoji | 输入描述或选人物 | 浏览候选并点击 Add Emoji,AE17-01,VISUAL_GAP_SOURCE_LINK_ONLY,LOCAL_MP4,V17实际源帧500–514.5秒及连续导出片，Genmoji界面标Beta。不能把回桌面等同生成内容已采用。,,,,,APL-F18,Genmoji表情键盘,94,https://support.apple.com/guide/iphone/create-your-own-emoji-with-genmoji-iph4e76f5667/26/ios/26 | https://support.apple.com/en-us/121115 | https://www.youtube.com/watch?v=mxGkDs7iCmI
APL-E027,apple,Image Playground 独立 App,Siri / Apple Intelligence,iOS 26 文档（并非所有功能始于 iOS 26）,iPhone 15 Pro/Pro Max、iPhone 16 系列及后续兼容机型；须开启 Apple Intelligence。具体大模型版本未由入口文档公开。 Apple 样式与可选 ChatGPT 样式分开；后者需要扩展及其地区资格。,Apple Intelligence 支持地区/语言；大陆购机当前不可用；境外购机若人在中国大陆且 Apple Account 地区也为大陆，当前不可用。,地区/机型限定,原生应用 AI,Image Playground App,打开 Image Playground 并点击 New Image → 添加描述、概念或照片,触控 | 文字,Image Playground App,混合方式,混合方式 | 无指代 | 点击对象 | 对话指代,图像生成,图像生成,随设备、地区、语言和应用版本变化,SRC-078 | APL-QA-S014,A,打开 Image Playground 并点击 New Image | 添加描述、概念或照片 | 选择 Style 并浏览候选 | 点击 Save,A26-V02 | AP26-01 | AP27-01,有界面/功能示意（见媒体边界）,LOCAL_CLIP,V27补独立应用的桌面/资源库搜索/New Image真实动作；新建此时为Genmoji样式。三段非全程连续；保存未观察。,,,,,APL-F19,Image Playground,95,https://support.apple.com/guide/iphone/create-original-images-with-image-playground-iph0063238b5/26/ios/26 | https://support.apple.com/en-us/121115 | https://www.apple.com/newsroom/videos/2025/autoplay/06/apple-elevates-the-iphone-experience-with-ios-26/apple-wwdc25-ios-26-apple-intelligence-image-playground-with-chatgpt/large_2x.mp4 | https://www.youtube.com/watch?v=mxGkDs7iCmI
APL-E028,apple,Messages 内 Image Playground,Siri / Apple Intelligence,iOS 26 文档（并非所有功能始于 iOS 26）,iPhone 15 Pro/Pro Max、iPhone 16 系列及后续兼容机型；须开启 Apple Intelligence。具体大模型版本未由入口文档公开。,Apple Intelligence 支持地区/语言；大陆购机当前不可用；境外购机若人在中国大陆且 Apple Account 地区也为大陆，当前不可用。,地区/机型限定,原生应用 AI,Messages应用菜单,打开 Messages 会话 → 点击加号并选择 Image Playground,触控,Messages应用菜单,点击对象,点击对象 | 文本选择,会话内图像生成,会话内图像生成,随设备、地区、语言和应用版本变化,SRC-078 | APL-QA-S014,A,打开 Messages 会话 | 点击加号并选择 Image Playground | 选择已有图像或 Create 生成 | 选择图像并确认发送,AUDIMG-005 | A26-V02,有界面/功能示意（见媒体边界）,LOCAL_CLIP,Freeform 的画布选区入口拆为新增 APL-E050。,,,,,APL-F19,Image Playground,95,https://support.apple.com/guide/iphone/create-original-images-with-image-playground-iph0063238b5/26/ios/26 | https://support.apple.com/en-us/121115 | https://www.apple.com/newsroom/videos/2025/autoplay/06/apple-elevates-the-iphone-experience-with-ios-26/apple-wwdc25-ios-26-apple-intelligence-image-playground-with-chatgpt/large_2x.mp4
APL-E050,apple,Freeform 画板内 Image Playground,Apple Intelligence,iOS26固定版文档,iPhone 15 Pro/Pro Max、iPhone 16 系列及后续兼容机型；须开启 Apple Intelligence。具体大模型版本未由入口文档公开。,Apple Intelligence 支持地区/语言；大陆购机当前不可用；境外购机若人在中国大陆且 Apple Account 地区也为大陆，当前不可用。,地区/机型限定,原生应用 AI,Freeform 媒体菜单／对象菜单,打开 Freeform 画板 → 点击媒体按钮并选择 Image Playground,触控,Freeform 媒体菜单／对象菜单,混合方式,混合方式,画板内图像生成,画板内图像生成,依来源所列语言/市场/机型开放；未真机复现。,SRC-078 | APL-QA-S014,A,打开 Freeform 画板 | 点击媒体按钮并选择 Image Playground | 输入描述或选择建议来生成图像 | 选择生成结果并加入画板,,VISUAL_GAP_SOURCE_LINK_ONLY,VIDEO_GAP,APL-E028保留Messages；Freeform独立承载面有iPhone固定版正文证据。,,,,,APL-F19,Image Playground,95,https://support.apple.com/guide/iphone/create-original-images-with-image-playground-iph0063238b5/26/ios/26 | https://support.apple.com/en-us/121115
APL-E029,apple,Notes Image Wand,Siri / Apple Intelligence,iOS 26 文档（并非所有功能始于 iOS 26）,iPhone 15 Pro/Pro Max、iPhone 16 系列及后续兼容机型；须开启 Apple Intelligence。具体大模型版本未由入口文档公开。,Apple Intelligence 支持地区/语言；大陆购机当前不可用；境外购机若人在中国大陆且 Apple Account 地区也为大陆，当前不可用。,地区/机型限定,原生应用 AI,Notes Handwriting Tools,打开或新建 Notes 笔记 → 打开绘图工具并选 Image Wand,手势,Notes Handwriting Tools,圈选／框选,圈选／框选 | 文本选择 | 自动对象识别,草图转图像,草图转图像,随设备、地区、语言和应用版本变化,SRC-079 | APL-QA-S014,A,打开或新建 Notes 笔记 | 打开绘图工具并选 Image Wand | 圈住草图并输入描述 | 浏览候选后保存到笔记,AP26-02,VISUAL_GAP_SOURCE_LINK_ONLY,VIDEO_GAP,iOS18.2时期第三方教程；机器人为另一任务，不与已有海滩/假期帧拼成同次生成。Done采用后返回笔记，未离开Notes或证明云同步。红色教学横条为源画面，未遮盖或修除。,,,,,APL-F20,Notes Image Wand,96,https://support.apple.com/guide/iphone/use-image-wand-with-apple-intelligence-iph7db25a67c/26/ios/26 | https://support.apple.com/en-us/121115 | https://www.youtube.com/watch?v=3hqo1vJreYk
APL-E049,apple,Photos 编辑器 Clean Up,Apple Intelligence,iOS26固定版文档,iPhone 15 Pro/Pro Max、iPhone 16 系列及后续兼容机型；须开启 Apple Intelligence。具体大模型版本未由入口文档公开。,Apple Intelligence 支持地区/语言；大陆购机当前不可用；境外购机若人在中国大陆且 Apple Account 地区也为大陆，当前不可用。,地区/机型限定,原生应用 AI,Photos 照片编辑器,打开照片并点击编辑 → 点击 Clean Up,触控,Photos 照片编辑器,圈选／框选,圈选／框选,照片对象移除,结束编辑后的照片查看页可见；未离开Photos,依来源所列语言/市场/机型开放；未真机复现。,APL-QA-S006 | APL-QA-S014,A,打开照片并点击编辑 | 点击 Clean Up | 点选、涂抹或圈出要移除的对象 | 检查修补结果后点击完成,AE16-01,VISUAL_GAP_SOURCE_LINK_ONLY,LOCAL_MP4,V16实看片段232–238.2秒。Done路径来自官方指南；源片237.4–237.6秒跳切到照片页，不能当作连续点击触发实测。,,,,,APL-F21,Photos Clean Up,97,https://support.apple.com/guide/iphone/use-apple-intelligence-in-photos-iphf7de217f0/26/ios/26 | https://support.apple.com/en-us/121115 | https://www.youtube.com/watch?v=mxGkDs7iCmI
APL-E018,apple,Photos 自然语言搜索,Siri / Apple Intelligence,iOS 26 文档（并非所有功能始于 iOS 26）,iPhone 15 Pro/Pro Max、iPhone 16 系列及后续兼容机型；须开启 Apple Intelligence。具体大模型版本未由入口文档公开。,Apple Intelligence 支持地区/语言；大陆购机当前不可用；境外购机若人在中国大陆且 Apple Account 地区也为大陆，当前不可用。,地区/机型限定,原生应用 AI,Photos搜索,打开 Photos → 点击搜索并输入人物、活动或场景描述,触控 | 文字,Photos搜索,无指代,无指代 | 点击对象 | 圈选／框选,个人照片搜索,个人照片搜索,随设备、地区、语言和应用版本变化,APL-QA-S006 | APL-QA-S014,A,打开 Photos | 点击搜索并输入人物、活动或场景描述 | 查看结果 | 点选照片或视频继续查看,MED-I008 | AP38-01 | AP38-02,有界面/功能示意（见媒体边界）,LOCAL_CLIP,移除与搜索不同位置的 Clean Up；新增 APL-E049。,,,,,APL-F22,照片搜索与回忆影片,98,https://support.apple.com/guide/iphone/use-apple-intelligence-in-photos-iphf7de217f0/26/ios/26 | https://support.apple.com/en-us/121115 | https://www.youtube.com/watch?v=mxGkDs7iCmI
APL-E051,apple,Photos 描述创建回忆影片,Apple Intelligence,iOS26固定版文档,iPhone 15 Pro/Pro Max、iPhone 16 系列及后续兼容机型；须开启 Apple Intelligence。具体大模型版本未由入口文档公开。,Apple Intelligence 支持地区/语言；大陆购机当前不可用；境外购机若人在中国大陆且 Apple Account 地区也为大陆，当前不可用。,地区/机型限定,原生应用 AI,Photos Collections > Memories,打开 Photos 的 Collections → 进入 Memories 并点击 Create,触控,Photos Collections > Memories,混合方式,混合方式,描述创建回忆影片,描述创建回忆影片,依来源所列语言/市场/机型开放；未真机复现。,APL-QA-S006 | APL-QA-S014,A,打开 Photos 的 Collections | 进入 Memories 并点击 Create | 输入希望呈现的故事或照片描述 | 点击 Done 并观看生成回忆,,VISUAL_GAP_SOURCE_LINK_ONLY,VIDEO_GAP,补遗漏或拆开不同入口；仅按列出的官方证据确认流程。,,,,,APL-F22,照片搜索与回忆影片,98,https://support.apple.com/guide/iphone/use-apple-intelligence-in-photos-iphf7de217f0/26/ios/26 | https://support.apple.com/en-us/121115
APL-E037,apple,VoiceOver Live Recognition 快捷手势,Siri / Apple Intelligence,iOS 26 辅助功能文档,兼容 Live Recognition 的 iPhone；检测人/门等细项可能依赖 LiDAR，不与 Apple Intelligence 机型表通用。,辅助功能支持地区/语言；本页未完整枚举,地区/机型限定,辅助功能,Magnifier／VoiceOver 快捷入口,在已开启 VoiceOver 的 iPhone 上四指三击屏幕 → 将相机朝向需识别内容,系统主动,Magnifier／VoiceOver 快捷入口,混合方式,混合方式 | 相机取景 | 自动对象识别 | 点击对象,辅助视觉识别,辅助视觉识别,VoiceOver 关闭时快捷指令进入 Magnifier Detection Mode；不能说两种模式完全等价。,SRC-082,A,在已开启 VoiceOver 的 iPhone 上四指三击屏幕 | 将相机朝向需识别内容 | 听取识别反馈 | 再四指三击关闭,,VISUAL_GAP_SOURCE_LINK_ONLY,VIDEO_GAP,截至2026-09-08读取官方正文，修订范围及动作；不以官方域名代替逐项证据。,,,,,APL-F23,Live Recognition快捷入口,99,https://support.apple.com/guide/iphone/set-up-shortcuts-for-live-recognition-ipheea9e5190/26/ios/26
APL-E055,apple,辅助功能快捷键 Live Recognition,VoiceOver / Magnifier,iOS26固定版文档,支持Live Recognition/Detection Mode的iPhone；检测功能受传感器限制，非Apple Intelligence统一机型表。,随辅助功能语言及检测类型变化,地区/机型限定,物理按键,iPhone 侧边键三击,三击已配置辅助功能快捷键的侧边键 → 若出现多项菜单，选择 Live Recognition,触控,iPhone 侧边键三击,混合方式,混合方式,环境识别,环境识别,VoiceOver开启时启动Live Recognition，关闭时打开Magnifier Detection Mode。,SRC-082,A,三击已配置辅助功能快捷键的侧边键 | 若出现多项菜单，选择 Live Recognition | 将相机对准目标并听取识别,,VISUAL_GAP_SOURCE_LINK_ONLY,VIDEO_GAP,补遗漏或拆开不同入口；仅按列出的官方证据确认流程。,,,,,APL-F23,Live Recognition快捷入口,99,https://support.apple.com/guide/iphone/set-up-shortcuts-for-live-recognition-ipheea9e5190/26/ios/26
APL-E056,apple,Back Tap 启动 Live Recognition,VoiceOver / Magnifier,iOS26固定版文档,同时支持Back Tap与相应Live Recognition/Detection Mode功能的iPhone；传感器逐项限定。,随辅助功能语言及检测类型变化,地区/机型限定,识屏与圈选,iPhone 背部双击／三击,按已配置次数双击或三击手机背部 → 将相机对准要识别的对象,触控,iPhone 背部双击／三击,混合方式,混合方式,环境识别,环境识别,双击和三击为同一可配置入口的变体，不各算一项能力。,SRC-082,A,按已配置次数双击或三击手机背部 | 将相机对准要识别的对象 | 听取识别或在放大器中选择检测功能,,VISUAL_GAP_SOURCE_LINK_ONLY,VIDEO_GAP,补遗漏或拆开不同入口；仅按列出的官方证据确认流程。,,,,,APL-F23,Live Recognition快捷入口,99,https://support.apple.com/guide/iphone/set-up-shortcuts-for-live-recognition-ipheea9e5190/26/ios/26
PIX-E001,pixel,Hey Google 唤醒 Gemini,Gemini / Gemini Intelligence,当前Google官方文档；系统/应用版本按单项标记,支持 Gemini Android 移动应用的 Pixel 手机；Google App 为默认数字助理且选择 Gemini，功能随账户、语言、地区及应用版本变化。,Google 服务正式支持地区；本轮以美/加/英等官方页面范围为证，不证明中国大陆可用。,地区/机型限定,语音唤醒,系统全局,说出 Hey Google → 说出请求,语音,系统全局,无指代,无指代 | 对话指代,助手问答 | 设备动作,助手问答；设备动作,随设备、地区、语言和应用版本变化,SRC-036,A,说出 Hey Google | 说出请求 | 查看回复或操作结果,MED-V027,有界面/功能示意（见媒体边界）,LOCAL_CLIP,截至2026-09-08逐项核对触发、机型与市场；新闻稿不用于替代操作证据。,,,,,PIX-F01,Gemini全局唤醒,101,https://support.google.com/gemini/answer/14554984?hl=en-GB | https://storage.googleapis.com/gweb-uniblog-publish-prod/original_videos/AskMoreOfYourPhone.mp4
PIX-E002,pixel,长按电源键 Gemini 覆盖层,Gemini / Gemini Intelligence,当前Google官方文档；系统/应用版本按单项标记,支持 Gemini Android 移动应用的 Pixel 手机；Google App 为默认数字助理且选择 Gemini，功能随账户、语言、地区及应用版本变化。,Google 服务正式支持地区；本轮以美/加/英等官方页面范围为证，不证明中国大陆可用。,地区/机型限定,物理按键,机身电源键,长按电源键 → 在覆盖层说出或键入请求,触控/按键,机身电源键,无指代,无指代 | 整屏隐式指代 | 对话指代,助手问答,助手问答,随设备、地区、语言和应用版本变化,SRC-036,A,长按电源键 | 在覆盖层说出或键入请求 | 查看回复,MED-V027 | PX38-02 | PX38-01,有界面/功能示意（见媒体边界）,LOCAL_CLIP,截至2026-09-08逐项核对触发、机型与市场；新闻稿不用于替代操作证据。,,,,,PIX-F01,Gemini全局唤醒,101,https://support.google.com/gemini/answer/14554984?hl=en-GB | https://storage.googleapis.com/gweb-uniblog-publish-prod/original_videos/AskMoreOfYourPhone.mp4 | https://www.youtube.com/watch?v=eMabKMv1icM
PIX-E003,pixel,Gemini 独立 App,Gemini / Gemini Intelligence,当前Google官方文档；系统/应用版本按单项标记,符合 Gemini 移动应用要求的 Pixel；直接 App 使用与默认系统助理配置可分开。,Google 服务正式支持地区；本轮以美/加/英等官方页面范围为证，不证明中国大陆可用。,地区/机型限定,桌面与搜索,Gemini App,点击 Gemini App 图标 → 输入请求，可添加图片,触控,Gemini App,无指代,无指代,多模态问答,多模态问答,随设备、地区、语言和应用版本变化,SRC-036,A,点击 Gemini App 图标 | 输入请求，可添加图片 | 点击发送 | 查看回答或继续对话,,VISUAL_GAP_SOURCE_LINK_ONLY,VIDEO_GAP,截至2026-09-08逐项核对触发、机型与市场；新闻稿不用于替代操作证据。,,,,,PIX-F01,Gemini全局唤醒,101,https://support.google.com/gemini/answer/14554984?hl=en-GB
PIX-E032,pixel,屏幕下角斜滑唤起 Gemini,Google Gemini,截至2026-09-08专项支持页；具体版本见model_scope,支持该手势、使用手势导航且以Gemini为默认数字助手的Pixel；官方Android通用文档不保证每个Pixel/导航配置。,Google 服务正式支持地区；本轮以美/加/英等官方页面范围为证，不证明中国大陆可用。,地区/机型限定,识屏与圈选,系统底部角落手势,从屏幕下角向内斜滑 → 在 Gemini 覆盖层说出或输入请求,触控,系统底部角落手势,混合方式,混合方式,助手问答,助手问答,该路径为官方兼容Android操作；Pixel全型号一致性未真机验证。,SRC-036,A,从屏幕下角向内斜滑 | 在 Gemini 覆盖层说出或输入请求 | 检查回复并继续对话,,VISUAL_GAP_SOURCE_LINK_ONLY,VIDEO_GAP,补遗漏或拆开不同入口；仅按列出的官方证据确认流程。,,,,,PIX-F01,Gemini全局唤醒,101,https://support.google.com/gemini/answer/14554984?hl=en-GB
PIX-E006,pixel,Gemini Live 相机共享,Gemini / Gemini Intelligence,当前Google官方文档；系统/应用版本按单项标记,Gemini Live 支持的 Pixel/Android；Google App 最新版本，账户与年龄符合 Live 资格；具体模型未公开。,Google 服务正式支持地区；本轮以美/加/英等官方页面范围为证，不证明中国大陆可用。,地区/机型限定,相机实景,Gemini Live,打开 Gemini 并点击 Live → 点击相机/视频共享按钮并授权,触控 | 视觉,Gemini Live,混合方式,混合方式 | 相机取景 | 整屏隐式指代 | 对话指代,实时实景对话,实时实景对话,随设备、地区、语言和应用版本变化,PIX-QA-S009,A,打开 Gemini 并点击 Live | 点击相机/视频共享按钮并授权 | 对准目标并口述问题 | 点击相机按钮停止共享或结束 Live,,VISUAL_GAP_SOURCE_LINK_ONLY,VIDEO_GAP,相机和屏幕共享拆开；屏幕共享新增 PIX-E025。Live 当前文档要求年满13岁或当地适用年龄，不沿用统一18岁。,,,,,PIX-F02,Gemini Live相机,102,https://support.google.com/gemini/answer/15274899?hl=en
PIX-E025,pixel,Gemini Live 共享屏幕,Google Gemini Live,截至2026-09-08专项支持页；具体版本见model_scope,支持 Gemini Android 移动应用的 Pixel 手机；Google App 为默认数字助理且选择 Gemini，功能随账户、语言、地区及应用版本变化。,Google 服务正式支持地区；本轮以美/加/英等官方页面范围为证，不证明中国大陆可用。,地区/机型限定,原生应用 AI,Gemini Live／覆盖层 Share screen with Live,打开 Gemini 并进入 Live → 点击开启屏幕共享并确认系统提示,触控 | 语音 | 屏幕共享,Gemini Live／覆盖层 Share screen with Live,混合方式,混合方式,连续屏幕问答,连续屏幕问答,需要可用账户与Gemini通知权限；分享全屏。锁屏或Hold会停止共享，恢复后需重新开启；具体受账户政策影响。,PIX-QA-S009,A,打开 Gemini 并进入 Live | 点击开启屏幕共享并确认系统提示 | 切回要讨论的应用并说出问题 | 在 Live 或通知中点击停止共享,,VISUAL_GAP_SOURCE_LINK_ONLY,VIDEO_GAP,与PIX-E006相机按钮分开；官方明确屏幕与相机分享控制方式、停止条件。,,,,,PIX-F03,Gemini Live共享屏幕,102,https://support.google.com/gemini/answer/15274899?hl=en
PIX-E004,pixel,Gemini Ask about screen / page,Gemini / Gemini Intelligence,当前Google官方文档；系统/应用版本按单项标记,支持 Gemini Android 移动应用的 Pixel 手机；Google App 为默认数字助理且选择 Gemini，功能随账户、语言、地区及应用版本变化。,Google 服务正式支持地区；本轮以美/加/英等官方页面范围为证，不证明中国大陆可用。,地区/机型限定,识屏与圈选,Gemini 覆盖层,打开目标 App 或网页 → 唤起 Gemini 覆盖层,触控,Gemini 覆盖层,整屏隐式指代,整屏隐式指代,屏幕与网页理解,屏幕与网页理解,随设备、地区、语言和应用版本变化,SRC-036,A,打开目标 App 或网页 | 唤起 Gemini 覆盖层 | 点击 Ask about screen / page | 输入问题并提交,,VISUAL_GAP_SOURCE_LINK_ONLY,VIDEO_GAP,截至2026-09-08逐项核对触发、机型与市场；新闻稿不用于替代操作证据。,,,,,PIX-F04,问当前屏幕/网页/视频,103,https://support.google.com/gemini/answer/14554984?hl=en-GB
PIX-E005,pixel,YouTube Ask about this video,Gemini / Gemini Intelligence,当前Google官方文档；系统/应用版本按单项标记,支持 Gemini Android 移动应用的 Pixel 手机；Google App 为默认数字助理且选择 Gemini，功能随账户、语言、地区及应用版本变化。,Google 服务正式支持地区；本轮以美/加/英等官方页面范围为证，不证明中国大陆可用。,地区/机型限定,识屏与圈选,视频 App 上的 Gemini 覆盖层,打开支持的 YouTube 视频 → 唤起 Gemini 覆盖层,触控,视频 App 上的 Gemini 覆盖层,整屏隐式指代,整屏隐式指代 | 对话指代,视频内容问答,视频内容问答,官方用 YouTube 举例且标 when available；不能泛化到任何短视频 App、任意视频或逐帧准确理解。,SRC-036,A,打开支持的 YouTube 视频 | 唤起 Gemini 覆盖层 | 在出现时点击 Ask about this video | 提交问题并查看结果,,VISUAL_GAP_SOURCE_LINK_ONLY,VIDEO_GAP,截至2026-09-08逐项核对触发、机型与市场；新闻稿不用于替代操作证据。,,,,,PIX-F04,问当前屏幕/网页/视频,103,https://support.google.com/gemini/answer/14554984?hl=en-GB
PIX-E007,pixel,长按导航区域 Circle to Search,Circle to Search with Google,当前 Google 支持文档；不要求 Pixel 11 / Android 17,官方列 Pixel 6 及以后；具体屏幕可截取性、Google App/系统设置仍有要求。,Google 服务正式支持地区；本轮以美/加/英等官方页面范围为证，不证明中国大陆可用。,地区/机型限定,导航条／Home,底部导航条／Home,长按屏幕底部 Home 或导航条 → 圈选、涂画、划线或点目标,触控/按键,底部导航条／Home,混合方式,混合方式 | 圈选／框选 | 点击对象 | 文本选择,屏幕对象搜索,屏幕对象搜索,Pixel 6 及以上；受保护内容可能不可用,SRC-037,A,长按屏幕底部 Home 或导航条 | 圈选、涂画、划线或点目标 | 查看结果，可在 Add to your search 补充文字 | 返回原应用,MED-V028,有界面/功能示意（见媒体边界）,LOCAL_CLIP,截至2026-09-08逐项核对触发、机型与市场；新闻稿不用于替代操作证据。,,,,,PIX-F05,Circle to Search,103,https://support.google.com/pixelphone/answer/15629302?hl=en | https://storage.googleapis.com/gweb-uniblog-publish-prod/original_videos/circle_to_search_inline.mp4
PIX-E009,pixel,Pixel 搜索栏 AI Mode,Google Search AI Mode,当前 Pixel Launcher 搜索文档,显示 AI Mode 快捷入口的 Pixel；官方仅称 selected locales，未列全机型。,AI Mode 快捷入口的指定地区；不可由美国页面泛化全球,地区/机型限定,桌面与搜索,主屏搜索框,在主屏搜索栏点击 AI Mode 快捷入口 → 输入问题,触控 | 文字,主屏搜索框,无指代,无指代,AI 搜索问答,AI 搜索问答,仅选定地区／语言,SRC-037,A,在主屏搜索栏点击 AI Mode 快捷入口 | 输入问题 | 查看答案并追问,,VISUAL_GAP_SOURCE_LINK_ONLY,VIDEO_GAP,截至2026-09-08逐项核对触发、机型与市场；新闻稿不用于替代操作证据。,,,,,PIX-F06,AI Mode与个人搜索,103,https://support.google.com/pixelphone/answer/15629302?hl=en
PIX-E028,pixel,Pixel11 Launcher 搜索个人内容,Pixel Launcher,截至2026-09-08专项支持页；具体版本见model_scope,专项页将Gmail、Clock、Messages、Drive、Photos等应用内容搜索列给Pixel11系列；不据此外推Pixel9/10。,随Launcher功能、账户与语言覆盖；非所有AI Mode支持地区都必然覆盖同样个人搜索。,地区/机型限定,桌面与搜索,主屏上滑后的应用抽屉搜索,在主屏向上滑动打开应用抽屉 → 点击搜索栏并输入要找的个人内容,触控,主屏上滑后的应用抽屉搜索,混合方式,混合方式,跨应用个人检索,跨应用个人检索,依来源所列语言/市场/机型开放；未真机复现。,SRC-037,A,在主屏向上滑动打开应用抽屉 | 点击搜索栏并输入要找的个人内容 | 在返回结果中选择对应应用项目,,VISUAL_GAP_SOURCE_LINK_ONLY,VIDEO_GAP,与PIX-E009网页AI Mode分开；不能把搜索栏所有结果一概称Gemini生成。,,,,,PIX-F06,AI Mode与个人搜索,103,https://support.google.com/pixelphone/answer/15629302?hl=en
PIX-E031,pixel,Google Lens 相机翻译,Google Lens,截至2026-09-08专项支持页；具体版本见model_scope,支持Google Lens的Pixel；不属于Pixel11独占功能。,Google Lens支持的语言与地区,地区/机型限定,原生应用 AI,Pixel 搜索栏 Lens,点击 Pixel 搜索栏的 Lens → 把相机对准文字并拍摄或选取图像,触控,Pixel 搜索栏 Lens,相机取景,相机取景,相机文字翻译,相机文字翻译,依来源所列语言/市场/机型开放；未真机复现。,PIX-QA-S013,A,点击 Pixel 搜索栏的 Lens | 把相机对准文字并拍摄或选取图像 | 选择 Translate 并查看译文,,VISUAL_GAP_SOURCE_LINK_ONLY,VIDEO_GAP,补遗漏或拆开不同入口；仅按列出的官方证据确认流程。,,,,,PIX-F07,Lens拍照翻译,103,https://support.google.com/pixelphone/answer/11209263
PIX-E010,pixel,截屏后 Pixel Screenshots 详情,Gemini / Gemini Intelligence,当前 Pixel Screenshots App,官方列 Pixel 9/10/11 主系列及相应Pro/XL/Fold，未列9a/10a；需要合格Google账户和AI模型下载。,澳、加、德、印、爱、日、马、新、英、美；英语、德语、日语,地区/机型限定,原生应用 AI,截屏缩略图／Pixel Screenshots,截取屏幕 → 点击左下角截图缩略图,系统主动,截屏缩略图／Pixel Screenshots,整屏隐式指代,整屏隐式指代 | 自动对象识别,截图记忆 | 建议动作,截图记忆；建议动作,需支持机型、Google 账号；仅处理安装/更新后解析的截图,SRC-038,A,截取屏幕 | 点击左下角截图缩略图 | 查看已处理的截图详情 | 按需添加到 collection 或选择建议动作,,VISUAL_GAP_SOURCE_LINK_ONLY,VIDEO_GAP,截至2026-09-08逐项核对触发、机型与市场；新闻稿不用于替代操作证据。,,,,,PIX-F08,Screenshots保存与检索,104,https://support.google.com/pixelphone/answer/15312581?hl=en
PIX-E011,pixel,Pixel Screenshots 自然语言检索,Gemini / Gemini Intelligence,当前 Pixel Screenshots App,同PIX-E010；不是所有Pixel系列，9a/10a未列。,澳、加、德、印、爱、日、马、新、英、美；英语、德语、日语,地区/机型限定,原生应用 AI,Pixel Screenshots 搜索,打开 Pixel Screenshots → 在底部输入自然语言查询,文字,Pixel Screenshots 搜索,无指代,无指代 | 对话指代,截图语义检索,截图语义检索,随设备、地区、语言和应用版本变化,SRC-038,A,打开 Pixel Screenshots | 在底部输入自然语言查询 | 查看匹配截图或答案 | 点击相关截图或动作芯片,,VISUAL_GAP_SOURCE_LINK_ONLY,VIDEO_GAP,截至2026-09-08逐项核对触发、机型与市场；新闻稿不用于替代操作证据。,,,,,PIX-F08,Screenshots保存与检索,104,https://support.google.com/pixelphone/answer/15312581?hl=en
PIX-E026,pixel,Screenshots 向 Gboard 提供截图建议,Pixel Screenshots / Gboard,截至2026-09-08专项支持页；具体版本见model_scope,支持Pixel Screenshots的Pixel9/10/11主系列及对应Pro/XL/Fold，以支持页枚举为准，不外推a系列。,英文、德文、日文；澳加德印爱日马新英美等支持页列出市场。,地区/机型限定,键盘与选中文本菜单,其他应用搜索框的 Gboard 建议,保存相关截图并等待 Pixel Screenshots 处理 → 打开 Maps 等兼容应用的搜索框,触控,其他应用搜索框的 Gboard 建议,混合方式,混合方式,截图内容自动填充建议,截图内容自动填充建议,建议在键盘初次显示时出现，开始输入后会消失；只针对兼容应用与已处理截图。,SRC-038,A,保存相关截图并等待 Pixel Screenshots 处理 | 打开 Maps 等兼容应用的搜索框 | 在键盘显示截图建议时点击候选,,VISUAL_GAP_SOURCE_LINK_ONLY,VIDEO_GAP,补遗漏或拆开不同入口；仅按列出的官方证据确认流程。,,,,,PIX-F08,Screenshots保存与检索,104,https://support.google.com/pixelphone/answer/15312581?hl=en
PIX-E012,pixel,Magic Cue 情境信息建议,Gemini / Gemini Intelligence,当前Magic Cue；与Pixel11 Proactive Assistance分开,Pixel10/Pro/XL/Fold：官方九国；Pixel11/Pro/XL/Fold在资格表中仅列英国。未列a系列。,Pixel10：澳、加、印、爱、日、马、新、英、美；Pixel11 Magic Cue：资格表列英国,地区/机型限定,通知／卡片／主动建议,聊天、电话、天气、搜索等 App,在支持的聊天、电话或搜索场景查看建议卡 → 点击需要的信息或长按查看建议来源,系统主动,聊天、电话、天气、搜索等 App,主动上下文,主动上下文 | 自动对象识别,情境信息找回,情境信息找回,账户资格正文存在personal/Workspace描述冲突，保守按18+个人账户；工作档案与Private Space不可用；不承诺每个场景出卡。,SRC-039,A,在支持的聊天、电话或搜索场景查看建议卡 | 点击需要的信息或长按查看建议来源 | 核对后使用信息,,VISUAL_GAP_SOURCE_LINK_ONLY,VIDEO_GAP,原表把所有Pixel11市场沿用Magic Cue不准确；Pixel11美加等新增Proactive Assistance记录。,,,,,PIX-F09,Magic Cue,104,https://support.google.com/pixelphone/answer/16508057?hl=en
PIX-E027,pixel,Proactive assistance 对话建议,Pixel Proactive assistance / Gemini,截至2026-09-08专项支持页；具体版本见model_scope,Pixel11、11Pro、11ProXL、11ProFold；18+个人Google账户，默认Gemini及Personal Intelligence启用。,澳大利亚、加拿大、印度、马来西亚、新加坡、美国：英语；日本：日语；不外推英国/EEA。,地区/机型限定,原生应用 AI,兼容消息应用内情境建议,在 Settings 打开 Proactive assistance 并选择允许的数据源 → 在兼容消息应用中打开相关对话,触控,兼容消息应用内情境建议,混合方式,混合方式,个人上下文建议,个人上下文建议,需主动启用；数据源可逐项关闭，工作账户不等同个人账户。,PIX-QA-S008,A,在 Settings 打开 Proactive assistance 并选择允许的数据源 | 在兼容消息应用中打开相关对话 | 出现情境建议时点击候选 | 核对带入的信息再继续回复或动作,,VISUAL_GAP_SOURCE_LINK_ONLY,VIDEO_GAP,与Magic Cue分开列：Pixel11英国按Magic Cue表，其他所列市场按Proactive帮助页。,,,,,PIX-F10,主动建议与At a Glance,104,https://support.google.com/pixelphone/answer/17579905?hl=en
PIX-E036,pixel,Proactive assistance At a Glance 情境卡,Pixel Proactive assistance,截至2026-09-08专项支持页；具体版本见model_scope,Pixel11系列；18+个人账户及Proactive资格同PIX-E027。,澳加印马新美英语、日本日语；英国不在此表。,地区/机型限定,通知／卡片／主动建议,Pixel11 主屏 At a Glance,完成 Proactive assistance 及相关数据源授权 → 进入符合条件的地点或日程情境,触控,Pixel11 主屏 At a Glance,混合方式,混合方式,地点相关个人信息建议,地点相关个人信息建议,与PIX-E027共享后台能力，作为另一呈现位置记录；不是额外一套模型或能力。,PIX-QA-S008,A,完成 Proactive assistance 及相关数据源授权 | 进入符合条件的地点或日程情境 | 查看 At a Glance 出现的提示 | 点击卡片核对相应信息,,VISUAL_GAP_SOURCE_LINK_ONLY,VIDEO_GAP,补遗漏或拆开不同入口；仅按列出的官方证据确认流程。,,,,,PIX-F10,主动建议与At a Glance,104,https://support.google.com/pixelphone/answer/17579905?hl=en
PIX-E015,pixel,Gboard Rambler 语音输入,Gemini / Gemini Intelligence,Pixel11当前Gboard Rambler,Pixel11系列；最新版Gboard默认键盘且有麦克风权限；完整功能联网，离线仅部分功能。,支持国家及文档列出的语言；本页语种清单未列中文，不可宣称中文Rambler,地区/机型限定,键盘与选中文本菜单,Gboard,点击文本框调出 Gboard → 点击麦克风并自然口述,语音 | 触控,Gboard,无指代,无指代 | 对话指代,语音整理为文本 | 语音改写,语音整理为文本；语音改写,Pixel 11，国家／语言与年龄限制,PIX-QA-S005,A,点击文本框调出 Gboard | 点击麦克风并自然口述 | 点击 Done 或松开按住的麦克风 | 检查写入文本并按需口述修改,MED-V026,有界面/功能示意（见媒体边界）,LOCAL_CLIP,原表的点击麦克风不足以区分标准听写；补Rambler模式、停止动作及非实时逐字反馈。,,,,,PIX-F11,Gboard Rambler语音,105,https://support.google.com/pixelphone/answer/17468539?hl=en | https://storage.googleapis.com/gweb-uniblog-publish-prod/original_videos/Rambler-animation-1.mp4
PIX-E017,pixel,Gboard Writing tools,Gemini / Gemini Intelligence,Pixel11当前Gboard Writing tools,Pixel11系列、默认Gboard、最新版；个人上下文需用户开启，使用Private AI Compute；不等于完全离线。,支持国家/地区但排除EEA；支持简繁中文等不等于中国大陆可用,地区/机型限定,键盘与选中文本菜单,Gboard,在 Gboard 文本框写入草稿 → 点击 Writing tools,触控 | 文字,Gboard,文本选择,文本选择,文本改写 | 生成草稿,文本改写；生成草稿,Suggested与Smart reply需Personalized suggestions；Google Messages折叠屏展开模式有排除；过长文字可能自动缩短选区。,PIX-QA-S001,A,在 Gboard 文本框写入草稿 | 点击 Writing tools | 选择改写风格或 Describe your edit | 检查候选并点击 Use this | 如需恢复点击 Undo,PX26-01,VISUAL_GAP_SOURCE_LINK_ONLY,VIDEO_GAP,Google Android/Gboard官方演示，非Pixel11实机，机型/系统版本未标。采用Professional文本后恢复键盘；Undo仅可见，未撤销或发送。,,,,,PIX-F12,Gboard Writing tools,107,https://support.google.com/pixelphone/answer/17470061?hl=en | https://www.android.com/intl/en-US_us/new-features-on-android/
PIX-E016,pixel,Gboard Sign-to-text：ASL 转英文,Gemini / Gemini Intelligence,Pixel11当前Gboard,Pixel11；最新版Gboard且键盘语言en-US或en-CA，必须授权相机；使用SL2T。,本轮仅证实ASL到英语；不是中国手语或通用手语,地区/机型限定,辅助功能,Gboard 相机输入,在文本框调出 Gboard → 点击工具栏或菜单中的 Sign-to-text,系统主动,Gboard 相机输入,相机取景,相机取景,ASL转英文文本,ASL转英文文本,Pixel 11 与支持语言,PIX-QA-S006,A,在文本框调出 Gboard | 点击工具栏或菜单中的 Sign-to-text | 让前置相机看清双手、上半身与脸并开始打手语 | 将手移出画面表示结束 | 点击 Sign-to-text 返回键盘并核对文本,,VISUAL_GAP_SOURCE_LINK_ONLY,VIDEO_GAP,截至2026-09-08逐项核对触发、机型与市场；新闻稿不用于替代操作证据。,,,,,PIX-F13,手语转文字入口,105,https://support.google.com/pixelphone/answer/17468449?hl=en-AU
PIX-E038,pixel,Live Transcribe手语转文字,,Pixel11系列 / 2026-08官方说明,,ASL至英语；以当地功能可用性为准,地区/机型限定,,,Live Transcribe内使用sign-to-text,,,无指代,无指代,,,照片是Pixel11 Pro Fold展开布局；不能代表直板或Gboard相同布局。,,,打开Live Transcribe并切到手语输入 | 对前摄使用ASL | 查看转写；退出具体控件待实测,,,,,,,,,PIX-F13,手语转文字入口,105,https://blog.google/products-and-platforms/devices/pixel/american-sign-language-sign-to-text-pixel-11/
PIX-E020,pixel,Recorder 转写摘要,Gemini / Gemini Intelligence,当前Recorder文档；不以Pixel硬件规格表代替操作证据,摘要Pixel8+；英、普通话、印地、意、法、德、日语转写；某些语言需联网，不能统称纯端侧。,按Recorder摘要语言及服务资格,地区/机型限定,原生应用 AI,Recorder,在 Recorder 打开已保存录音 → 进入 Transcript,触控,Recorder,自动对象识别,自动对象识别,录音转写摘要,录音转写摘要,文档称约5分钟到1小时语音，实际按语种和密度变；短录音可能不满足。,PIX-QA-S010,A,在 Recorder 打开已保存录音 | 进入 Transcript | 按首次提示启用并点击 Summarize | 展开摘要并回听对应录音,,VISUAL_GAP_SOURCE_LINK_ONLY,VIDEO_GAP,截至2026-09-08逐项核对触发、机型与市场；新闻稿不用于替代操作证据。,,,,,PIX-F14,Recorder摘要,106,https://support.google.com/pixelphone/answer/16267698?hl=en
PIX-E018,pixel,Phone 手动 Call Screen,Gemini / Gemini Intelligence,当前Phone by Google文档,支持Call Screen的Pixel；手动需支持国家的SIM，自动是否可用依机型/漫游等。,手动：澳、加、法、德、印、爱、意、日、西、英、美；自动：澳、加、爱、英、美,地区/机型限定,原生应用 AI,来电界面,收到来电时点击 Screen call → 阅读实时转写,触控,来电界面,主动上下文,主动上下文,来电筛选,来电筛选,自动／手动可用国家不同；需当地 SIM,SRC-040,A,收到来电时点击 Screen call | 阅读实时转写 | 选择建议回复或接听、挂断,,VISUAL_GAP_SOURCE_LINK_ONLY,VIDEO_GAP,自动筛选另列配置分支，不把系统筛选过程算成用户主动动作。,,,,,PIX-F15,Call Screen筛选来电,108,https://support.google.com/pixelphone/answer/9118387?hl=en
PIX-E019,pixel,Take a Message 留言与AI下一步,Gemini / Gemini Intelligence,当前Take a Message,基础含转写通常Pixel6+；印度限Pixel10+；AI Call Actions仅Pixel9+且指定五国。,转写：澳、加、法、德、印(限机型)、爱、意、日、西、英、美；AI下一步仅澳、加、爱、英、美,地区/机型限定,原生应用 AI,未接／拒接电话,未接或拒接来电后查看 Taking a Message 通知 → 按需点击 Answer 加入,系统主动,未接／拒接电话,主动上下文,主动上下文 | 自动对象识别,来电留言 | 转写 | 下一步建议,来电留言；转写；下一步建议,部分其他市场只有音频；关机、无信号、漫游等可转运营商语音信箱，不能保证总有转写/下一步。,PIX-QA-S002,A,未接或拒接来电后查看 Taking a Message 通知 | 按需点击 Answer 加入 | 在 Phone 的 Home 打开该通话 | 查看录音/转写和可用的下一步建议,,VISUAL_GAP_SOURCE_LINK_ONLY,VIDEO_GAP,截至2026-09-08逐项核对触发、机型与市场；新闻稿不用于替代操作证据。,,,,,PIX-F16,Take a Message留言,108,https://support.google.com/pixelphone/answer/16515613?hl=en
PIX-E029,pixel,Phone Live Translate／Voice Translate,Pixel Phone Live Translate,截至2026-09-08专项支持页；具体版本见model_scope,Pixel10及后续受支持系列；Pixel10界面称Voice Translate，Pixel11称Live Translate，具体机型含Fold/a按帮助页。,支持的语言与英语配对；不宣称任意语种两两互译。,地区/机型限定,原生应用 AI,Phone 通话内 Call Assist,开始或接听电话 → 点击 Call Assist 并选择 Live Translate,触控,Phone 通话内 Call Assist,混合方式,混合方式,通话实时翻译,通话实时翻译,官方说明本地处理且不保存整段对话；与PIX-E024文字翻译分开。,PIX-QA-S003,A,开始或接听电话 | 点击 Call Assist 并选择 Live Translate | 选择对方语言并点击 Done | 听取翻译，必要时在通话工具中停止,AU23-01,相关应用内操作阶段有录屏；独立触发分支仍按说明,LOCAL_MP4_PHASE_EVIDENCE,补遗漏或拆开不同入口；仅按列出的官方证据确认流程。,,,,,PIX-F17,电话语音翻译,109,https://support.google.com/pixelphone/answer/16477051?hl=en | https://au-sp-taiken.jp/google-pixel-10/myvoice/
PIX-E024,pixel,Pixel Live Translate 文字会话,Pixel Live Translate,当前Live Translate文字流程,Pixel6及以后文字翻译；Phone语音翻译Pixel10+，媒体翻译Pixel11+，已拆增。,支持App、语种与地区,地区/机型限定,原生应用 AI,兼容消息应用文字翻译,打开支持聊天App的外语消息 → 点击翻译提示芯片,系统主动,兼容消息应用文字翻译,主动上下文,主动上下文,消息文本翻译,消息文本翻译,设备、语言和地区限制,PIX-QA-S013,A,打开支持聊天App的外语消息 | 点击翻译提示芯片 | 在下拉菜单调整双方语言 | 点击语言气泡切换原文/译文,,VISUAL_GAP_SOURCE_LINK_ONLY,VIDEO_GAP,原“通话或会话中开启翻译”过度合并；新增PIX-E029/030保留其他两类。,,,,,PIX-F18,聊天与媒体Live Translate,108,https://support.google.com/pixelphone/answer/11209263
PIX-E030,pixel,视频播放中的媒体 Live Translate,Pixel Live Translate,截至2026-09-08专项支持页；具体版本见model_scope,Pixel11系列媒体翻译；不可用文字翻译Pixel6+门槛外推。,依媒体翻译支持语言与市场,地区/机型限定,原生应用 AI,兼容视频上方的翻译按钮,在 YouTube 等兼容应用播放支持视频 → 点击视频上方出现的翻译入口,触控,兼容视频上方的翻译按钮,混合方式,混合方式,媒体语音翻译,媒体语音翻译,支持清晰主要说话人的指定内容；音乐与多声源不能据此保证可译。,PIX-QA-S013 | SRC-035,A,在 YouTube 等兼容应用播放支持视频 | 点击视频上方出现的翻译入口 | 选择目标语言并继续观看,,VISUAL_GAP_SOURCE_LINK_ONLY,VIDEO_GAP,补遗漏或拆开不同入口；仅按列出的官方证据确认流程。,,,,,PIX-F18,聊天与媒体Live Translate,108,https://support.google.com/pixelphone/answer/11209263 | https://blog.google/products-and-platforms/devices/pixel/pixel-11-features/
PIX-E022,pixel,Pixel Camera Magic Capture,Gemini / Gemini Intelligence,Pixel11 Camera,Pixel11/Pro/XL/Pro Fold；Video Boost仅Pro/XL/Pro Fold，每次需开启；不泛化Pixel10。,按Pixel11销售及功能支持地区,地区/机型限定,原生应用 AI,Pixel Camera,打开 Camera → 在底部模式滑条选 Magic Capture,触控 | 视觉,Pixel Camera,相机取景,相机取景 | 自动对象识别,自动拍摄会话,自动拍摄会话,Pixel 11；需用户主动启动会话,PIX-QA-S007,A,打开 Camera | 在底部模式滑条选 Magic Capture | 对准场景并点击快门 | 点击 Stop 结束 | 查看保存的照片和视频,,VISUAL_GAP_SOURCE_LINK_ONLY,VIDEO_GAP,截至2026-09-08逐项核对触发、机型与市场；新闻稿不用于替代操作证据。,,,,,PIX-F19,Magic Capture,110,https://support.google.com/pixelcamera/answer/17402963?hl=en-GB
PIX-E033,pixel,Google Photos 单张照片 Ask,Ask Photos / Gemini,截至2026-09-08专项支持页；具体版本见model_scope,满足Ask Photos资格的Android版Google Photos账户；非Pixel独占。,按Ask Photos当前推出国家和语言；不把Pixel型号当唯一资格。,地区/机型限定,原生应用 AI,Google Photos 已备份照片,打开 Google Photos 中已备份的照片 → 点击 Ask,触控,Google Photos 已备份照片,点击对象,点击对象,照片问答,照片问答,Ask Photos为逐步开放功能，需账户、年龄及相关设置；与PIX-E021编辑入口分开。,PIX-QA-S012,A,打开 Google Photos 中已备份的照片 | 点击 Ask | 输入或说出照片相关问题 | 查看回答并按需追问,,VISUAL_GAP_SOURCE_LINK_ONLY,VIDEO_GAP,补遗漏或拆开不同入口；仅按列出的官方证据确认流程。,,,,,PIX-F20,Google Photos问答与编辑,110,https://support.google.com/photos/answer/15318661?co=GENIE.Platform%3DAndroid&hl=en
PIX-E037,pixel,Google Photos Edit with Ask Photos,,2026年6月Pixel Drop；Pixel 6及更新机型；特定市场与语言,,英国、德国、法国、西班牙、意大利等支持市场,地区/机型限定,,,照片进入编辑，使用Ask Photos描述编辑要求,,,混合方式,自动对象识别 | 对话指代,,,本图为官方编辑示例；单张照片问答是另一入口分支。,,,打开照片编辑 | 输入编辑要求并生成 | 核对预览并按需保存,,,,,,,,,PIX-F20,Google Photos问答与编辑,110,https://blog.google/products-and-platforms/devices/pixel/june-2026-pixel-drop/
SAM-E001,samsung,Hey Google 唤醒 Gemini,Google Gemini,按当前专项文档与机型核验，不统一设One UI8.5,装有Google服务且符合Gemini条件的Galaxy手机；Google App为默认助理并选择Gemini。,以Samsung美国支持站所列海外版本为证；地区、运营商、语言和型号影响功能，中国大陆版未由本轮证实。,地区/机型限定,语音唤醒,系统全局,说出 Hey Google → 口述任务,语音,系统全局,无指代,无指代 | 对话指代,Gemini问答,Gemini问答,随设备、地区、语言和应用版本变化,SRC-036,A,说出 Hey Google | 口述任务 | 查看 Gemini 结果,,VISUAL_GAP_SOURCE_LINK_ONLY,VIDEO_GAP,截至2026-09-08核对官方正文；机型、系统和App版本分别限定。,,,,,SAM-F01,侧键/语音Gemini与Bixby,112,https://support.google.com/gemini/answer/14554984?hl=en-GB
SAM-E002,samsung,长按侧键启动 Gemini,Google Gemini,One UI7/8操作页中的Gemini路径；后续版本需看侧键设置,支持侧键Gemini配置的海外Galaxy，例如S25系列；需Google/Gemini资格。,以Samsung美国支持站所列海外版本为证；地区、运营商、语言和型号影响功能，中国大陆版未由本轮证实。,地区/机型限定,物理按键,机身侧键,长按已配置的侧键 → 在 Gemini 覆盖层输入或口述任务,触控/按键,机身侧键,无指代,无指代 | 整屏隐式指代 | 对话指代,Gemini问答 | Connected Apps动作,Gemini问答；Connected Apps动作,随设备、地区、语言和应用版本变化,SRC-047,A,长按已配置的侧键 | 在 Gemini 覆盖层输入或口述任务 | 查看结果,,VISUAL_GAP_SOURCE_LINK_ONLY,VIDEO_GAP,截至2026-09-08核对官方正文；机型、系统和App版本分别限定。,,,,,SAM-F01,侧键/语音Gemini与Bixby,112,https://www.samsung.com/us/support/answer/ANS10004612/
SAM-E003,samsung,Hi Bixby 语音入口,Bixby,S26/One UI8.5文档；旧Bixby入口早已存在,支持Bixby语音的Galaxy；此处的新理解能力按S26及已适配版本。,以Samsung美国支持站所列海外版本为证；地区、运营商、语言和型号影响功能，中国大陆版未由本轮证实。,地区/机型限定,语音唤醒,系统语音唤醒,说出 Hi Bixby → 描述想找的设置或问题,语音 | 触控/按键,系统语音唤醒,无指代,无指代 | 主动上下文,设备设置问答,设备设置问答,新版 Bixby One UI 8.5 首批仅部分市场,SRC-069,A,说出 Hi Bixby | 描述想找的设置或问题 | 查看 Bixby 回答或设置结果,MED-V030 | MED-V031,有界面/功能示意（见媒体边界）,LOCAL_CLIP,旧SRC-048抓取失败；改用直接支持页，侧键入口新增SAM-E038。,,,,,SAM-F01,侧键/语音Gemini与Bixby,112,https://www.samsung.com/us/support/answer/ANS10010424/ | https://img.global.news.samsung.com/global/wp-content/uploads/2026/02/19194222/Samsung-Mobile-Samsung-Introduces-the-New-Bixby-in-One-UI-8.5_Main1_final.gif | https://img.global.news.samsung.com/global/wp-content/uploads/2026/02/19194239/Samsung-Mobile-Samsung-Introduces-the-New-Bixby-in-One-UI-8.5_Main2_final.gif
SAM-E038,samsung,长按侧键启动 Bixby,Bixby,截至2026-09-08专项支持页；具体版本见model_scope,提供Bixby侧键选项的Galaxy；按当前S26帮助页核验，其他机型设置可能不同。,以Samsung美国支持站所列海外版本为证；地区、运营商、语言和型号影响功能，中国大陆版未由本轮证实。,地区/机型限定,物理按键,侧键长按,长按已配置为 Bixby 的侧键 → 说出请求,触控,侧键长按,混合方式,混合方式,Bixby问答与设备控制,Bixby问答与设备控制,依来源所列语言/市场/机型开放；未真机复现。,SRC-069,A,长按已配置为 Bixby 的侧键 | 说出请求 | 查看结果并按需继续追问,,VISUAL_GAP_SOURCE_LINK_ONLY,VIDEO_GAP,SAM-E003只保留语音，实体按键为独立触发；不能宣称一个默认长按同时启动Gemini和Bixby。,,,,,SAM-F01,侧键/语音Gemini与Bixby,112,https://www.samsung.com/us/support/answer/ANS10010424/
SAM-E004,samsung,Gemini Live 相机共享,Google Gemini,按当前专项文档与机型核验，不统一设One UI8.5,支持Gemini Live的海外Galaxy；应用/账户及年龄条件同Google Live文档；具体模型未标明。,以Samsung美国支持站所列海外版本为证；地区、运营商、语言和型号影响功能，中国大陆版未由本轮证实。,地区/机型限定,相机实景,Gemini Live,长按侧键唤起 Gemini → 点击 Live,触控/按键 | 触控 | 视觉,Gemini Live,混合方式,混合方式 | 相机取景 | 整屏隐式指代 | 对话指代,实时实景对话,实时实景对话,随设备、地区、语言和应用版本变化,PIX-QA-S009 | SRC-047,A,长按侧键唤起 Gemini | 点击 Live | 点击相机并授权 | 对准目标并提问 | 停止共享或结束 Live,,VISUAL_GAP_SOURCE_LINK_ONLY,VIDEO_GAP,屏幕共享与相机分开；新增SAM-E042屏幕共享。,,,,,SAM-F02,Gemini Live相机与屏幕,112,https://support.google.com/gemini/answer/15274899?hl=en | https://www.samsung.com/us/support/answer/ANS10004612/
SAM-E042,samsung,Gemini Live 共享屏幕,Google Gemini Live,截至2026-09-08专项支持页；具体版本见model_scope,满足Gemini Live资格的兼容Galaxy Android手机；不是Galaxy AI机型表自动授予。,Gemini Live支持国家、语言与账户；本轮未证实中国大陆版。,地区/机型限定,原生应用 AI,Gemini Live > Share screen,唤起 Gemini 并进入 Live → 点击屏幕共享并确认系统提示,触控 | 语音 | 屏幕共享,Gemini Live > Share screen,混合方式,混合方式,连续屏幕问答,连续屏幕问答,需通知权限；静音不等于停止共享。锁屏/暂停会停止分享，重开需重新启用。,PIX-QA-S009 | SRC-047,A,唤起 Gemini 并进入 Live | 点击屏幕共享并确认系统提示 | 切到要讨论的应用并提出问题 | 点击停止共享结束屏幕输入,,VISUAL_GAP_SOURCE_LINK_ONLY,VIDEO_GAP,补遗漏或拆开不同入口；仅按列出的官方证据确认流程。,,,,,SAM-F02,Gemini Live相机与屏幕,112,https://support.google.com/gemini/answer/15274899?hl=en | https://www.samsung.com/us/support/answer/ANS10004612/
SAM-E005,samsung,Circle to Search 导航长按,Circle to Search with Google,支持文档列Android14/One UI6.1+，仍限指定设备,兼容Circle to Search的Galaxy手机；S Pen仅在支持S Pen的型号可用。,以Samsung美国支持站所列海外版本为证；地区、运营商、语言和型号影响功能，中国大陆版未由本轮证实。,地区/机型限定,导航条／Home,Home／底部导航条,长按 Home 或手势导航条 → 圈选或点选目标,触控/按键,Home／底部导航条,混合方式,混合方式 | 整屏隐式指代 | 自动对象识别 | 圈选／框选,屏幕视觉搜索,屏幕视觉搜索,需要联网；受保护/禁止截屏的应用不支持；不把搜索成功或识别精度视为保证。,SRC-046,A,长按 Home 或手势导航条 | 圈选或点选目标 | 上滑查看搜索结果 | 点击结果或补充查询,CTS20-01 | CTS20-02,LOCAL_VIDEO_FRAMES,LOCAL_MP4,截至2026-09-08核对官方正文；机型、系统和App版本分别限定。,,,,,SAM-F03,Circle to Search,113,https://www.samsung.com/us/support/answer/ANS10000939/ | https://www.youtube.com/watch?v=L8vPy0N9waA | https://www.youtube.com/watch?v=lKNTJKnoKwM
SAM-E007,samsung,Edge Panel AI Select,Gemini / Bixby / Galaxy AI,One UI7已有面板入口；此流程按S26支持页,已适配AI Select的Galaxy手机；不是所有带Edge Panel机型。,以Samsung美国支持站所列海外版本为证；地区、运营商、语言和型号影响功能，中国大陆版未由本轮证实。,地区/机型限定,系统侧边栏,Edge Panel,向内滑动 Edge handle 打开面板 → 点击 AI Select,触控,Edge Panel,圈选／框选,圈选／框选 | 文本选择 | 自动对象识别,屏幕区域识别 | 内容动作,屏幕区域识别；内容动作,随设备、地区、语言和应用版本变化,SRC-069,A,向内滑动 Edge handle 打开面板 | 点击 AI Select | 点对象或框选区域并调整边角 | 点击高亮区域选择文字、地图或其他动作,,VISUAL_GAP_SOURCE_LINK_ONLY,VIDEO_GAP,截至2026-09-08核对官方正文；机型、系统和App版本分别限定。,,,,,SAM-F04,Edge AI Select,114,https://www.samsung.com/us/support/answer/ANS10010424/
SAM-E026,samsung,长按 Edge handle 进入 AI Select,Gemini / Bixby / Galaxy AI,已核S25 Ultra SM-S938B固件2026-05-20、One UI8.5,此直接证据只覆盖SM-S938B所示分支；不能外推所有地区Galaxy或每个8.5机型。,以Samsung美国支持站所列海外版本为证；地区、运营商、语言和型号影响功能，中国大陆版未由本轮证实。,地区/机型限定,系统侧边栏,Edge handle,长按屏幕边缘 Edge handle → 选择屏幕中目标,触控/按键,Edge handle,点击对象,点击对象 | 圈选／框选 | 文本选择 | 截图裁切,屏幕内容选择,屏幕内容选择,随设备、地区、语言和应用版本变化,SRC-075 | SRC-069 | AS31-S01,A,长按屏幕边缘 Edge handle | 选择屏幕中目标 | 选择可用后续动作,MED-I009 | AS31-01 | AS31-02 | AR32-01 | AR32-02 | AR32-03 | AR32-04,Official Samsung simulated tutorial; other entry branches retained,LOCAL_CLIP_WITH_MARKET_BOUNDARY,截至2026-09-08核对官方正文；机型、系统和App版本分别限定。,,,,,SAM-F04,Edge AI Select,114,https://doc.samsungmobile.com/SM-S938B/032555250224/mlt.html | https://www.samsung.com/us/support/answer/ANS10010424/ | https://www.youtube.com/watch?v=eoXIKRmhw7M
SAM-E039,samsung,截图工具栏 AI Select,Galaxy AI（按入口）,截至2026-09-08专项支持页；具体版本见model_scope,S26专项支持页列出的兼容Galaxy AI Select版本；不外推所有旧型号。,以Samsung美国支持站所列海外版本为证；地区、运营商、语言和型号影响功能，中国大陆版未由本轮证实。,地区/机型限定,截屏,截屏预览工具栏,对目标屏幕截图 → 点击截图工具栏上的 AI Select,触控,截屏预览工具栏,截图裁切,截图裁切,截图区域识别与动作,截图区域识别与动作,依来源所列语言/市场/机型开放；未真机复现。,SRC-069,A,对目标屏幕截图 | 点击截图工具栏上的 AI Select | 点选或框选目标并调整选区 | 点击高亮内容选择后续动作,,VISUAL_GAP_SOURCE_LINK_ONLY,VIDEO_GAP,补遗漏或拆开不同入口；仅按列出的官方证据确认流程。,,,,,SAM-F04,Edge AI Select,114,https://www.samsung.com/us/support/answer/ANS10010424/
SAM-E040,samsung,S Pen Air Command 的 AI Select,Galaxy AI（按入口）,截至2026-09-08专项支持页；具体版本见model_scope,官方该路径明确Galaxy S26 Ultra的S Pen；不外推S26/Plus或无笔机型。,以Samsung美国支持站所列海外版本为证；地区、运营商、语言和型号影响功能，中国大陆版未由本轮证实。,地区/机型限定,识屏与圈选,S26 Ultra S Pen 浮窗菜单,使用 S Pen 打开 Air Command → 选择 AI Select,触控,S26 Ultra S Pen 浮窗菜单,圈选／框选,圈选／框选,屏幕区域识别与动作,屏幕区域识别与动作,依来源所列语言/市场/机型开放；未真机复现。,SRC-069,A,使用 S Pen 打开 Air Command | 选择 AI Select | 点选或勾画目标区域 | 调整范围并选择识别后的动作,,VISUAL_GAP_SOURCE_LINK_ONLY,VIDEO_GAP,补遗漏或拆开不同入口；仅按列出的官方证据确认流程。,,,,,SAM-F04,Edge AI Select,114,https://www.samsung.com/us/support/answer/ANS10010424/
SAM-E024,samsung,Gemini Ask about screen / page,Google Gemini,按当前专项文档与机型核验，不统一设One UI8.5,兼容Gemini的Galaxy；需Google App默认助理与screen context开关。,以Samsung美国支持站所列海外版本为证；地区、运营商、语言和型号影响功能，中国大陆版未由本轮证实。,地区/机型限定,识屏与圈选,Gemini 覆盖层,在当前 App 唤起 Gemini → 点击 Ask about screen / page,触控,Gemini 覆盖层,整屏隐式指代,整屏隐式指代 | 对话指代,屏幕问答,屏幕问答,随设备、地区、语言和应用版本变化,SRC-036,A,在当前 App 唤起 Gemini | 点击 Ask about screen / page | 输入问题并提交 | 查看回复,,VISUAL_GAP_SOURCE_LINK_ONLY,VIDEO_GAP,旧SRC-069当前正文没有此流程，改为Google专项操作文档。,,,,,SAM-F05,Gemini问当前屏幕,116,https://support.google.com/gemini/answer/14554984?hl=en-GB
SAM-E029,samsung,主屏 Home Finder 自然语言搜索,Gemini / Bixby / Galaxy AI,One UI8.5起Home Finder；One UI9设置位置有变化,S26起及已适配Galaxy；当前支持录音、通话录音、日历、Notes、Reminders、My Files等,以Samsung美国支持站所列海外版本为证；地区、运营商、语言和型号影响功能，中国大陆版未由本轮证实。,地区/机型限定,桌面与搜索,主屏搜索栏／Finder,点击主屏 Finder 图标 → 输入至少5字符的查询或完整句子,文字,主屏搜索栏／Finder,无指代,无指代 | 对话指代,个人内容搜索,个人内容搜索,高级查询通常需查询语言与系统语言一致,SRC-071,A,点击主屏 Finder 图标 | 输入至少5字符的查询或完整句子 | 查看匹配内容/预订卡 | 点击目标记录,,VISUAL_GAP_SOURCE_LINK_ONLY,VIDEO_GAP,官网注释“Android 8.5”是错误表述，正文明确One UI8.5；此审核纠正而不照抄。Home Finder默认关闭。,,,,,SAM-F06,Finder与Gallery搜索,116,https://www.samsung.com/us/support/answer/ANS10013035/
SAM-E046,samsung,Gallery 自然语言搜索,Samsung Gallery,截至2026-09-08专项支持页；具体版本见model_scope,支持自然语言图库搜索的One UI7/8 Galaxy版本；不要将普通关键词搜索等同所有机型AI语义检索。,以Samsung美国支持站所列海外版本为证；地区、运营商、语言和型号影响功能，中国大陆版未由本轮证实。,地区/机型限定,原生应用 AI,Samsung Gallery 搜索框,打开 Gallery 并点击搜索 → 输入描述要找的照片或视频,触控,Samsung Gallery 搜索框,混合方式,混合方式,图库自然语言检索,图库自然语言检索,同一搜索入口内部检索能力增强，不能再按每种描述各算一个入口。,SRC-047,A,打开 Gallery 并点击搜索 | 输入描述要找的照片或视频 | 点击键盘搜索并查看结果,,VISUAL_GAP_SOURCE_LINK_ONLY,VIDEO_GAP,补遗漏或拆开不同入口；仅按列出的官方证据确认流程。,,,,,SAM-F06,Finder与Gallery搜索,116,https://www.samsung.com/us/support/answer/ANS10004612/
SAM-E009,samsung,Now Brief 桌面小组件,Gemini / Bixby / Galaxy AI,One UI7/8文档；旧SRC044根地址现为One UI9，不能继续标8.5,支持Now Brief的Galaxy，如S25/S26及指定适配机型；不能从总览6.1脚注推断全部老机型。,以Samsung美国支持站所列海外版本为证；地区、运营商、语言和型号影响功能，中国大陆版未由本轮证实。,地区/机型限定,通知／卡片／主动建议,桌面Now Brief小组件,在主屏点击 Now brief 小组件 → 浏览当前简报,系统主动,桌面Now Brief小组件,主动上下文,主动上下文,个性化简报,个性化简报,随设备、地区、语言和应用版本变化,SRC-047,A,在主屏点击 Now brief 小组件 | 浏览当前简报 | 点击需要的内容卡进入对应详情,SA23-02,相关应用内操作阶段有录屏；独立触发分支仍按说明,LOCAL_MP4_PHASE_EVIDENCE,截至2026-09-08核对官方正文；机型、系统和App版本分别限定。,,,,,SAM-F07,Now Brief与Now Bar,117,https://www.samsung.com/us/support/answer/ANS10004612/ | https://www.youtube.com/watch?v=Zu5QRRRMgMk
SAM-E010,samsung,Now Bar 锁屏信息面,Gemini / Bixby / Galaxy AI,One UI7起的Now Bar，按适配机型,支持Now Bar的Galaxy且设置屏幕锁；Now Brief内容需另满足资格。,以Samsung美国支持站所列海外版本为证；地区、运营商、语言和型号影响功能，中国大陆版未由本轮证实。,地区/机型限定,锁屏／控制中心,锁屏底部,唤醒锁屏 → 在 Now Bar 上滑选择项目,系统主动,锁屏底部,主动上下文,主动上下文,锁屏活动与简报访问,锁屏活动与简报访问,随设备、地区、语言和应用版本变化,SRC-045,A,唤醒锁屏 | 在 Now Bar 上滑选择项目 | 点开简报或相应活动 | 长按查看可用选项,AUDIMG-059,有界面/功能示意（见媒体边界）,VIDEO_GAP,截至2026-09-08核对官方正文；机型、系统和App版本分别限定。,,,,,SAM-F07,Now Brief与Now Bar,117,https://www.samsung.com/us/support/answer/ANS10000753/
SAM-E047,samsung,Edge 面板 Now Brief,Galaxy AI Now Brief,截至2026-09-08专项支持页；具体版本见model_scope,支持Now Brief且提供Edge入口的Galaxy；不能套用所有One UI6.1设备。,以Samsung美国支持站所列海外版本为证；地区、运营商、语言和型号影响功能，中国大陆版未由本轮证实。,地区/机型限定,系统侧边栏,Edge Apps 面板的 Now Brief,向内滑动 Edge handle → 在面板点击 Now Brief,触控,Edge Apps 面板的 Now Brief,混合方式,混合方式,个人简报,个人简报,依来源所列语言/市场/机型开放；未真机复现。,SRC-047,A,向内滑动 Edge handle | 在面板点击 Now Brief | 阅读当前简报并点击需要的卡片,SA23-02,相关应用内操作阶段有录屏；独立触发分支仍按说明,LOCAL_MP4_PHASE_EVIDENCE,与桌面小组件不同触发位置，后台简报能力同源；入口可分别记录、能力不重复计数。,,,,,SAM-F07,Now Brief与Now Bar,117,https://www.samsung.com/us/support/answer/ANS10004612/ | https://www.youtube.com/watch?v=Zu5QRRRMgMk
SAM-E011,samsung,Now Nudge 键盘上方建议,Gemini / Bixby / Galaxy AI,One UI8.5+指定Galaxy；Z Fold8多窗口单独看,S26及其他已适配Now Nudge机型；不是任意One UI8.5设备。,以Samsung美国支持站所列海外版本为证；地区、运营商、语言和型号影响功能，中国大陆版未由本轮证实。,地区/机型限定,通知／卡片／主动建议,兼容应用键盘上方Now Nudge建议,在支持的消息会话查看键盘上方建议 → 点击 Add event 等建议,系统主动,兼容应用键盘上方Now Nudge建议,主动上下文,主动上下文 | 自动对象识别,情境建议 | 日历等应用动作,情境建议；日历等应用动作,随设备、地区、语言和应用版本变化,SRC-070,A,在支持的消息会话查看键盘上方建议 | 点击 Add event 等建议 | 在目标 Calendar 核对事件详情 | 点击 Save,MED-V029,有界面/功能示意（见媒体边界）,LOCAL_CLIP,截至2026-09-08核对官方正文；机型、系统和App版本分别限定。,,,,,SAM-F08,Now Nudge,118,https://www.samsung.com/us/support/answer/ANS10010355/ | https://images.samsung.com/is/content/samsung/assets/us/f2607/mobile/one-ui/oneui_04_now_nudge_pc_1440x590.mp4
SAM-E028,samsung,Notification Highlights,Gemini / Bixby / Galaxy AI,Galaxy S26支持页,S26及已明确适配功能的Galaxy；不由8.5版本号推全量。,以Samsung美国支持站所列海外版本为证；地区、运营商、语言和型号影响功能，中国大陆版未由本轮证实。,地区/机型限定,通知／卡片／主动建议,通知面板,打开通知面板 → 阅读优先排序或聊天摘要,系统主动,通知面板,主动上下文,主动上下文 | 自动对象识别,通知优先排序 | 聊天通知摘要,通知优先排序；聊天通知摘要,随设备、地区、语言和应用版本变化,SRC-069,A,打开通知面板 | 阅读优先排序或聊天摘要 | 展开通知核对原文 | 点击进入原App,,VISUAL_GAP_SOURCE_LINK_ONLY,VIDEO_GAP,截至2026-09-08核对官方正文；机型、系统和App版本分别限定。,,,,,SAM-F09,通知摘要与Health Assist,118,https://www.samsung.com/us/support/answer/ANS10010424/
SAM-E037,samsung,Samsung Health Health Assist,Gemini / Bixby / Galaxy AI,Samsung Health 6.27+、Android10+文档条件,符合Health Assist条件的Galaxy；不同指标所需Watch等设备另核。,以Samsung美国支持站所列海外版本为证；地区、运营商、语言和型号影响功能，中国大陆版未由本轮证实。,地区/机型限定,通知／卡片／主动建议,Samsung Health 首页,打开 Samsung Health → 查看首页按数据出现的洞察消息,系统主动,Samsung Health 首页,主动上下文,主动上下文,健康数据洞察,健康数据洞察,部分指标依赖兼容 Watch 与持续数据,SRC-045,A,打开 Samsung Health | 查看首页按数据出现的洞察消息 | 点击消息查看详情,,VISUAL_GAP_SOURCE_LINK_ONLY,VIDEO_GAP,旧条列Energy Score/睡眠等但总览不逐一证明全部内容；收窄为文档确证的首页洞察消息。,,,,,SAM-F09,通知摘要与Health Assist,118,https://www.samsung.com/us/support/answer/ANS10000753/
SAM-E048,samsung,Flip 外屏建议回复,Galaxy AI Suggested replies,截至2026-09-08专项支持页；具体版本见model_scope,支持页列Z Flip6、Flip7、Flip7FE、Flip8；不外推所有Fold或旧Flip。,以Samsung美国支持站所列海外版本为证；地区、运营商、语言和型号影响功能，中国大陆版未由本轮证实。,地区/机型限定,锁屏／控制中心,Galaxy Z Flip 外屏通知,在外屏点击消息通知 → 向上滑动查看建议回复,触控,Galaxy Z Flip 外屏通知,混合方式,混合方式,消息建议回复,消息建议回复,需兼容消息、语言与账户；建议回复不是自主代发。,SRC-045,A,在外屏点击消息通知 | 向上滑动查看建议回复 | 点击合适回复 | 核对后点击发送,,VISUAL_GAP_SOURCE_LINK_ONLY,VIDEO_GAP,补遗漏或拆开不同入口；仅按列出的官方证据确认流程。,,,,,SAM-F10,Flip外屏建议回复,118,https://www.samsung.com/us/support/answer/ANS10000753/
SAM-E008,samsung,Samsung Keyboard Writing Assist,Gemini / Bixby / Galaxy AI,One UI6.1+指定机型；Chat assist在部分型号改称Writing assist,兼容Galaxy手机、Samsung Keyboard；功能随版本不同；不证明任意第三方键盘都相同。,以Samsung美国支持站所列海外版本为证；地区、运营商、语言和型号影响功能，中国大陆版未由本轮证实。,地区/机型限定,键盘与选中文本菜单,Samsung Keyboard,在支持的文本框输入草稿 → 点击键盘工具栏三颗星 Writing assist,触控 | 文字,Samsung Keyboard,文本选择,文本选择,写作改写 | 校对 | 翻译,写作改写；校对；翻译,随设备、地区、语言和应用版本变化,SRC-072,A,在支持的文本框输入草稿 | 点击键盘工具栏三颗星 Writing assist | 选择 Writing style 等处理 | 检查并点击 Replace 或 Copy | 用户决定是否发送,SA25-01 | SA25-02,VISUAL_GAP_SOURCE_LINK_ONLY,VIDEO_GAP,截至2026-09-08核对官方正文；机型、系统和App版本分别限定。,,,,,SAM-F11,Samsung Keyboard写作,119,https://www.samsung.com/us/support/answer/ANS10000943/ | https://www.youtube.com/watch?v=Zu5QRRRMgMk
SAM-E016,samsung,Samsung Notes Note Assist,Gemini / Bixby / Galaxy AI,One UI6.1+指定设备与Samsung Notes,支持Note Assist的Galaxy手机；S Pen不是键入文本处理的必需条件。,以Samsung美国支持站所列海外版本为证；地区、运营商、语言和型号影响功能，中国大陆版未由本轮证实。,地区/机型限定,原生应用 AI,Samsung Notes,打开已有笔记 → 点击键盘上方 Notes assist 三颗星,触控,Samsung Notes,文本选择,文本选择 | 整屏隐式指代,笔记摘要 | 笔记格式化,笔记摘要；笔记格式化,摘要/自动格式化至少200字符；语言、账户与网络按功能限定。,SAM-QA-S001,A,打开已有笔记 | 点击键盘上方 Notes assist 三颗星 | 选择 Summarize | 选择摘要风格 | 选择 Copy、Replace 或 Add to,AUDIMG-044 | AUDIMG-039 | AUDIMG-038 | AUDIMG-037 | AUDIMG-034 | AUDIMG-033 | AUDIMG-032 | AUDIMG-031 | AUDIMG-030 | AUDIMG-029 | AUDIMG-028 | AUDIMG-027 | AUDIMG-026 | AUDIMG-025 | AUDIMG-024 | SA23-01,相关应用内操作阶段有录屏；独立触发分支仍按说明,LOCAL_MP4_PHASE_EVIDENCE,截至2026-09-08核对官方正文；机型、系统和App版本分别限定。,,,,,SAM-F12,Samsung Notes整理,120,https://www.samsung.com/us/support/answer/ANS10000941/ | https://www.youtube.com/watch?v=Zu5QRRRMgMk
SAM-E049,samsung,Notes 内录音 Transcript Assist,Samsung Notes / Transcript assist,截至2026-09-08专项支持页；具体版本见model_scope,支持Transcript assist且Notes版本满足要求的Galaxy；与Voice Recorder入口分开。,以Samsung美国支持站所列海外版本为证；地区、运营商、语言和型号影响功能，中国大陆版未由本轮证实。,地区/机型限定,原生应用 AI,Samsung Notes 中的录音,打开含录音的笔记 → 点击录音并打开录音列表,触控,Samsung Notes 中的录音,混合方式,混合方式,笔记录音转写与摘要,笔记录音转写与摘要,支持语言与录音质量影响可处理内容，未进行识别准确率测试。,SAM-QA-S002,A,打开含录音的笔记 | 点击录音并打开录音列表 | 选择语音转文字工具 | 查看转写或切换 Summary,,VISUAL_GAP_SOURCE_LINK_ONLY,VIDEO_GAP,补遗漏或拆开不同入口；仅按列出的官方证据确认流程。,,,,,SAM-F12,Samsung Notes整理,120,https://www.samsung.com/us/support/answer/ANS10000942/
SAM-E017,samsung,Voice Recorder Transcript Assist,Gemini / Bixby / Galaxy AI,One UI6.1+兼容机型与Voice Recorder,手机端Voice Recorder；折叠机并排布局不代表普通直板手机。,以Samsung美国支持站所列海外版本为证；地区、运营商、语言和型号影响功能，中国大陆版未由本轮证实。,地区/机型限定,原生应用 AI,Voice Recorder,打开已保存录音 → 点击 Transcript assist 并选择 Transcribe,触控,Voice Recorder,自动对象识别,自动对象识别,录音转写 | 录音摘要,录音转写；录音摘要,随设备、地区、语言和应用版本变化,SAM-QA-S002,A,打开已保存录音 | 点击 Transcript assist 并选择 Transcribe | 阅读转写 | 再点 Transcript assist > Summarize | 查看摘要或导入 Samsung Notes,AUDIMG-056 | AUDIMG-055 | AUDIMG-052 | AUDIMG-051 | AUDIMG-050 | AUDIMG-049 | AUDIMG-048 | AUDIMG-047 | AUDIMG-036 | AUDIMG-035 | SA26-01,有界面/功能示意（见媒体边界）,VIDEO_GAP,Summary style内选择Timeline，点Done后重生成并查看更新摘要。仅确认摘要样式，未关闭摘要、返回列表、退出录音机、复制、保存或导入Notes。新版本UI不代表One UI6.1起均支持同样样式选项。,,,,,SAM-F13,Recorder转写摘要,121,https://www.samsung.com/us/support/answer/ANS10000942/ | https://www.youtube.com/watch?v=Zu5QRRRMgMk
SAM-E015,samsung,Samsung Browser Browsing Assist,Galaxy AI Browsing Assist,One UI6.1+兼容机型与当前Samsung Browser,专项手机文档证实；横屏并排仅新折叠机/平板，不能拿平板布局当普通手机。,以Samsung美国支持站所列海外版本为证；地区、运营商、语言和型号影响功能，中国大陆版未由本轮证实。,地区/机型限定,原生应用 AI,Samsung Internet,打开 Samsung Browser 网页 → 点击 Browsing assist 图标,触控,Samsung Internet,整屏隐式指代,整屏隐式指代,网页摘要 | 网页翻译,网页摘要；网页翻译,随设备、地区、语言和应用版本变化,SAM-QA-S004,A,打开 Samsung Browser 网页 | 点击 Browsing assist 图标 | 点击 Summarize | 选择 Standard 或 Detailed 并查看摘要,AUDIMG-078 | AUDIMG-077 | AUDIMG-076 | AUDIMG-075 | AUDIMG-070 | AUDIMG-065 | AUDIMG-064 | AUDIMG-062 | BR37-01,第三方手机实录；实际build未标,LOCAL_CLIP,截至2026-09-08核对官方正文；机型、系统和App版本分别限定。,,,,,SAM-F14,Browser网页摘要,122,https://www.samsung.com/us/support/answer/ANS10012964/ | https://www.youtube.com/watch?v=Zu5QRRRMgMk
SAM-E014,samsung,Phone Call Screening,Gemini / Bixby / Galaxy AI,Android16 + One UI8.5或更新；指定机型,S26及兼容One UI8.5+ Galaxy；页面明确是Android16，不是Android8.5。,以Samsung美国支持站所列海外版本为证；地区、运营商、语言和型号影响功能，中国大陆版未由本轮证实。,地区/机型限定,原生应用 AI,来电界面,来电时点击 Call assist → 选择 Call screening,触控,来电界面,主动上下文,主动上下文,来电筛选,文字在本机对话区提交；红色电话按钮后显示Call ended，未核实对端收到,Android 16 / One UI 8.5+，机型和地区限制,SRC-049,A,来电时点击 Call assist | 选择 Call screening | 阅读实时转写 | 选择接听、拒接或 Text call 回复,MED-I011 | CL37-01 | CL37-02,第三方手机实录；实际build未标,LOCAL_CLIP,截至2026-09-08核对官方正文；机型、系统和App版本分别限定。,,,,,SAM-F15,通话筛选与文字接听,123,https://www.samsung.com/us/support/answer/ANS10010345/ | https://www.youtube.com/watch?v=Zu5QRRRMgMk
SAM-E013,samsung,Phone Call Assist Live Translate,Gemini / Bixby / Galaxy AI,One UI6.1+指定功能；本流程取One UI7/8支持页,支持Call Assist的Galaxy；第三方通话App路径与此不同，不能直接复用。,以Samsung美国支持站所列海外版本为证；地区、运营商、语言和型号影响功能，中国大陆版未由本轮证实。,地区/机型限定,原生应用 AI,Samsung Phone 通话界面,在 Samsung Phone 通话中点击 Call assist → 点击 Live translate,触控,Samsung Phone 通话界面,主动上下文,主动上下文,通话实时翻译,通话实时翻译,语言、地区、机型限制,SRC-047 | SA,A,在 Samsung Phone 通话中点击 Call assist | 点击 Live translate | 选择或核对双方语言 | 继续通话并查看翻译,AUDIMG-058 | SA29-01 | SA29-02,来源完整帧与可追溯手机局部；实际版本按片标注,LOCAL_CLIP,截至2026-09-08核对官方正文；机型、系统和App版本分别限定。,,,,,SAM-F16,电话实时翻译与摘要,124,https://www.samsung.com/us/support/answer/ANS10004612/ | https://www.youtube.com/watch?v=Zu5QRRRMgMk
SAM-E043,samsung,Phone 通话录音与转写摘要,Phone / Transcript assist,截至2026-09-08专项支持页；具体版本见model_scope,提供通话录音与Transcript assist的兼容Galaxy；两项覆盖并不相同，地区与语言逐项限定。,以Samsung美国支持站所列海外版本为证；地区、运营商、语言和型号影响功能，中国大陆版未由本轮证实。,地区/机型限定,原生应用 AI,Phone 通话录音／最近通话记录,通话中点击录音按钮 → 结束通话后打开最近通话记录,触控,Phone 通话录音／最近通话记录,混合方式,混合方式,通话录音 | 转写与摘要,通话录音；转写与摘要,开启录音会通知通话双方；没有转写资格的录音不能写成自动AI摘要。,SRC-047 | SAM-QA-S002,A,通话中点击录音按钮 | 结束通话后打开最近通话记录 | 打开该通话的录音与转写 | 按可用工具查看摘要,,VISUAL_GAP_SOURCE_LINK_ONLY,VIDEO_GAP,补遗漏或拆开不同入口；仅按列出的官方证据确认流程。,,,,,SAM-F16,电话实时翻译与摘要,124,https://www.samsung.com/us/support/answer/ANS10004612/ | https://www.samsung.com/us/support/answer/ANS10000942/
SAM-E021,samsung,快捷面板 Interpreter,Gemini / Bixby / Galaxy AI,按当前专项文档与机型核验，不统一设One UI8.5,支持Interpreter的Galaxy及语言包；折叠机双屏是额外机型能力。,以Samsung美国支持站所列海外版本为证；地区、运营商、语言和型号影响功能，中国大陆版未由本轮证实。,地区/机型限定,锁屏／控制中心,快捷面板Interpreter,打开 Quick settings → 点击 Interpreter,触控,快捷面板Interpreter,无指代,无指代 | 主动上下文,面对面翻译,面对面翻译,语言与机型限制,SRC-045 | SI29-S01,A,打开 Quick settings | 点击 Interpreter | 选择双方语言 | 点击对应麦克风并说话 | 阅读或听取翻译,AUDIMG-041 | AUDIMG-040 | SI29-01 | SI29-02 | SI29-03,来源完整帧与可追溯手机局部；实际版本按片标注,LOCAL_CLIP,保留文档基础手动流程；SRC-075仅证明指定S25 Ultra固件新增自动语言检测。,,,,,SAM-F17,快捷面板Interpreter,125,https://www.samsung.com/us/support/answer/ANS10000753/ | https://www.youtube.com/watch?v=GuGQ0DD1Ic8
SAM-E018,samsung,Gallery Photo Assist,Gemini / Bixby / Galaxy AI,当前Gallery含Create/Style新能力；基础Generative Edit可追溯One UI6.1,支持Photo Assist的Galaxy；文本/跨图添加按较新适配版本，不能全部下放到6.1。,以Samsung美国支持站所列海外版本为证；地区、运营商、语言和型号影响功能，中国大陆版未由本轮证实。,地区/机型限定,原生应用 AI,Gallery 编辑器,在 Gallery 打开照片并点击编辑 → 点击 Photo assist,触控 | 手势,Gallery 编辑器,点击对象,点击对象 | 圈选／框选 | 自动对象识别,图片生成式编辑,图片生成式编辑,需要Samsung账户与网络；官方注明生成编辑最高12MP及AI水印。,SRC-073,A,在 Gallery 打开照片并点击编辑 | 点击 Photo assist | 点选或框选对象并移动、擦除或输入修改 | 点击 Generate 并检查结果 | 点击 Save as copy,MED-V032,有界面/功能示意（见媒体边界）,LOCAL_CLIP,截至2026-09-08核对官方正文；机型、系统和App版本分别限定。,,,,,SAM-F18,Photo Assist与建议修图,126,https://www.samsung.com/us/support/answer/ANS10000934/ | https://img.global.news.samsung.com/global/wp-content/uploads/2025/12/05161632/Samsung-Mobile-Samsung-Launches-One-UI-8.5-Beta_Main1.gif
SAM-E019,samsung,Gallery Edit Suggestions,Gemini / Bixby / Galaxy AI,按当前专项文档与机型核验，不统一设One UI8.5,兼容Gallery AI编辑的Galaxy；建议取决于图片内容。,以Samsung美国支持站所列海外版本为证；地区、运营商、语言和型号影响功能，中国大陆版未由本轮证实。,地区/机型限定,原生应用 AI,Gallery 详情／编辑,在 Gallery 打开照片 → 向上滑查看详情,系统主动,Gallery 详情／编辑,自动对象识别,自动对象识别 | 主动上下文,图片增强建议,图片增强建议,随设备、地区、语言和应用版本变化,SRC-073,A,在 Gallery 打开照片 | 向上滑查看详情 | 点击出现的编辑建议 | 调整并应用,,VISUAL_GAP_SOURCE_LINK_ONLY,VIDEO_GAP,截至2026-09-08核对官方正文；机型、系统和App版本分别限定。,,,,,SAM-F18,Photo Assist与建议修图,126,https://www.samsung.com/us/support/answer/ANS10000934/
SAM-E034,samsung,Gallery Choose best face,Gemini / Bixby / Galaxy AI,当前Gallery专项文档,支持Best face的Galaxy；Motion photo需开启，官方注明最多5人、最高12MP。,以Samsung美国支持站所列海外版本为证；地区、运营商、语言和型号影响功能，中国大陆版未由本轮证实。,地区/机型限定,原生应用 AI,Motion Photo 详情,打开 Motion photo → 向上滑或更多 > Details,触控,Motion Photo 详情,自动对象识别,自动对象识别 | 点击对象,人脸帧选择,人脸帧选择,随设备、地区、语言和应用版本变化,SRC-073,A,打开 Motion photo | 向上滑或更多 > Details | 点击 Choose best face | 选择合适表情并对比 Previous | 点击 Save 或 Save copy,MED-I013,有界面/功能示意（见媒体边界）,VIDEO_GAP,截至2026-09-08核对官方正文；机型、系统和App版本分别限定。,,,,,SAM-F18,Photo Assist与建议修图,126,https://www.samsung.com/us/support/answer/ANS10000934/
SAM-E020,samsung,Edge Panel Drawing Assist,Gemini / Bixby / Galaxy AI,One UI7/8文档中的Drawing Assist；8.5新Creative Studio另列,已适配Drawing Assist的Galaxy；S Pen仅部分型号。,以Samsung美国支持站所列海外版本为证；地区、运营商、语言和型号影响功能，中国大陆版未由本轮证实。,地区/机型限定,原生应用 AI,Edge Panel Drawing Assist,打开 Edge Panel → 点击 Drawing assist,触控,Edge Panel Drawing Assist,圈选／框选,圈选／框选 | 文本选择,草图/文字生图,草图/文字生图,随设备、地区、语言和应用版本变化,SRC-047,A,打开 Edge Panel | 点击 Drawing assist | 选择草图或参考图片并添加描述 | 选择风格并点击 Generate | 查看图像候选,,VISUAL_GAP_SOURCE_LINK_ONLY,VIDEO_GAP,截至2026-09-08核对官方正文；机型、系统和App版本分别限定。,,,,,SAM-F19,Drawing / Creative Studio,127,https://www.samsung.com/us/support/answer/ANS10004612/
SAM-E031,samsung,Creative Studio,Gemini / Bixby / Galaxy AI,当前Creative Studio；S25 Ultra One UI8.5日志亦确认,S26及已适配Creative Studio的Galaxy；不同机型可能仍为Drawing Assist。,以Samsung美国支持站所列海外版本为证；地区、运营商、语言和型号影响功能，中国大陆版未由本轮证实。,地区/机型限定,原生应用 AI,Creative Studio App／Edge入口,打开 Apps 中 Creative studio → 点击 Create image,文字,Creative Studio App／Edge入口,混合方式,混合方式 | 无指代 | 点击对象 | 对话指代,图像生成 | 素材创作,图像生成；素材创作,随设备、地区、语言和应用版本变化,SRC-073 | SRC-075,A,打开 Apps 中 Creative studio | 点击 Create image | 添加照片、草图或描述并选风格 | 点击 Generate 并浏览候选 | 下载至 Gallery、贴纸或壁纸,SA06 | SC18-01 | SC18-02,LOCAL_VIDEO_FRAMES,LOCAL_MP4,V18补照片选择、生成候选及侧边返回结果页及后段首页状态。录屏观察；原教程含跳切，不是现场真机测量。,,,,,SAM-F19,Drawing / Creative Studio,127,https://www.samsung.com/us/support/answer/ANS10000934/ | https://doc.samsungmobile.com/SM-S938B/032555250224/mlt.html | https://www.youtube.com/watch?v=Zu5QRRRMgMk
SAM-E041,samsung,Samsung Keyboard AI 贴纸,Samsung Keyboard / Galaxy AI,截至2026-09-08专项支持页；具体版本见model_scope,提供该键盘功能的One UI7/8兼容Galaxy；具体型号、语言和应用条件依支持表。,以Samsung美国支持站所列海外版本为证；地区、运营商、语言和型号影响功能，中国大陆版未由本轮证实。,地区/机型限定,键盘与选中文本菜单,Messages 键盘表情面板,在 Messages 点击输入框 → 打开键盘表情面板并点击 Galaxy AI,触控,Messages 键盘表情面板,混合方式,混合方式,AI贴纸生成,AI贴纸生成,依来源所列语言/市场/机型开放；未真机复现。,SRC-047,A,在 Messages 点击输入框 | 打开键盘表情面板并点击 Galaxy AI | 输入描述或选择风格后点击 Generate | 检查候选并点击 Done,,VISUAL_GAP_SOURCE_LINK_ONLY,VIDEO_GAP,补遗漏或拆开不同入口；仅按列出的官方证据确认流程。,,,,,SAM-F19,Drawing / Creative Studio,127,https://www.samsung.com/us/support/answer/ANS10004612/
SAM-E022,samsung,Gallery 视频 Audio Eraser,Gemini / Bixby / Galaxy AI,当前Audio Eraser专项文档；首批One UI7机型，不能泛化全部6.1,支持Audio Eraser的Galaxy；不同App的实时增强入口与Gallery编辑另分。,以Samsung美国支持站所列海外版本为证；地区、运营商、语言和型号影响功能，中国大陆版未由本轮证实。,地区/机型限定,原生应用 AI,Gallery 视频编辑器,打开 Gallery 视频并点击 Edit → 点击 Audio > Audio eraser,触控,Gallery 视频编辑器,自动对象识别,自动对象识别,视频声音编辑,视频声音编辑,随设备、地区、语言和应用版本变化,SRC-074,A,打开 Gallery 视频并点击 Edit | 点击 Audio > Audio eraser | 调整人声、音乐或噪声类别 | 播放预览并对比 Hear original | 点击 Apply edits 和 Save copy,AU37-01,第三方手机实录；实际build未标,LOCAL_CLIP,截至2026-09-08核对官方正文；机型、系统和App版本分别限定。,,,,,SAM-F20,视频Audio Eraser,128,https://www.samsung.com/us/support/answer/ANS10004604/ | https://www.youtube.com/watch?v=Zu5QRRRMgMk
SAM-E044,samsung,快捷面板实时 Audio Eraser,Galaxy AI Audio eraser,截至2026-09-08专项支持页；具体版本见model_scope,支持此实时分支的Galaxy与应用版本；不能把Gallery离线编辑的全部机型表直接套用。,以Samsung美国支持站所列海外版本为证；地区、运营商、语言和型号影响功能，中国大陆版未由本轮证实。,地区/机型限定,锁屏／控制中心,YouTube 全屏播放时快捷面板,在 YouTube 全屏播放兼容视频 → 下拉打开快捷面板,触控,YouTube 全屏播放时快捷面板,混合方式,混合方式,播放中音频增强,播放中音频增强,此路径针对支持的播放应用和内容；区别于SAM-E022 Gallery编辑保存。,SRC-074,A,在 YouTube 全屏播放兼容视频 | 下拉打开快捷面板 | 点击 Audio eraser | 调整强度并继续播放,,VISUAL_GAP_SOURCE_LINK_ONLY,VIDEO_GAP,补遗漏或拆开不同入口；仅按列出的官方证据确认流程。,,,,,SAM-F20,视频Audio Eraser,128,https://www.samsung.com/us/support/answer/ANS10004604/
SAM-E035,samsung,Gallery Instant Slow-mo,Gemini / Bixby / Galaxy AI,按当前专项文档与机型核验，不统一设One UI8.5,支持Instant Slow-mo的Galaxy；页面限定视频最高4K/60fps。,以Samsung美国支持站所列海外版本为证；地区、运营商、语言和型号影响功能，中国大陆版未由本轮证实。,地区/机型限定,原生应用 AI,Gallery 视频播放器,在 Gallery 播放视频 → 长按画面查看慢放,触控/按键,Gallery 视频播放器,整屏隐式指代,整屏隐式指代,慢动作预览 | 片段保存,慢动作预览；片段保存,随设备、地区、语言和应用版本变化,SRC-073,A,在 Gallery 播放视频 | 长按画面查看慢放 | 松开恢复播放 | 按需点击 Save slow-mo clip,,VISUAL_GAP_SOURCE_LINK_ONLY,VIDEO_GAP,截至2026-09-08核对官方正文；机型、系统和App版本分别限定。,,,,,SAM-F21,Gallery Instant Slow-mo,126,https://www.samsung.com/us/support/answer/ANS10000934/
SAM-E036,samsung,Studio Auto trim,Gemini / Bixby / Galaxy AI,按当前专项文档与机型核验，不统一设One UI8.5,支持Studio Auto trim的Galaxy；不要把任意Gallery视频列表当编辑器入口。,以Samsung美国支持站所列海外版本为证；地区、运营商、语言和型号影响功能，中国大陆版未由本轮证实。,地区/机型限定,原生应用 AI,Gallery Studio,打开 Gallery > Menu > Studio → 新建项目并选择视频,触控,Gallery Studio,自动对象识别,自动对象识别 | 点击对象,自动视频剪辑,自动视频剪辑,随设备、地区、语言和应用版本变化,SRC-073,A,打开 Gallery > Menu > Studio | 新建项目并选择视频 | 点击 Auto trim | 播放预览并点击 Apply | 编辑标题并点击 Save movie,,VISUAL_GAP_SOURCE_LINK_ONLY,VIDEO_GAP,截至2026-09-08核对官方正文；机型、系统和App版本分别限定。,,,,,SAM-F23,Studio Auto Trim自动剪辑,126,https://www.samsung.com/us/support/answer/ANS10000934/
SAM-E032,samsung,Camera 文档扫描,Gemini / Bixby / Galaxy AI,S26支持页；S25 Ultra One UI8.5日志确认多页PDF,S26与已核SM-S938B固件；其他型号按适配,以Samsung美国支持站所列海外版本为证；地区、运营商、语言和型号影响功能，中国大陆版未由本轮证实。,地区/机型限定,相机实景,Camera 取景框,打开 Camera 并对准文档 → 点击出现的 Scan,触控 | 视觉,Camera 取景框,混合方式,混合方式 | 相机取景 | 自动对象识别 | 截图裁切,文档扫描 | 图像清理,文档扫描；图像清理,随设备、地区、语言和应用版本变化,SRC-069 | SRC-075,A,打开 Camera 并对准文档 | 点击出现的 Scan | 选择裁正、旋转或 Remove 等处理 | 查看结果并保存,MED-I012,有界面/功能示意（见媒体边界）,VIDEO_GAP,多页PDF与去手指等是该扫描入口能力；不因相机有扫描就推断所有旧机型有增强清理。,,,,,SAM-F22,相机文档扫描,126,https://www.samsung.com/us/support/answer/ANS10010424/ | https://doc.samsungmobile.com/SM-S938B/032555250224/mlt.html
VIV-F20-E01,vivo,AI相机摄影助手,,X Fold6 / OriginOS 6 Fold / 中国大陆,,中国大陆,灰度/OTA机型限定,,,进入相机取景界面,,,自动对象识别,,,,相机底部摄影助手建议卡；官网注明OTA推送,,,进入相机取景界面 | 查看场景识别与构图建议 | 按建议拍摄；可返回普通取景,,,,,,,,,VIV-F20,AI相机摄影助手,38,https://www.vivo.com.cn/vivo/xfold6/
VIV-F21-E01,vivo,图库超智能搜索,,X Fold6 / OriginOS 6 Fold / 中国大陆,,中国大陆,正式可用/机型限定,,,打开相册搜索,,,无指代,,,,图库按演唱会与人物等语义检索结果,,,打开相册搜索 | 描述人物、演出或场景 | 选择结果查看；返回搜索列表,,,,,,,,,VIV-F21,图库超智能搜索,38,https://www.vivo.com.cn/vivo/xfold6/
XMI-E009,xiaomi,上传图片或文档,超级小爱,HyperOS 2起；小爱版本依分发渠道,官方适配的小米/REDMI手机；不含平板演示,中国大陆,已提供／机型限定,原生应用 AI,小爱附件菜单,选择图片或文档后提问,触控/按键,当前内容与已授权个人上下文,混合方式,混合方式,图片编辑 | 文档问答 | 摘要,说明请求并检查回答,只处理主动添加的材料；文件格式与大小以客户端提示为准,N-X03 | N-X02,A,打开对话附件入口 | 选择本地图片或文档 | 说明请求并检查回答,EXT-012 | XC22-ATTACHMENT-ENTRY,官方宣传图仅见附件＋入口，菜单及后续操作未展示,VIDEO_GAP,2026-09-08官方文字核对；宣传演示与正式OTA状态分别记录。,,,,,XMI-F19,本地图片与文档问答,7,https://app.mi.com/details?id=com.miui.voiceassist | https://privacy.mi.com/xiaomihyperxiaoai/zh_CN/
HUA-E066,huawei,键盘工具栏进入小艺帮写,小艺输入法／小艺帮写,HarmonyOS 4.0/4.2/4.3有详细操作；HarmonyOS 5.0及以上支持页确认手机可用,华为官方支持页所列中国大陆手机与对应HarmonyOS/小艺输入法版本；不外推到所有华为设备。,中国大陆,正式可用（机型、系统与输入法版本限定）,输入法 AI,任意支持调起小艺输入法的输入框,调出小艺输入法，点击键盘工具栏帮写图标；无图标时从左上角菜单选择‘小艺帮写’,触控 | 文本 | 语音指令（支持机型限定）,当前输入框及用户输入的写作要求,当前输入框文本,当前输入框文本,文案生成 | 润色改写 | 场景选择 | 语气选择 | 重新生成 | 插入当前输入框,点击‘插入’后，生成文本进入当前应用输入框；发送、保存或离开当前应用未由该页面证明,详细操作页对应HarmonyOS 4.x及所列机型：最多输入200字、每日20次、19个场景与4种语气。HarmonyOS 5.0及以上FAQ只确认手机入口，不能把4.x数量限制外推为当前统一规格；悬浮键盘和语音键盘下不支持语音指令打开帮写。未做真机实测。,HW45-S01 | HW45-S02,A,在当前应用输入框调出小艺输入法，点工具栏帮写图标；无图标时从左上角菜单进入 | 输入写作要求，可选择场景与语气，生成后按需重新生成 | 核对结果并点‘插入’，文本进入当前输入框；未证明发送、保存或退出应用,HW45-IMG01 | HW45-IMG02 | HW45-IMG03,OFFICIAL_SUPPORT_IMAGES,VIDEO_GAP,2026-09-10核对两份华为官方支持页并下载原始页面图片；图示与文字路径一致，未做真机复现。,,,,,HUA-F34,小艺输入法 · 小艺帮写,72.5,https://consumer.huawei.com/cn/support/content/zh-cn16015627/ | https://consumer.huawei.com/cn/support/content/zh-cn16021787/
