feature_id,media_id,type,path,source_url,source_path,version,start,end
XMI-F01,X4-V03,video,../../media/mobile-v2/legacy/assets/clips/X4-V03-v1-000000-008866.mp4,https://cdn-file.hyperos.mi.com/assets-hyperos4homepage/video/ai-barLite-pc.mp4,,HyperOS4 Beta／小爱8.1+,0,8.867
XMI-F01,IMG-207,image,../../media/mobile-v2/legacy/assets/images/IMG-207-v1.jpg,https://os.mi.com/,,,,
XMI-F01,EXT-012,image,../../media/mobile-v2/legacy/assets/images/EXT-012-v1.jpg,https://app.mi.com/details?id=com.miui.voiceassist,,,,
XMI-F02,XCOMP8-01,video,../../media/mobile-v2/local/assets/clips/XCOMP8-01-v2-0048000-0060000.mp4,https://www.bilibili.com/video/BV1XtrhYJEhN/,[LOCAL_SOURCE_NOT_INCLUDED]/mobile-ai-interactions-v2/sources/XC8-companion-BV1XtrhYJEhN-2025.mp4,作者标HyperOS2 / 2025-01 / 机型及build未核实 / 中文社区演示,48,60
XMI-F02,XCOMP8-ENTRY,image,../../media/mobile-v2/local/assets/thumbs/XCOMP8-ENTRY-v8.png,https://m.ithome.com/html/991448.htm,,HyperOS 4 Beta / 中国大陆 / 2026-08专业实测,,
XMI-F02,XMIT7-21,image,../../media/mobile-v2/local/assets/thumbs/XMIT7-21-v7.png,https://m.ithome.com/html/991448.htm,,HyperOS4 Beta / IT之家2026-08 / 中国,,
XMI-F03,XM-01,video,../../media/mobile-v2/local/assets/clips/XM-01-v2-0214000-0225000.mp4,https://www.bilibili.com/video/BV1Tmgw6LE86/,[LOCAL_SOURCE_NOT_INCLUDED]/mobile-ai-interactions-v2/sources/XM01-hyperos4-handson.mp4,HyperOS 4内测体验 / 原片未展示具体小版本 / 中国大陆,214,225
XMI-F04,X4-V11,video,../../media/mobile-v2/legacy/assets/clips/X4-V11-v1-000000-005133.mp4,https://cdn-file.hyperos.mi.com/assets-hyperos4homepage/video/ai-relayPhone-pc-0812.mp4,,HyperOS4 Beta／小爱8.1+,0,5.133
XMI-F04,IMG-205,image,../../media/mobile-v2/legacy/assets/images/IMG-205-v1.jpg,https://os.mi.com/,,,,
XMI-F05,XC22-01,video,../../media/mobile-v2/local/assets/clips/XC22-01-v22-0000000-0013000.mp4,https://bbs.tatans.cn/topic/78284,[LOCAL_SOURCE_NOT_INCLUDED]/mobile-ai-interactions-v2/sources/XC21-community-camera.mp4,历史社区录屏；中文界面，机型、系统/应用版本与销售市场未核,0,13.0
XMI-F05,XC22-02,video,../../media/mobile-v2/local/assets/clips/XC22-02-v22-0013000-0026467.mp4,https://bbs.tatans.cn/topic/78284,[LOCAL_SOURCE_NOT_INCLUDED]/mobile-ai-interactions-v2/sources/XC21-community-camera.mp4,历史社区录屏；中文界面，机型、系统/应用版本与销售市场未核,13,26.46666666666667
XMI-F05,XC22-03,video,../../media/mobile-v2/local/assets/clips/XC22-03-v22-0068500-0074467.mp4,https://bbs.tatans.cn/topic/78284,[LOCAL_SOURCE_NOT_INCLUDED]/mobile-ai-interactions-v2/sources/XC21-community-camera.mp4,历史社区录屏；中文界面，机型、系统/应用版本与销售市场未核,68.5,74.46666666666667
XMI-F05,EXT-010,image,../../media/mobile-v2/legacy/assets/images/EXT-010-v1.jpg,https://app.mi.com/details?id=com.miui.voiceassist,,,,
XMI-F05,XC22-UPLOAD,image,../../media/mobile-v2/local/assets/thumbs/XC22-UPLOAD-v22.png,https://bbs.tatans.cn/topic/78284,,历史社区录屏；中文界面，机型、系统/应用版本与销售市场未核,,
XMI-F05,XC22-ANSWER,image,../../media/mobile-v2/local/assets/thumbs/XC22-ANSWER-v22.png,https://bbs.tatans.cn/topic/78284,,历史社区录屏；中文界面，机型、系统/应用版本与销售市场未核,,
XMI-F05,XC22-UPLOAD-THUMB,image,../../media/mobile-v2/local/assets/thumbs/XC22-UPLOAD-THUMB-v22.png,https://bbs.tatans.cn/topic/78284,,历史社区录屏；中文界面，机型、系统/应用版本与销售市场未核,,
XMI-F05,XC22-UPLOAD-CONTROLS,image,../../media/mobile-v2/local/assets/thumbs/XC22-UPLOAD-CONTROLS-v22.png,https://bbs.tatans.cn/topic/78284,,历史社区录屏；中文界面，机型、系统/应用版本与销售市场未核,,
XMI-F06,XC15-01,video,../../media/mobile-v2/local/assets/clips/XC15-01-v15-0029200-0036000.mp4,https://www.bilibili.com/video/BV1f91eBVESQ/,[LOCAL_SOURCE_NOT_INCLUDED]/mobile-ai-interactions-v2/sources/XC15-circle-BV1f91eBVESQ.mp4,HyperOS3（作者标题）/ 2025-11社区手机实录 / 中文界面；机型、build及ROM市场未标,29.2,36
XMI-F06,XC15-02,video,../../media/mobile-v2/local/assets/clips/XC15-02-v15-0083800-0090000.mp4,https://www.bilibili.com/video/BV1f91eBVESQ/,[LOCAL_SOURCE_NOT_INCLUDED]/mobile-ai-interactions-v2/sources/XC15-circle-BV1f91eBVESQ.mp4,HyperOS3（作者标题）/ 2025-11社区手机实录 / 中文界面；机型、build及ROM市场未标,83.8,90
XMI-F06,EXT-010,image,../../media/mobile-v2/legacy/assets/images/EXT-010-v1.jpg,https://app.mi.com/details?id=com.miui.voiceassist,,,,
XMI-F07,X4-V04,video,../../media/mobile-v2/legacy/assets/clips/X4-V04-v1-000000-005533.mp4,https://cdn-file.hyperos.mi.com/assets-hyperos4homepage/video/ai-inspNav-pc.mp4,,HyperOS4 Beta／小爱8.1+,0,5.533
XMI-F07,X4-V05,video,../../media/mobile-v2/legacy/assets/clips/X4-V05-v1-000000-005800.mp4,https://cdn-file.hyperos.mi.com/assets-hyperos4homepage/video/ai-inspSame-pc.mp4,,HyperOS4 Beta／小爱8.1+,0,5.8
XMI-F07,X4-V06,video,../../media/mobile-v2/legacy/assets/clips/X4-V06-v1-000000-007333.mp4,https://cdn-file.hyperos.mi.com/assets-hyperos4homepage/video/ai-inspSched-pc.mp4,,HyperOS4 Beta／小爱8.1+,0,7.333
XMI-F07,X4-V07,video,../../media/mobile-v2/legacy/assets/clips/X4-V07-v1-000000-007800.mp4,https://cdn-file.hyperos.mi.com/assets-hyperos4homepage/video/ai-inspPhoto-pc.mp4,,HyperOS4 Beta／小爱8.1+,0,7.8
XMI-F08,XC25-CAMERA-ENTRY,image,../../media/mobile-v2/local/assets/thumbs/XC25-CAMERA-ENTRY-v25.png,https://www.10100.com/article/32894989,,2025-08 HyperOS3发布会画面；机型、build与小爱版本未标,,
XMI-F08,XC25-CAMERA-CONTROL,image,../../media/mobile-v2/local/assets/thumbs/XC25-CAMERA-CONTROL-v25.png,https://www.10100.com/article/32894989,,2025-08 HyperOS3发布会画面；机型、build与小爱版本未标,,
XMI-F19,XC22-ATTACHMENT-ENTRY,image,../../media/mobile-v2/local/assets/thumbs/XC22-ATTACHMENT-ENTRY-v22.png,https://app.mi.com/details?id=com.miui.voiceassist,,官方宣传界面局部；截图机型和具体版本未标,,
XMI-F19,EXT-012,image,../../media/mobile-v2/legacy/assets/images/EXT-012-v1.jpg,https://app.mi.com/details?id=com.miui.voiceassist,,,,
XMI-F09,XM26-01,video,../../media/mobile-v2/local/assets/clips/XM26-01-v26-0250000-0259300.mp4,https://www.bilibili.com/video/BV1Tmgw6LE86/,[LOCAL_SOURCE_NOT_INCLUDED]/mobile-ai-interactions-v2/sources/XM01-hyperos4-handson.mp4,HyperOS 4内测体验 / 中国大陆 / 实拍机型、系统build与小爱小版本未独立核实,250,259.3
XMI-F09,IMG-212,image,../../media/mobile-v2/legacy/assets/images/IMG-212-v1.jpg,https://os.mi.com/,,,,
XMI-F09,EXT-008,image,../../media/mobile-v2/legacy/assets/images/EXT-008-v1.jpg,https://app.mi.com/details?id=com.miui.voiceassist,,,,
XMI-F10,IMG-194,image,../../media/mobile-v2/legacy/assets/images/IMG-194-v1.jpg,https://os.mi.com/,,,,
XMI-F11,X4-V01,video,../../media/mobile-v2/legacy/assets/clips/X4-V01-v1-000000-009800.mp4,https://cdn-file.hyperos.mi.com/assets-hyperos4homepage/video/ai-taskIsland-pc-0812.mp4,,HyperOS4 Beta／小爱8.1+,0,9.8
XMI-F11,X4-V02,video,../../media/mobile-v2/legacy/assets/clips/X4-V02-v1-000000-003533.mp4,https://cdn-file.hyperos.mi.com/assets-hyperos4homepage/video/ai-thinkDone-pc-0812.mp4,,HyperOS4 Beta／小爱8.1+,0,3.533
XMI-F13,XMI-F13-DETAIL7-0,image,../../media/mobile-v2/local/assets/thumbs/XMI-F13-DETAIL7-0.png,https://m.ithome.com/html/991448.htm,,HyperOS4 Beta / 2026-08 IT之家手机实测,,
XMI-F13,XMI-F13-DETAIL7-1,image,../../media/mobile-v2/local/assets/thumbs/XMI-F13-DETAIL7-1.png,https://m.ithome.com/html/991448.htm,,HyperOS4 Beta / 2026-08 IT之家手机实测,,
XMI-F13,XMI-F13-DETAIL7-2,image,../../media/mobile-v2/local/assets/thumbs/XTIDY9-F13-DETAIL7-2.png,https://m.ithome.com/html/991448.htm,,HyperOS4 Beta / 2026-08 IT之家手机实测,,
XMI-F13,XMIKEY7-A,image,../../media/mobile-v2/local/assets/thumbs/XMIKEY7-A-v7.png,https://m.ithome.com/html/991448.htm,,HyperOS 4 Beta / 2026-08 IT之家手机实测 / 中国大陆,,
XMI-F13,XMIKEY7-B,image,../../media/mobile-v2/local/assets/thumbs/XMIKEY7-B-v7.png,https://m.ithome.com/html/991448.htm,,HyperOS 4 Beta / 2026-08 IT之家手机实测 / 中国大陆,,
XMI-F13,XMIKEY7-C,image,../../media/mobile-v2/local/assets/thumbs/XMIKEY7-C-v7.png,https://m.ithome.com/html/991448.htm,,HyperOS 4 Beta / 2026-08 IT之家手机实测 / 中国大陆,,
XMI-F13,XMIKEY7-MEMORY,image,../../media/mobile-v2/local/assets/thumbs/XMIKEY7-MEMORY-v7.png,https://m.ithome.com/html/991448.htm,,HyperOS 4 Beta / 2026-08 IT之家手机实测 / 中国大陆,,
XMI-F13,XMIT7-28,image,../../media/mobile-v2/local/assets/thumbs/XMIT7-28-v7.png,https://m.ithome.com/html/991448.htm,,HyperOS 4 Beta / 2026-08 IT之家手机实测 / 中国大陆,,
XMI-F13,XMIT7-29,image,../../media/mobile-v2/local/assets/thumbs/XMIT7-29-v7.png,https://m.ithome.com/html/991448.htm,,HyperOS 4 Beta / 2026-08 IT之家手机实测 / 中国大陆,,
XMI-F14,XOFF8-ENTRY,image,../../media/mobile-v2/local/assets/thumbs/XOFF8-ENTRY-v8.png,https://m.ithome.com/html/991448.htm,,HyperOS 4 Beta / 中国大陆 / 2026-08专业实测,,
XMI-F14,XOFF8-REQUEST,image,../../media/mobile-v2/local/assets/thumbs/XOFF8-REQUEST-v8.png,https://article.pchome.net/content-2197532.html,,HyperOS 4 Beta / 中国大陆 / 2026-08专业实测,,
XMI-F14,XOFF8-RESULT,image,../../media/mobile-v2/local/assets/thumbs/XOFF8-RESULT-v8.png,https://article.pchome.net/content-2197532.html,,HyperOS 4 Beta / 中国大陆 / 2026-08专业实测,,
XMI-F14,XMIT7-21,image,../../media/mobile-v2/local/assets/thumbs/XMIT7-21-v7.png,https://m.ithome.com/html/991448.htm,,HyperOS4 Beta / IT之家2026-08 / 中国,,
XMI-F14,XOFF8-13,image,../../media/mobile-v2/local/sources/XOFF8-13.jpg,https://article.pchome.net/content-2197532.html,,小米17Ultra/17Pro / 4.0.0.17 Beta / PChome2026-08-14,,
XMI-F16,XC8-REC-SUMMARY,image,../../media/mobile-v2/local/assets/thumbs/XC8-REC-SUMMARY-v8.png,https://article.pchome.net/content-2197532.html,,HyperOS 4 / 4.0.0.17 Beta / PChome 2026-08-14,,
XMI-F16,XC8-REC-OUTLINE,image,../../media/mobile-v2/local/assets/thumbs/XC8-REC-OUTLINE-v8.png,https://article.pchome.net/content-2197532.html,,HyperOS 4 / 4.0.0.17 Beta / PChome 2026-08-14,,
XMI-F16,XC8-REC-FULL,image,../../media/mobile-v2/local/assets/thumbs/XC8-REC-FULL-v8.png,https://article.pchome.net/content-2197532.html,,HyperOS 4 / 4.0.0.17 Beta / PChome 2026-08-14,,
XMI-F15,XM40-01,video,../../media/mobile-v2/local/assets/clips/XM40-01-v40-0000000-0006533.mp4,https://os.mi.com/,[LOCAL_SOURCE_NOT_INCLUDED]/mobile-ai-interactions-v2/sources/XM40-S01-hyperos4-official-notes.mp4,官网Xiaomi HyperOS 4语境；页面列Beta推送计划，素材未显示具体build或笔记应用版本,0,6.533333333333333
XMI-F15,XMI-F15-DETAIL7-0,image,../../media/mobile-v2/local/assets/thumbs/XMI-F15-DETAIL7-0.png,https://m.ithome.com/html/991448.htm,,HyperOS4 Beta / 2026-08 IT之家手机实测,,
XMI-F15,XMI-F15-DETAIL7-1,image,../../media/mobile-v2/local/assets/thumbs/XMI-F15-DETAIL7-1.png,https://m.ithome.com/html/991448.htm,,HyperOS4 Beta / 2026-08 IT之家手机实测,,
XMI-F15,XMI-F15-DETAIL7-2,image,../../media/mobile-v2/local/assets/thumbs/XTIDY9-F15-DETAIL7-2.png,https://m.ithome.com/html/991448.htm,,HyperOS4 Beta / 2026-08 IT之家手机实测,,
XMI-F15,XMINOTE7-A,image,../../media/mobile-v2/local/assets/thumbs/XMINOTE7-A-v7.png,https://m.ithome.com/html/991448.htm,,HyperOS 4 Beta / 2026-08 IT之家手机实测 / 中国大陆,,
XMI-F15,XMINOTE7-B,image,../../media/mobile-v2/local/assets/thumbs/XMINOTE7-B-v7.png,https://m.ithome.com/html/991448.htm,,HyperOS 4 Beta / 2026-08 IT之家手机实测 / 中国大陆,,
XMI-F15,XMINOTE7-C,image,../../media/mobile-v2/local/assets/thumbs/XMINOTE7-C-v7.png,https://m.ithome.com/html/991448.htm,,HyperOS 4 Beta / 2026-08 IT之家手机实测 / 中国大陆,,
XMI-F15,XMINOTE7-TRANSCRIPT,image,../../media/mobile-v2/local/assets/thumbs/XMINOTE7-TRANSCRIPT-v7.png,https://m.ithome.com/html/991448.htm,,HyperOS 4 Beta / 2026-08 IT之家手机实测 / 中国大陆,,
XMI-F15,XMINOTE7-SUMMARY,image,../../media/mobile-v2/local/assets/thumbs/XMINOTE7-SUMMARY-v7.png,https://m.ithome.com/html/991448.htm,,HyperOS 4 Beta / 2026-08 IT之家手机实测 / 中国大陆,,
XMI-F15,XMINOTE7-QA,image,../../media/mobile-v2/local/assets/thumbs/XMINOTE7-QA-v7.png,https://m.ithome.com/html/991448.htm,,HyperOS 4 Beta / 2026-08 IT之家手机实测 / 中国大陆,,
XMI-F15,XMIT7-25,image,../../media/mobile-v2/local/assets/thumbs/XMIT7-25-v7.png,https://m.ithome.com/html/991448.htm,,HyperOS 4 Beta / 2026-08 IT之家手机实测 / 中国大陆,,
XMI-F15,XMIT7-26,image,../../media/mobile-v2/local/assets/thumbs/XMIT7-26-v7.png,https://m.ithome.com/html/991448.htm,,HyperOS 4 Beta / 2026-08 IT之家手机实测 / 中国大陆,,
XMI-F15,XMIT7-27,image,../../media/mobile-v2/local/assets/thumbs/XMIT7-27-v7.png,https://m.ithome.com/html/991448.htm,,HyperOS 4 Beta / 2026-08 IT之家手机实测 / 中国大陆,,
XMI-F15,XMI-NOTE-V3,image,../../media/mobile-v2/local/assets/thumbs/XMI-NOTE-V3.png,https://hyperos.mi.com/,,HyperOS4中国大陆官网展示,,
XMI-F18,RE04,video,../../media/mobile-v2/local/assets/clips/RE04-v2-0630000-0634000.mp4,https://www.youtube.com/watch?v=DkWTbd94WFs,[LOCAL_SOURCE_NOT_INCLUDED]/mobile-ai-interactions-v2/sources/REF01-five-brand-handson.mp4,片中系统见各流程,630,634
OPP-F01,RE01,video,../../media/mobile-v2/local/assets/clips/RE01-v2-0540300-0544000.mp4,https://www.youtube.com/watch?v=DkWTbd94WFs,[LOCAL_SOURCE_NOT_INCLUDED]/mobile-ai-interactions-v2/sources/REF01-five-brand-handson.mp4,片中系统见各流程,540.3,544
OPP-F19,OP01,video,../../media/mobile-v2/local/assets/clips/OP01-v2-0009000-0023000.mp4,https://www.bilibili.com/video/BV12nLn6VEWw/,[LOCAL_SOURCE_NOT_INCLUDED]/mobile-ai-interactions-v2/sources/OP01-live-screen.mp4,OPPO / 金标ColorOS 16 / 中国大陆,9,23
OPP-F02,OP25-01,video,../../media/mobile-v2/local/assets/clips/OP25-01-v25-0010000-0016400.mp4,https://www.coloros.com/article/A00000125/,[LOCAL_SOURCE_NOT_INCLUDED]/mobile-ai-interactions-v2/sources/OP25-coloros16-realworld-official.mp4,ColorOS16官方教程 · 2026-01-06 · 实际机型与build未标,10,16.4
OPP-F02,OP25-02,video,../../media/mobile-v2/local/assets/clips/OP25-02-v25-0040200-0046200.mp4,https://www.coloros.com/article/A00000125/,[LOCAL_SOURCE_NOT_INCLUDED]/mobile-ai-interactions-v2/sources/OP25-coloros16-realworld-official.mp4,ColorOS16官方教程 · 2026-01-06 · 实际机型与build未标,40.2,46.2
OPP-F02,OP25-03,video,../../media/mobile-v2/local/assets/clips/OP25-03-v25-0046200-0052200.mp4,https://www.coloros.com/article/A00000125/,[LOCAL_SOURCE_NOT_INCLUDED]/mobile-ai-interactions-v2/sources/OP25-coloros16-realworld-official.mp4,ColorOS16官方教程 · 2026-01-06 · 实际机型与build未标,46.2,52.2
OPP-F02,MED-V004,video,../../media/mobile-v2/legacy/assets/clips/MED-V004-v1-002200-011900.mp4,https://coloros-website-cn.allawnfs.com/website-resource-20260421/os1611776774710000/video/module3/%E5%AE%9E%E6%99%AF%E5%AF%B9%E8%AF%9D.mp4,,ColorOS官方演示／片中版本未标,2.2,11.9
OPP-F02,OP-V02,video,../../media/mobile-v2/legacy/assets/clips/OP-V02-v1-033500-040800.mp4,https://www.oppo.com/content/dam/oppo_com/oppo/event-page-asset/oppo-ai/cn/v1/assets/videos-tips-7-zh.mp4,,ColorOS16／指定机型官方演示,33.5,40.8
OPP-F03,OGS7-01,video,../../media/mobile-v2/local/assets/clips/OGS7-01-v7b-0013000-0025000.mp4,https://www.oppo.com/cn/how-to/list/video-54/,[LOCAL_SOURCE_NOT_INCLUDED]/mobile-ai-interactions-v2/sources/OG7-F03-official-screen-2022.mp4,2022年OPPO官方历史识屏教程 / 中国大陆 / 系统版本未标,13,25
OPP-F04,OPP-CAPSULE-V4,image,../../media/mobile-v2/local/assets/thumbs/OPP-CAPSULE-official-v4.png,https://www.coloros.com/version/coloros15/,,ColorOS15中国官网 / 历史演示,,
OPP-F05,OGDOC7-A,image,../../media/mobile-v2/local/assets/thumbs/OGDOC7-A-crop-v7.png,https://www.oppo.cn/thread-402316387-1,,ColorOS14（作者正文声明）；具体小布版本未知；入口在左侧，不等同16手册右下角附件,,
OPP-F05,OGDOC7-B,image,../../media/mobile-v2/local/assets/thumbs/OGDOC7-B-crop-v7.png,https://www.oppo.cn/thread-402316387-1,,ColorOS14（作者正文声明）；具体小布版本未知；入口在左侧，不等同16手册右下角附件,,
OPP-F05,OGDOC7-C,image,../../media/mobile-v2/local/assets/thumbs/OGDOC7-C-crop-v7.png,https://www.oppo.cn/thread-402316387-1,,ColorOS14（作者正文声明）；具体小布版本未知；入口在左侧，不等同16手册右下角附件,,
OPP-F05,OG7-F05-02,image,../../media/mobile-v2/local/assets/thumbs/OG7-F05-doc-community-02.png,https://www.oppo.cn/thread-402316387-1,,ColorOS14（作者正文声明）；具体小布版本未知；入口在左侧，不等同16手册右下角附件,,
OPP-F05,OG7-F05-03,image,../../media/mobile-v2/local/assets/thumbs/OG7-F05-doc-community-03.png,https://www.oppo.cn/thread-402316387-1,,ColorOS14（作者正文声明）；具体小布版本未知；入口在左侧，不等同16手册右下角附件,,
OPP-F06,MED-V006,video,../../media/mobile-v2/legacy/assets/clips/MED-V006-v1-000000-011950.mp4,https://coloros-website-cn.allawnfs.com/website-resource-20260421/os1611776774710000/video/module3/AI%E8%8F%9C%E5%8D%95%E7%BF%BB%E8%AF%91.mp4,,ColorOS官方演示／片中版本未标,0,11.95
OPP-F07,OM19-01,video,../../media/mobile-v2/local/assets/clips/OM19-01-v19-0019000-0032000.mp4,https://www.coloros.com/article/A00000103/,[LOCAL_SOURCE_NOT_INCLUDED]/mobile-ai-interactions-v2/sources/OG7-F09-official-tips-2025.mp4,中国大陆2025年官方历史教程；机型与精确系统版本未标,19,32
OPP-F07,OP-V03,video,../../media/mobile-v2/legacy/assets/clips/OP-V03-v1-033700-039800.mp4,https://www.oppo.com/content/dam/oppo_com/oppo/event-page-asset/oppo-ai/cn/v1/assets/videos-tips-4-zh.mp4,,Find X8系列演示／系统版本未标,33.7,39.8
OPP-F07,OM19-PHONE-31,image,../../media/mobile-v2/local/assets/thumbs/OM19-PHONE-31-v19.png,https://www.coloros.com/article/A00000103/,,中国大陆2025年官方历史教程；机型与精确系统版本未标,,
OPP-F07,OM19-PHONE-29,image,../../media/mobile-v2/local/assets/thumbs/OM19-PHONE-29-v19.png,https://www.coloros.com/article/A00000103/,,中国大陆2025年官方历史教程；机型与精确系统版本未标,,
OPP-F07,OM19-PHONE-24,image,../../media/mobile-v2/local/assets/thumbs/OM19-PHONE-24-v19.png,https://www.coloros.com/article/A00000103/,,中国大陆2025年官方历史教程；机型与精确系统版本未标,,
OPP-F08,OGV7-01,video,../../media/mobile-v2/local/assets/clips/OGV7-01-v2-0000000-0006400.mp4,https://www.oppo.com/cn/smartphones/series-find-x/find-x9-pro/,[LOCAL_SOURCE_NOT_INCLUDED]/mobile-ai-interactions-v2/sources/OG7-F08-voice-official-findx9pro.mp4,Find X9 Pro / ColorOS16中国官网UI动画 / 非实机操作,0,6.4
OPP-F09,OGA7-01,video,../../media/mobile-v2/local/assets/clips/OGA7-01-v2-0073000-0088000.mp4,https://www.coloros.com/article/A00000103/,[LOCAL_SOURCE_NOT_INCLUDED]/mobile-ai-interactions-v2/sources/OG7-F09-official-tips-2025.mp4,2025年ColorOS官方小布建议设置教程 / 历史版本,73,88
OPP-F10,EXT-007,image,../../media/mobile-v2/legacy/assets/images/EXT-007-v1.jpg,https://www.oppo.com/cn/discover/technology/oppo-ai/,,,,
OPP-F11,OPW14-01,video,../../media/mobile-v2/local/assets/clips/OPW14-01-v14-0049000-0059400.mp4,https://www.coloros.com/article/A00000131/,[LOCAL_SOURCE_NOT_INCLUDED]/mobile-ai-interactions-v2/sources/OPW14-official-writing.mp4,ColorOS16 / 2026-01官方手机教程 / 中国大陆；机型与build未标,49,59.4
OPP-F11,EXT-003,image,../../media/mobile-v2/legacy/assets/images/EXT-003-v1.jpg,https://www.oppo.com/cn/discover/technology/oppo-ai/,,,,
OPP-F12,OPW14-03,video,../../media/mobile-v2/local/assets/clips/OPW14-03-v14-0066000-0077300.mp4,https://www.coloros.com/article/A00000131/,[LOCAL_SOURCE_NOT_INCLUDED]/mobile-ai-interactions-v2/sources/OPW14-official-writing.mp4,ColorOS16 / 2026-01官方手机教程 / 中国大陆；机型与build未标,66,77.3
OPP-F12,OPW14-NOTE,image,../../media/mobile-v2/local/assets/thumbs/OPW14-NOTE-v14.png,https://www.coloros.com/article/A00000131/,,ColorOS16 / 2026-01官方手机教程 / 中国大陆；机型与build未标,,
OPP-F12,AUDIMG-317,image,../../media/mobile-v2/legacy/assets/images/AUDIMG-317-v1.jpg,https://www.coloros.com/manual/16/FOT017928.html,,,,
OPP-F20,OPW14-02,video,../../media/mobile-v2/local/assets/clips/OPW14-02-v14-0030500-0045500.mp4,https://www.coloros.com/article/A00000131/,[LOCAL_SOURCE_NOT_INCLUDED]/mobile-ai-interactions-v2/sources/OPW14-official-writing.mp4,ColorOS16 / 2026-01官方手机教程 / 中国大陆；机型与build未标,30.5,45.5
OPP-F21,OPW14-04,video,../../media/mobile-v2/local/assets/clips/OPW14-04-v14-0077400-0083400.mp4,https://www.coloros.com/article/A00000131/,[LOCAL_SOURCE_NOT_INCLUDED]/mobile-ai-interactions-v2/sources/OPW14-official-writing.mp4,ColorOS16 / 2026-01官方手机教程 / 中国大陆；机型与build未标,77.4,83.4
OPP-F21,OPW14-SELECTION,image,../../media/mobile-v2/local/assets/thumbs/OPW14-SELECTION-v14.png,https://www.coloros.com/article/A00000131/,,ColorOS16 / 2026-01官方手机教程 / 中国大陆；机型与build未标,,
OPP-F13,OP-V01,video,../../media/mobile-v2/legacy/assets/clips/OP-V01-v2-070800-075500.mp4,https://www.oppo.com/content/dam/oppo_com/oppo/event-page-asset/oppo-ai/cn/v1/assets/videos-tips-6-zh.mp4,,ColorOS16官方宣传 / 中国大陆 / 机型与build未标,70.8,75.5
OPP-F13,EXT-006,image,../../media/mobile-v2/legacy/assets/images/EXT-006-v1.jpg,https://www.oppo.com/cn/discover/technology/oppo-ai/,,,,
OPP-F14,OA38-01,video,../../media/mobile-v2/local/assets/clips/OA38-01-v38-0023200-0031500.mp4,https://www.bilibili.com/video/BV1G9ZsBiEqB/,[LOCAL_SOURCE_NOT_INCLUDED]/mobile-ai-interactions-v2/sources/OP38-audio-note-BV1G9ZsBiEqB.mp4,主控来源信息：祥哥测评，2026-02-15，题名ColorOS16；具体机型/系统构建未由设置页验证。视频内英文字幕与外层黄色字幕应同AI浮窗文字区分。,23.2,31.5
OPP-F14,OA38-02,video,../../media/mobile-v2/local/assets/clips/OA38-02-v38-0031700-0039400.mp4,https://www.bilibili.com/video/BV1G9ZsBiEqB/,[LOCAL_SOURCE_NOT_INCLUDED]/mobile-ai-interactions-v2/sources/OP38-audio-note-BV1G9ZsBiEqB.mp4,主控来源信息：祥哥测评，2026-02-15，题名ColorOS16；具体机型/系统构建未由设置页验证。视频内英文字幕与外层黄色字幕应同AI浮窗文字区分。,31.7,39.4
OPP-F14,OA38-03,video,../../media/mobile-v2/local/assets/clips/OA38-03-v38-0041000-0047800.mp4,https://www.bilibili.com/video/BV1G9ZsBiEqB/,[LOCAL_SOURCE_NOT_INCLUDED]/mobile-ai-interactions-v2/sources/OP38-audio-note-BV1G9ZsBiEqB.mp4,主控来源信息：祥哥测评，2026-02-15，题名ColorOS16；具体机型/系统构建未由设置页验证。视频内英文字幕与外层黄色字幕应同AI浮窗文字区分。,41,47.8
OPP-F14,OPP-F14-OFFICIAL-202503,image,../../media/mobile-v2/local/assets/thumbs/OPP-F14-official-ui-v2.jpg,https://www.coloros.com/article/A00000095/,,ColorOS15时期官方示例 / 2025-03-20；16路径见手册,,
OPP-F15,OC38-01,video,../../media/mobile-v2/local/assets/clips/OC38-01-v38-0006300-0018300.mp4,https://www.bilibili.com/video/BV15USJY1EVt/,[LOCAL_SOURCE_NOT_INCLUDED]/mobile-ai-interactions-v2/sources/OP38-call-BV15USJY1EVt.mp4,主控来源信息：OPPO陈希，2024-10-31，ColorOS15标签；画面记录日期2024/10/29；具体机型/系统构建未核。不能外推ColorOS16。,6.3,18.3
OPP-F15,OC38-02,video,../../media/mobile-v2/local/assets/clips/OC38-02-v38-0053700-0059200.mp4,https://www.bilibili.com/video/BV15USJY1EVt/,[LOCAL_SOURCE_NOT_INCLUDED]/mobile-ai-interactions-v2/sources/OP38-call-BV15USJY1EVt.mp4,主控来源信息：OPPO陈希，2024-10-31，ColorOS15标签；画面记录日期2024/10/29；具体机型/系统构建未核。不能外推ColorOS16。,53.7,59.2
OPP-F15,OPP-F15-OFFICIAL-202503,image,../../media/mobile-v2/local/assets/thumbs/OPP-F15-official-ui-v2.jpg,https://www.coloros.com/article/A00000095/,,ColorOS15时期官方示例 / 2025-03-20；16路径见手册,,
OPP-F16,EXT-004,image,../../media/mobile-v2/legacy/assets/images/EXT-004-v1.jpg,https://www.oppo.com/cn/discover/technology/oppo-ai/,,,,
OPP-F16,EXT-005,image,../../media/mobile-v2/legacy/assets/images/EXT-005-v1.jpg,https://www.oppo.com/cn/discover/technology/oppo-ai/,,,,
OPP-F18,OG7-F18-03,image,../../media/mobile-v2/local/assets/thumbs/OG7-F18-hotspot-step03.webp,https://bbs.xiaopeng.com/article/2176465,,2023-11-11历史手机教程；ColorOS和小布指令版本均未标,,
OPP-F18,OG7-F18-09,image,../../media/mobile-v2/local/assets/thumbs/OG7-F18-hotspot-step09.webp,https://bbs.xiaopeng.com/article/2176465,,2023-11-11历史手机教程；ColorOS和小布指令版本均未标,,
OPP-F18,OG7-F18-10,image,../../media/mobile-v2/local/assets/thumbs/OG7-F18-hotspot-step10.webp,https://bbs.xiaopeng.com/article/2176465,,2023-11-11历史手机教程；ColorOS和小布指令版本均未标,,
OPP-F18,OG7-F18-04,image,../../media/mobile-v2/local/assets/thumbs/OG7-F18-hotspot-step04.webp,https://bbs.xiaopeng.com/article/2176465,,2023-11-11历史手机教程；ColorOS和小布指令版本均未标,,
OPP-F18,OG7-F18-07,image,../../media/mobile-v2/local/assets/thumbs/OG7-F18-hotspot-step07.webp,https://bbs.xiaopeng.com/article/2176465,,2023-11-11历史手机教程；ColorOS和小布指令版本均未标,,
OPP-F17,OP30-01,video,../../media/mobile-v2/local/assets/clips/OP30-01-v30-0012500-0027500.mp4,https://www.youtube.com/watch?v=Y4HvmKoke4I,[LOCAL_SOURCE_NOT_INCLUDED]/mobile-ai-interactions-v2/sources/【OPPO A5 5G】AI消しゴムを利用する(au公式) [Y4HvmKoke4I].mp4,日本OPPO A5 5G官方教程；系统build未显示,12.5,27.5
OPP-F17,OP30-02,video,../../media/mobile-v2/local/assets/clips/OP30-02-v30-0027500-0033500.mp4,https://www.youtube.com/watch?v=Y4HvmKoke4I,[LOCAL_SOURCE_NOT_INCLUDED]/mobile-ai-interactions-v2/sources/【OPPO A5 5G】AI消しゴムを利用する(au公式) [Y4HvmKoke4I].mp4,日本OPPO A5 5G官方教程；系统build未显示,27.5,33.5
OPP-F17,OP30-03,video,../../media/mobile-v2/local/assets/clips/OP30-03-v30-0341000-0356000.mp4,https://www.youtube.com/watch?v=iamqREHGdLc,"[LOCAL_SOURCE_NOT_INCLUDED]/mobile-ai-interactions-v2/sources/【OPPO A5 5G】OPPO AIを利用する(①AI鮮明度強化,②AI消しゴム)(au公式) [iamqREHGdLc].mp4",日本OPPO A5 5G官方教程；系统build未显示,341,356
OPP-F17,AUDIMG-318,image,../../media/mobile-v2/legacy/assets/images/AUDIMG-318-v1.jpg,https://www.coloros.com/manual/16/DTO005031.html,,,,
VIV-F01,VB-01,video,../../media/mobile-v2/local/assets/clips/VB-01-v2-0000000-0004184.mp4,https://bbs.vivo.com.cn/newbbs/thread/38892690,[LOCAL_SOURCE_NOT_INCLUDED]/mobile-ai-interactions-v2/sources/VB01-originos6-community.mp4,X300 / OriginOS 6 / 中国大陆 · 原片右半屏,0,4.184
VIV-F01,VB-02,video,../../media/mobile-v2/local/assets/clips/VB-02-v2-0000000-0004184.mp4,https://bbs.vivo.com.cn/newbbs/thread/38892690,[LOCAL_SOURCE_NOT_INCLUDED]/mobile-ai-interactions-v2/sources/VB02-originos6-community.mp4,X300 / OriginOS 6 / 中国大陆 · 原片右半屏,0,4.184
VIV-F01,MED-V008,video,../../media/mobile-v2/legacy/assets/clips/MED-V008-v1-001000-016800.mp4,https://wwwstatic.vivo.com.cn/vivoportal/files/image/question/20251031/05bdd671897ca80eb5f52049237e711c.mp4,,OriginOS官方演示／片中版本未标,1,16.8
VIV-F03,MED-V007,video,../../media/mobile-v2/legacy/assets/clips/MED-V007-v2-027200-032650.mp4,https://wwwstatic.vivo.com.cn/vivoportal/files/image/question/20251031/25fb2f14a266f9466102c01581162c78.mp4,,OriginOS官方演示／片中版本未标,27.2,32.65
VIV-F04,VIVF6-UI-2284,image,../../media/mobile-v2/local/assets/thumbs/VIVF6-UI-2284-v2.png,https://www.vivo.com.cn/vivo/xfold6/,,X Fold6 / OriginOS 6 Fold / 中国大陆,,
VIV-F02,VD16-01,video,../../media/mobile-v2/local/assets/clips/VD16-01-v16-0000100-0009600.mp4,https://bbs.vivo.com.cn/newbbs/thread/37951733,[LOCAL_SOURCE_NOT_INCLUDED]/mobile-ai-interactions-v2/sources/VDISC6-4-original.mp4,2024-11 / OriginOS 5 / 中国大陆 / 社区手机动图；机型与build未标,0.1,9.6
VIV-F02,VD6-01,video,../../media/mobile-v2/local/assets/clips/VD6-01-v2-0000100-0008200.mp4,https://bbs.vivo.com.cn/newbbs/thread/37951733,[LOCAL_SOURCE_NOT_INCLUDED]/mobile-ai-interactions-v2/sources/VDISC6-1-original.mp4,2024-11 / OriginOS 5 / 中国大陆 / 社区手机教程,0.1,8.2
VIV-F02,VDISC6-AGENTS-V6,image,../../media/mobile-v2/local/assets/thumbs/VDISC6-AGENTS-crop-v6.png,https://bbs.vivo.com.cn/newbbs/thread/37951733,,OriginOS 5 / 中国大陆 / 2024-11社区教程,,
VIV-F05,VI01,video,../../media/mobile-v2/local/assets/clips/VI01-v2-0096000-0114000.mp4,https://www.bilibili.com/video/BV1yu4EzVEM1/,[LOCAL_SOURCE_NOT_INCLUDED]/mobile-ai-interactions-v2/sources/VI01-originos6-handson.mp4,vivo / OriginOS 6 / 中国大陆,96,114
VIV-F05,VB-04,video,../../media/mobile-v2/local/assets/clips/VB-04-v2-0000000-0004184.mp4,https://bbs.vivo.com.cn/newbbs/thread/38892690,[LOCAL_SOURCE_NOT_INCLUDED]/mobile-ai-interactions-v2/sources/VB04-originos6-community.mp4,X300 / OriginOS 6 / 中国大陆 · 原片右半屏,0,4.184
VIV-F05,MED-I001,image,../../media/mobile-v2/legacy/assets/images/MED-I001-v1.jpg,https://www.vivo.com.cn/service/questions/all?categoryId=170&questionId=2030,,,,
VIV-F06,VI-SET,video,../../media/mobile-v2/local/assets/clips/VI-SET-v2-0010000-0024000.mp4,https://www.vivo.com.cn/service/questions/all?categoryId=170&questionId=1751,[LOCAL_SOURCE_NOT_INCLUDED]/mobile-ai-interactions-v2/sources/VIVISLAND-V4-original.mp4,OriginOS5 / 中国大陆 / 官方分步骤演示,10,24
VIV-F08,VB-03,video,../../media/mobile-v2/local/assets/clips/VB-03-v2-0000000-0004184.mp4,https://bbs.vivo.com.cn/newbbs/thread/38892690,[LOCAL_SOURCE_NOT_INCLUDED]/mobile-ai-interactions-v2/sources/VB03-originos6-community.mp4,X300 / OriginOS 6 / 中国大陆 · 原片右半屏,0,4.184
VIV-F08,VM33-01,video,../../media/mobile-v2/local/assets/clips/VM33-01-v33-0000000-0015000.mp4,https://www.vivo.com.cn/service/questions/all?categoryId=170&questionId=2031,[LOCAL_SOURCE_NOT_INCLUDED]/mobile-ai-interactions-v2/sources/VM33-01-official-original.mp4,中国大陆官方分步教程；机型、系统build未标,0.0,15
VIV-F08,VM33-04,video,../../media/mobile-v2/local/assets/clips/VM33-04-v33-0000033-0009000.mp4,https://www.vivo.com.cn/service/questions/all?categoryId=170&questionId=2031,[LOCAL_SOURCE_NOT_INCLUDED]/mobile-ai-interactions-v2/sources/VM33-04-official-original.mp4,中国大陆官方分步教程；机型、系统build未标,0.03333333333333333,9
VIV-F09,VM33-02,video,../../media/mobile-v2/local/assets/clips/VM33-02-v33-0000033-0014000.mp4,https://www.vivo.com.cn/service/questions/all?categoryId=170&questionId=2031,[LOCAL_SOURCE_NOT_INCLUDED]/mobile-ai-interactions-v2/sources/VM33-02-official-original.mp4,中国大陆官方分步教程；机型、系统build未标,0.03333333333333333,14
VIV-F09,VM33-03,video,../../media/mobile-v2/local/assets/clips/VM33-03-v33-0000033-0014000.mp4,https://www.vivo.com.cn/service/questions/all?categoryId=170&questionId=2031,[LOCAL_SOURCE_NOT_INCLUDED]/mobile-ai-interactions-v2/sources/VM33-03-official-original.mp4,中国大陆官方分步教程；机型、系统build未标,0.03333333333333333,14
VIV-F09,MED-I002,image,../../media/mobile-v2/legacy/assets/images/MED-I002-v1.jpg,https://www.vivo.com.cn/service/questions/all?categoryId=170&questionId=2027,,,,
VIV-F10,VS6-01,video,../../media/mobile-v2/local/assets/clips/VS6-01-v2-0004000-0018900.mp4,https://www.vivo.com.cn/service/questions/all?categoryId=170&questionId=1754,[LOCAL_SOURCE_NOT_INCLUDED]/mobile-ai-interactions-v2/sources/VIVSUG6-178-original.mp4,OriginOS 5 / 中国大陆 / 官方设置动图,4.0,18.9
VIV-F11,VQ13-01,video,../../media/mobile-v2/local/assets/clips/VQ13-01-v13-0007500-0019500.mp4,https://www.vivo.com.cn/service/questions/all?categoryId=170&questionId=1766,[LOCAL_SOURCE_NOT_INCLUDED]/mobile-ai-interactions-v2/sources/VQ13-writing-original.gif,2024年官方动图 / 系统与应用构建号未标 / 中国大陆,7.5,19.5
VIV-F11,VB-05,video,../../media/mobile-v2/local/assets/clips/VB-05-v2-0000000-0004184.mp4,https://bbs.vivo.com.cn/newbbs/thread/38892690,[LOCAL_SOURCE_NOT_INCLUDED]/mobile-ai-interactions-v2/sources/VB05-originos6-community.mp4,X300 / OriginOS 6 / 中国大陆 · 原片右半屏,0,4.184
VIV-F11,VV40-01,video,../../media/mobile-v2/local/assets/clips/VV40-01-v40-0000000-0015000.mp4,https://bbs.vivo.com.cn/newbbs/thread/39379054?show_title=1,[LOCAL_SOURCE_NOT_INCLUDED]/mobile-ai-interactions-v2/sources/VV40-S01-atomic-note-writing-community.mp4,系统/原子笔记build未显示；不自动标OriginOS6。录屏笔记日期2026/4/30，帖子4月30日,0,15
VIV-F12,VN-01,video,../../media/mobile-v2/local/assets/clips/VN-01-v2-0017000-0032000.mp4,https://www.vivo.com.cn/service/questions/all?categoryId=170&questionId=1763,[LOCAL_SOURCE_NOT_INCLUDED]/mobile-ai-interactions-v2/sources/VIVNOTE-V4-178-original.mp4,OriginOS 5 / 中国大陆 / 官方分步骤演示,17,32
VIV-F12,VN-02,video,../../media/mobile-v2/local/assets/clips/VN-02-v2-0006000-0021000.mp4,https://www.vivo.com.cn/service/questions/all?categoryId=170&questionId=1763,[LOCAL_SOURCE_NOT_INCLUDED]/mobile-ai-interactions-v2/sources/VIVNOTE-V4-179-original.mp4,OriginOS 5 / 中国大陆 / 官方分步骤演示,6,21
VIV-F13,VIVF6-UI-1877,image,../../media/mobile-v2/local/assets/thumbs/VIVF6-UI-1877-screen-crop-v2.png,https://www.vivo.com.cn/vivo/xfold6/,,X Fold6 / OriginOS 6 Fold / 中国大陆,,
VIV-F13,VIVF6-UI-1875,image,../../media/mobile-v2/local/assets/thumbs/VIVF6-UI-1875-screen-crop-v2.png,https://www.vivo.com.cn/vivo/xfold6/,,X Fold6 / OriginOS 6 Fold / 中国大陆,,
VIV-F14,VV40-02,video,../../media/mobile-v2/local/assets/clips/VV40-02-v40-0041500-0046100.mp4,https://bbs.vivo.com.cn/newbbs/thread/39490406,[LOCAL_SOURCE_NOT_INCLUDED]/mobile-ai-interactions-v2/sources/VV40-S02-xfold6-meeting-official.mp4,右下Powered by OriginOS6 Fold；实际系统/录音机build未显示,41.5,46.1
VIV-F14,VIVF6-UI-2267,image,../../media/mobile-v2/local/assets/thumbs/VIVF6-UI-2267-screen-crop-v2.png,https://www.vivo.com.cn/vivo/xfold6/,,X Fold6 / OriginOS 6 Fold / 中国大陆,,
VIV-F14,VIVF6-UI-2263,image,../../media/mobile-v2/local/assets/thumbs/VIVF6-UI-2263-screen-crop-v2.png,https://www.vivo.com.cn/vivo/xfold6/,,X Fold6 / OriginOS 6 Fold / 中国大陆,,
VIV-F15,VC-01,video,../../media/mobile-v2/local/assets/clips/VC-01-v2-0000000-0009000.mp4,https://www.vivo.com.cn/service/questions/all?categoryId=170&questionId=2035,[LOCAL_SOURCE_NOT_INCLUDED]/mobile-ai-interactions-v2/sources/VIVCALL-V4-179-original.mp4,OriginOS 6 / 中国大陆 / 官方分步骤演示,0,9
VIV-F15,VC-02,video,../../media/mobile-v2/local/assets/clips/VC-02-v2-0008000-0023000.mp4,https://www.vivo.com.cn/service/questions/all?categoryId=170&questionId=2035,[LOCAL_SOURCE_NOT_INCLUDED]/mobile-ai-interactions-v2/sources/VIVCALL-V4-178-original.mp4,OriginOS 6 / 中国大陆 / 官方分步骤演示,8,23
VIV-F16,NS7-VIV-F16-01,image,../../media/mobile-v2/local/assets/thumbs/NS7-VIV-F16-official-ai-shield.png,https://www.vivo.com.cn/vivo/x200ultra/,,X200 Ultra / OriginOS5 / 中国官网UI展示,,
VIV-F20,VIVF6-UI-3334,image,../../media/mobile-v2/local/assets/thumbs/VIVF6-UI-3334-v2.png,https://www.vivo.com.cn/vivo/xfold6/,,X Fold6 / OriginOS 6 Fold / 中国大陆,,
VIV-F21,VIVF6-UI-3335,image,../../media/mobile-v2/local/assets/thumbs/VIVF6-UI-3335-v2.png,https://www.vivo.com.cn/vivo/xfold6/,,X Fold6 / OriginOS 6 Fold / 中国大陆,,
VIV-F17,VEX15-01,video,../../media/mobile-v2/local/assets/clips/VEX15-01-v15-0019000-0034000.mp4,https://www.vivo.com.cn/service/questions/all?categoryId=170&questionId=2034,[LOCAL_SOURCE_NOT_INCLUDED]/mobile-ai-interactions-v2/sources/VEX15-livephoto-original.mp4,OriginOS6部分机型 / 中国大陆官方分步教程 / 机型、build未标,19,34
VIV-F17,VI02,video,../../media/mobile-v2/local/assets/clips/VI02-v2-0117000-0126000.mp4,https://www.bilibili.com/video/BV1yu4EzVEM1/,[LOCAL_SOURCE_NOT_INCLUDED]/mobile-ai-interactions-v2/sources/VI01-originos6-handson.mp4,vivo / OriginOS 6 / 中国大陆,117,126
VIV-F17,MED-V010,video,../../media/mobile-v2/legacy/assets/clips/MED-V010-v1-000000-008080.mp4,https://wwwstatic.vivo.com.cn/vivoportal/files/image/question/20251030/157d5d52dd955b00c6db6740ca1b6729.webm,,OriginOS官方演示／片中版本未标,0,8.08
VIV-F17,VEX15-ENTRY,image,../../media/mobile-v2/local/assets/thumbs/VEX15-ENTRY-v15.png,https://www.vivo.com.cn/service/questions/all?categoryId=170&questionId=2034,,OriginOS6部分机型 / 中国大陆官方分步教程 / 机型、build未标,,
VIV-F17,VEX15-CONFIRM,image,../../media/mobile-v2/local/assets/thumbs/VEX15-CONFIRM-v15.png,https://www.vivo.com.cn/service/questions/all?categoryId=170&questionId=2034,,OriginOS6部分机型 / 中国大陆官方分步教程 / 机型、build未标,,
VIV-F17,VEX15-RETURN,image,../../media/mobile-v2/local/assets/thumbs/VEX15-RETURN-v15.png,https://www.vivo.com.cn/service/questions/all?categoryId=170&questionId=2034,,OriginOS6部分机型 / 中国大陆官方分步教程 / 机型、build未标,,
VIV-F17,VEX15-FINISH,image,../../media/mobile-v2/local/assets/thumbs/VEX15-FINISH-v15.png,https://www.vivo.com.cn/service/questions/all?categoryId=170&questionId=2034,,OriginOS6部分机型 / 中国大陆官方分步教程 / 机型、build未标,,
VIV-F18,RE02,video,../../media/mobile-v2/local/assets/clips/RE02-v2-0549700-0555800.mp4,https://www.youtube.com/watch?v=DkWTbd94WFs,[LOCAL_SOURCE_NOT_INCLUDED]/mobile-ai-interactions-v2/sources/REF01-five-brand-handson.mp4,片中系统见各流程,549.7,555.8
VIV-F18,AUDIMG-319,image,../../media/mobile-v2/legacy/assets/images/AUDIMG-319-v1.jpg,https://www.vivo.com.cn/service/questions/all?categoryId=170&questionId=2059,,,,
VIV-F19,VV23-01,video,../../media/mobile-v2/local/assets/clips/VV23-01-v23-0033033-0042000.mp4,https://www.vivo.com.cn/service/questions/all?categoryId=170&questionId=2056,[LOCAL_SOURCE_NOT_INCLUDED]/mobile-ai-interactions-v2/sources/VIVVOICE-V4-178-original.mp4,OriginOS6中国大陆官方分步动图；实际机型/build未标,33.03333333333333,42
VIV-F19,VV-01,video,../../media/mobile-v2/local/assets/clips/VV-01-v2-0014000-0029000.mp4,https://www.vivo.com.cn/service/questions/all?categoryId=170&questionId=2056,[LOCAL_SOURCE_NOT_INCLUDED]/mobile-ai-interactions-v2/sources/VIVVOICE-V4-178-original.mp4,OriginOS 6 / 中国大陆 / 官方分步骤演示,14,29
VIV-F19,VV-02,video,../../media/mobile-v2/local/assets/clips/VV-02-v2-0012000-0021000.mp4,https://www.vivo.com.cn/service/questions/all?categoryId=170&questionId=2056,[LOCAL_SOURCE_NOT_INCLUDED]/mobile-ai-interactions-v2/sources/VIVVOICE-V4-179-original.mp4,OriginOS 6 / 中国大陆 / 官方分步骤演示,12,21
VIV-F19,VV23-SUCCESS,image,../../media/mobile-v2/local/assets/thumbs/VV23-SUCCESS-v23.png,https://www.vivo.com.cn/service/questions/all?categoryId=170&questionId=2056,,OriginOS6中国大陆官方分步动图；实际机型/build未标,,
HON-F01,HON-WIN-UI-117,image,../../media/mobile-v2/local/assets/thumbs/HON-WIN-UI-117-v2.png,https://www.honor.com/cn/phones/honor-win/tips/,,MagicOS 10 / HONOR WIN,,
HON-F01,HON-WIN-UI-144,image,../../media/mobile-v2/local/assets/thumbs/HON-WIN-UI-144-v2.png,https://www.honor.com/cn/phones/honor-win/tips/,,MagicOS 10 / HONOR WIN,,
HON-F01,HON-TIP-390,image,../../media/mobile-v2/local/assets/thumbs/HON-TIP-390.png,https://www.honor.com/cn/support/content/zh-cn15887823/,,,,
HON-F02,HON-LIVE-REF538,image,../../media/mobile-v2/local/assets/frames/HON-LIVE-REF-v2-0538000.jpg,https://www.youtube.com/watch?v=DkWTbd94WFs,,Magic8 Pro / MagicOS10 · 热点科技实机,,
HON-F03,MED-V012,video,../../media/mobile-v2/legacy/assets/clips/MED-V012-v1-000000-013800.mp4,https://www.honor.com/content/dam/honor/cn/product/smartphone/honor-magic8-series/tips/imgs/list2/video/list201.mp4,,Magic8系列中国官网教学动画 / 系统build未标,0,13.8
HON-F03,HON-CIRCLE-V3-A,image,../../media/mobile-v2/local/assets/thumbs/HON-CIRCLE-V3-A.png,https://iknow-dl.service.hihonor.com/ctkbfm/applet/simulator/zh-cn15874451/index.html,,荣耀Magic7 Pro官方教程 / 图内系统版本未标,,
HON-F03,HON-CIRCLE-V3-B,image,../../media/mobile-v2/local/assets/thumbs/HON-CIRCLE-V3-B.png,https://iknow-dl.service.hihonor.com/ctkbfm/applet/simulator/zh-cn15874451/index.html,,荣耀Magic7 Pro官方教程 / 图内系统版本未标,,
HON-F05,HON-WIN-UI-123,image,../../media/mobile-v2/local/assets/thumbs/HON-WIN-UI-123-v2.png,https://www.honor.com/cn/phones/honor-win/tips/,,MagicOS 10 / HONOR WIN,,
HON-F06,HON-SEARCH-V3,image,../../media/mobile-v2/local/assets/thumbs/HON-SEARCH-V3.png,https://www.honor.com/cn/phones/honor-win/tips/,,荣耀WIN系列官方技巧 / 图内系统版本未标,,
HON-F04,HN39-01,video,../../media/mobile-v2/local/assets/clips/HN39-01-v39-0002800-0012600.mp4,https://www.honor.com/cn/phones/honor-magic8-series/tips/,[LOCAL_SOURCE_NOT_INCLUDED]/mobile-ai-interactions-v2/sources/HON39-S02-official-magic8-list203.mp4,荣耀Magic8系列官方玩机指南；视频未显示MagicOS版本/build，不能从官网当前导航推定,2.8,12.6
HON-F04,HN39-02,video,../../media/mobile-v2/local/assets/clips/HN39-02-v39-0015600-0024240.mp4,https://www.honor.com/cn/phones/honor-magic8-series/tips/,[LOCAL_SOURCE_NOT_INCLUDED]/mobile-ai-interactions-v2/sources/HON39-S02-official-magic8-list203.mp4,荣耀Magic8系列官方玩机指南；视频未显示MagicOS版本/build，不能从官网当前导航推定,15.6,24.24
HON-F04,HND36-FILE,image,../../media/mobile-v2/local/assets/thumbs/HND36-FILE-MagicOS8-v1.png,https://www.honor.com/cn/support/content/zh-cn15854511/,,MagicOS 8.0 / 中国大陆官方历史示意；图中机型和build未标,,
HON-F07,HM17-01,video,../../media/mobile-v2/local/assets/clips/HM17-01-v17-0000000-0004000.mp4,https://www.honor.com/content/dam/honor/cn/product/smartphone/honor-magic8-series/tips/imgs/list1/video/list101.mp4,[LOCAL_SOURCE_NOT_INCLUDED]/mobile-ai-entry-ppt-2026-09-08/sources/raw/MED-V011.mp4,Magic8系列中国官网 / 官方UI教学动画 / 精确系统build未标,0,4
HON-F07,HM17-02,video,../../media/mobile-v2/local/assets/clips/HM17-02-v17-0015700-0023867.mp4,https://www.honor.com/content/dam/honor/cn/product/smartphone/honor-magic8-series/tips/imgs/list1/video/list101.mp4,[LOCAL_SOURCE_NOT_INCLUDED]/mobile-ai-entry-ppt-2026-09-08/sources/raw/MED-V011.mp4,Magic8系列中国官网 / 官方UI教学动画 / 精确系统build未标,15.7,23.866666667
HON-F07,MED-V011,video,../../media/mobile-v2/legacy/assets/clips/MED-V011-v2-005000-015480.mp4,https://www.honor.com/content/dam/honor/cn/product/smartphone/honor-magic8-series/tips/imgs/list1/video/list101.mp4,,MagicOS官方演示／片中版本未标,5,15.48
HON-F07,HM17-RETURN-1,image,../../media/mobile-v2/local/assets/frames/HON-F07-v17-0013400.jpg,https://www.honor.com/cn/phones/honor-magic8-series/tips/,,Magic8系列官方UI教学；精确系统build未标,,
HON-F07,HM17-RETURN-2,image,../../media/mobile-v2/local/assets/frames/HON-F07-v17-0013800.jpg,https://www.honor.com/cn/phones/honor-magic8-series/tips/,,Magic8系列官方UI教学；精确系统build未标,,
HON-F07,HM17-RETURN-3,image,../../media/mobile-v2/local/assets/frames/HON-F07-v17-0014400.jpg,https://www.honor.com/cn/phones/honor-magic8-series/tips/,,Magic8系列官方UI教学；精确系统build未标,,
HON-F07,HM17-RETURN-4,image,../../media/mobile-v2/local/assets/frames/HON-F07-v17-0015300.jpg,https://www.honor.com/cn/phones/honor-magic8-series/tips/,,Magic8系列官方UI教学；精确系统build未标,,
HON-F07,HM17-CROP-RECEIPT,image,../../media/mobile-v2/local/assets/frames/HM17-CROP-RECEIPT-v17.jpg,https://www.honor.com/cn/phones/honor-magic8-series/tips/,,Magic8系列官方UI教学；精确系统build未标,,
HON-F07,HM17-CROP-CALENDAR,image,../../media/mobile-v2/local/assets/frames/HM17-CROP-CALENDAR-v17.jpg,https://www.honor.com/cn/phones/honor-magic8-series/tips/,,Magic8系列官方UI教学；精确系统build未标,,
HON-F08,HON-WIN-UI-130,image,../../media/mobile-v2/local/assets/thumbs/HON-WIN-UI-130-v2.png,https://www.honor.com/cn/phones/honor-win/tips/,,MagicOS 10 / HONOR WIN,,
HON-F08,HON-WIN-UI-133,image,../../media/mobile-v2/local/assets/thumbs/HON-WIN-UI-133-v2.png,https://www.honor.com/cn/phones/honor-win/tips/,,MagicOS 10 / HONOR WIN,,
HON-F09,HON-TIP-414,image,../../media/mobile-v2/local/assets/thumbs/HON-TIP-414.png,https://www.honor.com/cn/phones/honor-magic8-series/tips/,,,,
HON-F09,HONW13-RESULT,image,../../media/mobile-v2/local/assets/thumbs/HONW13-RESULT-v13.png,https://www.honor.com/cn/phones/honor-magic8-series/tips/,,Magic8系列官方说明图 / 构建号未标,,
HON-F09,HONW13-ENTRY,image,../../media/mobile-v2/local/assets/thumbs/HONW13-ENTRY-v13.png,https://club.honor.com/cn/thread-30072899-1-1.html,,社区MagicOS10标签 / 截图设备及构建号未标,,
HON-F10,MED-V014,video,../../media/mobile-v2/legacy/assets/clips/MED-V014-v1-000000-021800.mp4,https://www.honor.com/content/dam/honor/cn/product/smartphone/honor-magic8-series/tips/imgs/list1/video/list106.mp4,,MagicOS官方演示／片中版本未标,0,21.8
HON-F12,MED-V016,video,../../media/mobile-v2/legacy/assets/clips/MED-V016-v1-000000-012390.mp4,https://www.honor.com/content/dam/honor/cn/product/smartphone/honor-magic8-series/tips/imgs/list5/video/list502.mp4,,MagicOS官方演示／片中版本未标,0,12.39
HON-F11,HN39-03,video,../../media/mobile-v2/local/assets/clips/HN39-03-v39-0000000-0012000.mp4,https://www.honor.com/cn/honor-esg/tech-for-good/,[LOCAL_SOURCE_NOT_INCLUDED]/mobile-ai-interactions-v2/sources/HON39-S03-official-note-new.mp4,荣耀科技向善笔记功能演示；机型/系统版本/build未标，不能按当前MagicOS10归版,0,12
HON-F11,HN39-04,video,../../media/mobile-v2/local/assets/clips/HN39-04-v39-0030800-0045400.mp4,https://www.honor.com/cn/honor-esg/tech-for-good/,[LOCAL_SOURCE_NOT_INCLUDED]/mobile-ai-interactions-v2/sources/HON39-S03-official-note-new.mp4,荣耀科技向善笔记功能演示；机型/系统版本/build未标，不能按当前MagicOS10归版,30.8,45.4
HON-F11,HON-WIN-UI-206,image,../../media/mobile-v2/local/assets/thumbs/HON-WIN-UI-206-v2.png,https://www.honor.com/cn/phones/honor-win/tips/,,MagicOS 10 / HONOR WIN,,
HON-F13,HON-CALL-V3,image,../../media/mobile-v2/local/assets/thumbs/HON-CALL-V3.png,https://www.honor.com/cn/honor-esg/tech-for-good/,,荣耀官方跨机型功能图 / 版本未标,,
HON-F14,HON-WIN-UI-210,image,../../media/mobile-v2/local/assets/thumbs/HON-WIN-UI-210-v2.png,https://www.honor.com/cn/phones/honor-win/tips/,,MagicOS 10 / HONOR WIN,,
HON-F15,HON-WIN-UI-055,image,../../media/mobile-v2/local/assets/thumbs/HON-WIN-UI-055-v2.png,https://www.honor.com/cn/phones/honor-win/tips/,,MagicOS 10 / HONOR WIN,,
HON-F15,HON-WIN-UI-059,image,../../media/mobile-v2/local/assets/thumbs/HON-WIN-UI-059-v2.png,https://www.honor.com/cn/phones/honor-win/tips/,,MagicOS 10 / HONOR WIN,,
HON-F16,MED-V015,video,../../media/mobile-v2/legacy/assets/clips/MED-V015-v1-000000-015900.mp4,https://www.honor.com/content/dam/honor/cn/product/smartphone/honor-magic8-series/tips/imgs/list3/video/list301.mp4,,MagicOS官方演示／片中版本未标,0,15.9
HON-F17,HN43-01-V43-FLOW-01,image,../../media/mobile-v2/local/assets/frames/HN43-01-v43-stage-1-display.png,https://www.honor.com/cn/phones/honor-magic7-series/tips/002/,[LOCAL_SOURCE_NOT_INCLUDED]/mobile-ai-interactions-v2/sources/HON43-S01-magic7-yoyo.mp4,Magic7系列官网历史动画；画面日期2024-10-21；具体系统/build未显示,1,1
HON-F17,HN43-01-V43-FULL-01,image,../../media/mobile-v2/local/assets/frames/HN43-01-v43-source-0001000-full.png,https://www.honor.com/cn/phones/honor-magic7-series/tips/002/,[LOCAL_SOURCE_NOT_INCLUDED]/mobile-ai-interactions-v2/sources/HON43-S01-magic7-yoyo.mp4,Magic7系列官网历史动画；画面日期2024-10-21；具体系统/build未显示,1,1
HON-F17,HN43-01-V43-FLOW-02,image,../../media/mobile-v2/local/assets/frames/HN43-01-v43-stage-2-display.png,https://www.honor.com/cn/phones/honor-magic7-series/tips/002/,[LOCAL_SOURCE_NOT_INCLUDED]/mobile-ai-interactions-v2/sources/HON43-S01-magic7-yoyo.mp4,Magic7系列官网历史动画；画面日期2024-10-21；具体系统/build未显示,2.6,2.6
HON-F17,HN43-01-V43-FULL-02,image,../../media/mobile-v2/local/assets/frames/HN43-01-v43-source-0002600-full.png,https://www.honor.com/cn/phones/honor-magic7-series/tips/002/,[LOCAL_SOURCE_NOT_INCLUDED]/mobile-ai-interactions-v2/sources/HON43-S01-magic7-yoyo.mp4,Magic7系列官网历史动画；画面日期2024-10-21；具体系统/build未显示,2.6,2.6
HON-F17,HN43-01-V43-INSET-02,image,../../media/mobile-v2/local/assets/frames/HN43-01-v43-stage-2-control.png,https://www.honor.com/cn/phones/honor-magic7-series/tips/002/,[LOCAL_SOURCE_NOT_INCLUDED]/mobile-ai-interactions-v2/sources/HON43-S01-magic7-yoyo.mp4,Magic7系列官网历史动画；画面日期2024-10-21；具体系统/build未显示,2.6,2.6
HON-F17,HN43-01-V43-FLOW-03,image,../../media/mobile-v2/local/assets/frames/HN43-01-v43-stage-3-display.png,https://www.honor.com/cn/phones/honor-magic7-series/tips/002/,[LOCAL_SOURCE_NOT_INCLUDED]/mobile-ai-interactions-v2/sources/HON43-S01-magic7-yoyo.mp4,Magic7系列官网历史动画；画面日期2024-10-21；具体系统/build未显示,4.8,4.8
HON-F17,HN43-01-V43-FULL-03,image,../../media/mobile-v2/local/assets/frames/HN43-01-v43-source-0004800-full.png,https://www.honor.com/cn/phones/honor-magic7-series/tips/002/,[LOCAL_SOURCE_NOT_INCLUDED]/mobile-ai-interactions-v2/sources/HON43-S01-magic7-yoyo.mp4,Magic7系列官网历史动画；画面日期2024-10-21；具体系统/build未显示,4.8,4.8
HON-F17,HN43-01-V43-FLOW-04,image,../../media/mobile-v2/local/assets/frames/HN43-01-v43-stage-4-display.png,https://www.honor.com/cn/phones/honor-magic7-series/tips/002/,[LOCAL_SOURCE_NOT_INCLUDED]/mobile-ai-interactions-v2/sources/HON43-S01-magic7-yoyo.mp4,Magic7系列官网历史动画；画面日期2024-10-21；具体系统/build未显示,8.9,8.9
HON-F17,HN43-01-V43-FULL-04,image,../../media/mobile-v2/local/assets/frames/HN43-01-v43-source-0008900-full.png,https://www.honor.com/cn/phones/honor-magic7-series/tips/002/,[LOCAL_SOURCE_NOT_INCLUDED]/mobile-ai-interactions-v2/sources/HON43-S01-magic7-yoyo.mp4,Magic7系列官网历史动画；画面日期2024-10-21；具体系统/build未显示,8.9,8.9
HON-F17,HN43-01-V43-SOURCE-01,image,[LOCAL_SOURCE_NOT_INCLUDED]/mobile-ai-interactions-v2/assets/frames/HN43-01-v43-source-0000000-full.png,https://www.honor.com/cn/phones/honor-magic7-series/tips/002/,[LOCAL_SOURCE_NOT_INCLUDED]/mobile-ai-interactions-v2/sources/HON43-S01-magic7-yoyo.mp4,Magic7系列官网历史动画；画面日期2024-10-21；具体系统/build未显示,0,0
HON-F17,HN43-01-V43-SOURCE-04,image,[LOCAL_SOURCE_NOT_INCLUDED]/mobile-ai-interactions-v2/assets/frames/HN43-01-v43-source-0004000-full.png,https://www.honor.com/cn/phones/honor-magic7-series/tips/002/,[LOCAL_SOURCE_NOT_INCLUDED]/mobile-ai-interactions-v2/sources/HON43-S01-magic7-yoyo.mp4,Magic7系列官网历史动画；画面日期2024-10-21；具体系统/build未显示,4,4
HON-F17,HN43-01,video,../../media/mobile-v2/local/assets/clips/HN43-01-v43-0000000-0008967.mp4,https://www.honor.com/cn/phones/honor-magic7-series/tips/002/,[LOCAL_SOURCE_NOT_INCLUDED]/mobile-ai-interactions-v2/sources/HON43-S01-magic7-yoyo.mp4,Magic7系列官网历史动画；画面日期2024-10-21；具体系统/build未显示,0.0,8.966666666666667
HON-F18,HN43-02-V43-FLOW-01,image,../../media/mobile-v2/local/assets/frames/HN43-02-v43-stage-1-display.png,https://www.honor.com/cn/phones/honor-magic-v6/tips/,[LOCAL_SOURCE_NOT_INCLUDED]/mobile-ai-interactions-v2/sources/HON43-S03-v6-yoyo.mp4,Magic V6官网承载；画面日期2025-06-27；实际演示机型与系统/build未核，不作为V6现版实测,1.808209,1.808209
HON-F18,HN43-02-V43-FULL-01,image,../../media/mobile-v2/local/assets/frames/HN43-02-v43-source-0001808-full.png,https://www.honor.com/cn/phones/honor-magic-v6/tips/,[LOCAL_SOURCE_NOT_INCLUDED]/mobile-ai-interactions-v2/sources/HON43-S03-v6-yoyo.mp4,Magic V6官网承载；画面日期2025-06-27；实际演示机型与系统/build未核，不作为V6现版实测,1.808209,1.808209
HON-F18,HN43-02-V43-INSET-01,image,../../media/mobile-v2/local/assets/frames/HN43-02-v43-stage-1-control.png,https://www.honor.com/cn/phones/honor-magic-v6/tips/,[LOCAL_SOURCE_NOT_INCLUDED]/mobile-ai-interactions-v2/sources/HON43-S03-v6-yoyo.mp4,Magic V6官网承载；画面日期2025-06-27；实际演示机型与系统/build未核，不作为V6现版实测,1.808209,1.808209
HON-F18,HN43-02-V43-FLOW-02,image,../../media/mobile-v2/local/assets/frames/HN43-02-v43-stage-2-display.png,https://www.honor.com/cn/phones/honor-magic-v6/tips/,[LOCAL_SOURCE_NOT_INCLUDED]/mobile-ai-interactions-v2/sources/HON43-S03-v6-yoyo.mp4,Magic V6官网承载；画面日期2025-06-27；实际演示机型与系统/build未核，不作为V6现版实测,2.598001,2.598001
HON-F18,HN43-02-V43-FULL-02,image,../../media/mobile-v2/local/assets/frames/HN43-02-v43-source-0002598-full.png,https://www.honor.com/cn/phones/honor-magic-v6/tips/,[LOCAL_SOURCE_NOT_INCLUDED]/mobile-ai-interactions-v2/sources/HON43-S03-v6-yoyo.mp4,Magic V6官网承载；画面日期2025-06-27；实际演示机型与系统/build未核，不作为V6现版实测,2.598001,2.598001
HON-F18,HN43-02-V43-FLOW-03,image,../../media/mobile-v2/local/assets/frames/HN43-02-v43-stage-3-display.png,https://www.honor.com/cn/phones/honor-magic-v6/tips/,[LOCAL_SOURCE_NOT_INCLUDED]/mobile-ai-interactions-v2/sources/HON43-S03-v6-yoyo.mp4,Magic V6官网承载；画面日期2025-06-27；实际演示机型与系统/build未核，不作为V6现版实测,8.001844,8.001844
HON-F18,HN43-02-V43-FULL-03,image,../../media/mobile-v2/local/assets/frames/HN43-02-v43-source-0008002-full.png,https://www.honor.com/cn/phones/honor-magic-v6/tips/,[LOCAL_SOURCE_NOT_INCLUDED]/mobile-ai-interactions-v2/sources/HON43-S03-v6-yoyo.mp4,Magic V6官网承载；画面日期2025-06-27；实际演示机型与系统/build未核，不作为V6现版实测,8.001844,8.001844
HON-F18,HN43-02-V43-FLOW-04,image,../../media/mobile-v2/local/assets/frames/HN43-02-v43-stage-4-display.png,https://www.honor.com/cn/phones/honor-magic-v6/tips/,[LOCAL_SOURCE_NOT_INCLUDED]/mobile-ai-interactions-v2/sources/HON43-S03-v6-yoyo.mp4,Magic V6官网承载；画面日期2025-06-27；实际演示机型与系统/build未核，不作为V6现版实测,8.999477,8.999477
HON-F18,HN43-02-V43-FULL-04,image,../../media/mobile-v2/local/assets/frames/HN43-02-v43-source-0008999-full.png,https://www.honor.com/cn/phones/honor-magic-v6/tips/,[LOCAL_SOURCE_NOT_INCLUDED]/mobile-ai-interactions-v2/sources/HON43-S03-v6-yoyo.mp4,Magic V6官网承载；画面日期2025-06-27；实际演示机型与系统/build未核，不作为V6现版实测,8.999477,8.999477
HON-F18,HN43-02-V43-INSET-04,image,../../media/mobile-v2/local/assets/frames/HN43-02-v43-stage-4-control.png,https://www.honor.com/cn/phones/honor-magic-v6/tips/,[LOCAL_SOURCE_NOT_INCLUDED]/mobile-ai-interactions-v2/sources/HON43-S03-v6-yoyo.mp4,Magic V6官网承载；画面日期2025-06-27；实际演示机型与系统/build未核，不作为V6现版实测,8.999477,8.999477
HON-F18,HN43-02-V43-SOURCE-01,image,[LOCAL_SOURCE_NOT_INCLUDED]/mobile-ai-interactions-v2/assets/frames/HN43-02-v43-source-0000000-full.png,https://www.honor.com/cn/phones/honor-magic-v6/tips/,[LOCAL_SOURCE_NOT_INCLUDED]/mobile-ai-interactions-v2/sources/HON43-S03-v6-yoyo.mp4,Magic V6官网承载；画面日期2025-06-27；实际演示机型与系统/build未核，不作为V6现版实测,0,0
HON-F18,HN43-02-V43-SOURCE-06,image,[LOCAL_SOURCE_NOT_INCLUDED]/mobile-ai-interactions-v2/assets/frames/HN43-02-v43-source-0011805-full.png,https://www.honor.com/cn/phones/honor-magic-v6/tips/,[LOCAL_SOURCE_NOT_INCLUDED]/mobile-ai-interactions-v2/sources/HON43-S03-v6-yoyo.mp4,Magic V6官网承载；画面日期2025-06-27；实际演示机型与系统/build未核，不作为V6现版实测,11.805319,11.805319
HON-F18,HN43-02,video,../../media/mobile-v2/local/assets/clips/HN43-02-v43-0000000-0012500.mp4,https://www.honor.com/cn/phones/honor-magic-v6/tips/,[LOCAL_SOURCE_NOT_INCLUDED]/mobile-ai-interactions-v2/sources/HON43-S03-v6-yoyo.mp4,Magic V6官网承载；画面日期2025-06-27；实际演示机型与系统/build未核，不作为V6现版实测,0.0,12.5
HUA-F01,HW38-01,video,../../media/mobile-v2/local/assets/clips/HW38-01-v38-0000000-0005000.mp4,https://consumer.huawei.com/cn/support/content/zh-cn16010331/,[LOCAL_SOURCE_NOT_INCLUDED]/mobile-ai-interactions-v2/sources/HW38-official-navbar.mp4,官方支持页HarmonyOS5.0及以上；演示机型/构建未核，仅桌面导航条分支。首次开关配置未拍。,0,5
HUA-F01,IMG-001,image,../../media/mobile-v2/legacy/assets/images/IMG-001-v1.jpg,https://consumer.huawei.com/cn/support/content/zh-cn16013467/,,,,
HUA-F01,IMG-146,image,../../media/mobile-v2/legacy/assets/images/IMG-146-v1.jpg,https://consumer.huawei.com/cn/support/content/zh-cn16010331/,,,,
HUA-F01,AUDIMG-245,image,../../media/mobile-v2/legacy/assets/images/AUDIMG-245-v1.jpg,https://consumer.huawei.com/cn/support/content/zh-cn16070867/,,,,
HUA-F01,AUDIMG-246,image,../../media/mobile-v2/legacy/assets/images/AUDIMG-246-v1.jpg,https://consumer.huawei.com/cn/support/content/zh-cn16070867/,,,,
HUA-F01,AUDIMG-247,image,../../media/mobile-v2/legacy/assets/images/AUDIMG-247-v1.jpg,https://consumer.huawei.com/cn/support/content/zh-cn16070867/,,,,
HUA-F01,AUDIMG-248,image,../../media/mobile-v2/legacy/assets/images/AUDIMG-248-v1.jpg,https://consumer.huawei.com/cn/support/content/zh-cn16070867/,,,,
HUA-F01,AUDIMG-249,image,../../media/mobile-v2/legacy/assets/images/AUDIMG-249-v1.jpg,https://consumer.huawei.com/cn/support/content/zh-cn16070867/,,,,
HUA-F01,AUDIMG-250,image,../../media/mobile-v2/legacy/assets/images/AUDIMG-250-v1.jpg,https://consumer.huawei.com/cn/support/content/zh-cn16070867/,,,,
HUA-F01,AUDIMG-251,image,../../media/mobile-v2/legacy/assets/images/AUDIMG-251-v1.jpg,https://consumer.huawei.com/cn/support/content/zh-cn16070867/,,,,
HUA-F01,AUDIMG-252,image,../../media/mobile-v2/legacy/assets/images/AUDIMG-252-v1.jpg,https://consumer.huawei.com/cn/support/content/zh-cn16070867/,,,,
HUA-F01,AUDIMG-253,image,../../media/mobile-v2/legacy/assets/images/AUDIMG-253-v1.jpg,https://consumer.huawei.com/cn/support/content/zh-cn16070867/,,,,
HUA-F01,AUDIMG-254,image,../../media/mobile-v2/legacy/assets/images/AUDIMG-254-v1.jpg,https://consumer.huawei.com/cn/support/content/zh-cn16070867/,,,,
HUA-F02,H7-V01,video,../../media/mobile-v2/legacy/assets/clips/H7-V01-v1-000000-010751.mp4,https://consumer.huawei.com/content/dam/huawei-cbg-site/cn/mkt/harmonyos-7/video/xiaoyi/new-xiaoyi-1.mp4,,HarmonyOS7公测／部分待HOTA,0,10.751
HUA-F02,HS19-SIDEBAR,image,../../media/mobile-v2/local/assets/thumbs/HS19-SIDEBAR-v19.png,https://consumer.huawei.com/cn/harmonyos-7/,,HarmonyOS7官方宣传分镜；部分待HOTA,,
HUA-F02,AUDIMG-085,image,../../media/mobile-v2/legacy/assets/images/AUDIMG-085-v1.jpg,https://consumer.huawei.com/cn/support/content/zh-cn16034494/,,,,
HUA-F02,AUDIMG-088,image,../../media/mobile-v2/legacy/assets/images/AUDIMG-088-v1.jpg,https://consumer.huawei.com/cn/support/content/zh-cn16034494/,,,,
HUA-F02,AUDIMG-089,image,../../media/mobile-v2/legacy/assets/images/AUDIMG-089-v1.jpg,https://consumer.huawei.com/cn/support/content/zh-cn16034494/,,,,
HUA-F02,AUDIMG-128,image,../../media/mobile-v2/legacy/assets/images/AUDIMG-128-v1.jpg,https://consumer.huawei.com/cn/support/content/zh-cn16033473/,,,,
HUA-F02,AUDIMG-129,image,../../media/mobile-v2/legacy/assets/images/AUDIMG-129-v1.jpg,https://consumer.huawei.com/cn/support/content/zh-cn16033473/,,,,
HUA-F02,AUDIMG-130,image,../../media/mobile-v2/legacy/assets/images/AUDIMG-130-v1.jpg,https://consumer.huawei.com/cn/support/content/zh-cn16033473/,,,,
HUA-F02,AUDIMG-131,image,../../media/mobile-v2/legacy/assets/images/AUDIMG-131-v1.jpg,https://consumer.huawei.com/cn/support/content/zh-cn16033473/,,,,
HUA-F02,AUDIMG-132,image,../../media/mobile-v2/legacy/assets/images/AUDIMG-132-v1.jpg,https://consumer.huawei.com/cn/support/content/zh-cn16033473/,,,,
HUA-F02,AUDIMG-133,image,../../media/mobile-v2/legacy/assets/images/AUDIMG-133-v1.jpg,https://consumer.huawei.com/cn/support/content/zh-cn16033473/,,,,
HUA-F02,AUDIMG-134,image,../../media/mobile-v2/legacy/assets/images/AUDIMG-134-v1.jpg,https://consumer.huawei.com/cn/support/content/zh-cn16033473/,,,,
HUA-F02,AUDIMG-135,image,../../media/mobile-v2/legacy/assets/images/AUDIMG-135-v1.jpg,https://consumer.huawei.com/cn/support/content/zh-cn16033473/,,,,
HUA-F02,AUDIMG-136,image,../../media/mobile-v2/legacy/assets/images/AUDIMG-136-v1.jpg,https://consumer.huawei.com/cn/support/content/zh-cn16033473/,,,,
HUA-F02,AUDIMG-137,image,../../media/mobile-v2/legacy/assets/images/AUDIMG-137-v1.jpg,https://consumer.huawei.com/cn/support/content/zh-cn16033473/,,,,
HUA-F02,AUDIMG-138,image,../../media/mobile-v2/legacy/assets/images/AUDIMG-138-v1.jpg,https://consumer.huawei.com/cn/support/content/zh-cn16033473/,,,,
HUA-F02,AUDIMG-139,image,../../media/mobile-v2/legacy/assets/images/AUDIMG-139-v1.jpg,https://consumer.huawei.com/cn/support/content/zh-cn16033473/,,,,
HUA-F02,AUDIMG-140,image,../../media/mobile-v2/legacy/assets/images/AUDIMG-140-v1.jpg,https://consumer.huawei.com/cn/support/content/zh-cn16033473/,,,,
HUA-F02,AUDIMG-141,image,../../media/mobile-v2/legacy/assets/images/AUDIMG-141-v1.jpg,https://consumer.huawei.com/cn/support/content/zh-cn16033473/,,,,
HUA-F02,AUDIMG-142,image,../../media/mobile-v2/legacy/assets/images/AUDIMG-142-v1.jpg,https://consumer.huawei.com/cn/support/content/zh-cn16033473/,,,,
HUA-F02,AUDIMG-143,image,../../media/mobile-v2/legacy/assets/images/AUDIMG-143-v1.jpg,https://consumer.huawei.com/cn/support/content/zh-cn16033473/,,,,
HUA-F02,AUDIMG-144,image,../../media/mobile-v2/legacy/assets/images/AUDIMG-144-v1.jpg,https://consumer.huawei.com/cn/support/content/zh-cn16033473/,,,,
HUA-F02,AUDIMG-145,image,../../media/mobile-v2/legacy/assets/images/AUDIMG-145-v1.jpg,https://consumer.huawei.com/cn/support/content/zh-cn16033473/,,,,
HUA-F02,AUDIMG-146,image,../../media/mobile-v2/legacy/assets/images/AUDIMG-146-v1.jpg,https://consumer.huawei.com/cn/support/content/zh-cn16033473/,,,,
HUA-F02,AUDIMG-147,image,../../media/mobile-v2/legacy/assets/images/AUDIMG-147-v1.jpg,https://consumer.huawei.com/cn/support/content/zh-cn16033473/,,,,
HUA-F02,AUDIMG-148,image,../../media/mobile-v2/legacy/assets/images/AUDIMG-148-v1.jpg,https://consumer.huawei.com/cn/support/content/zh-cn16033473/,,,,
HUA-F02,AUDIMG-170,image,../../media/mobile-v2/legacy/assets/images/AUDIMG-170-v1.jpg,https://consumer.huawei.com/cn/support/content/zh-cn16084597/,,,,
HUA-F03,HC21-01,video,../../media/mobile-v2/local/assets/clips/HC21-01-v21-0136000-0142000.mp4,https://www.youtube.com/watch?v=28tD_SoxRTo,[LOCAL_SOURCE_NOT_INCLUDED]/mobile-ai-interactions-v2/sources/HC21-claw-handson.mp4,2026-04社区手机实录 / 小艺Claw Beta；机型与系统build未核,136,142
HUA-F03,HC21-02,video,../../media/mobile-v2/local/assets/clips/HC21-02-v21-0103000-0109467.mp4,https://www.youtube.com/watch?v=28tD_SoxRTo,[LOCAL_SOURCE_NOT_INCLUDED]/mobile-ai-interactions-v2/sources/HC21-claw-handson.mp4,2026-04社区手机实录 / 小艺Claw Beta；机型与系统build未核,103,109.46666666666667
HUA-F03,H7-V05,video,../../media/mobile-v2/legacy/assets/clips/H7-V05-v1-000000-009108.mp4,https://consumer.huawei.com/content/dam/huawei-cbg-site/cn/mkt/harmonyos-7/video/xiaoyi/xiaoyi-power-4.mp4,,HarmonyOS7公测／部分待HOTA,0,9.108
HUA-F03,HS19-SIDEBAR,image,../../media/mobile-v2/local/assets/thumbs/HS19-SIDEBAR-v19.png,https://consumer.huawei.com/cn/harmonyos-7/,,HarmonyOS7官方宣传分镜；部分待HOTA,,
HUA-F03,CE21-CONFIRM,image,../../media/mobile-v2/local/assets/thumbs/CE21-CONFIRM-v21.png,https://www.youtube.com/watch?v=28tD_SoxRTo,,2026-04社区手机实录 / 小艺Claw Beta；机型与系统build未核,,
HUA-F30,HT21-01,video,../../media/mobile-v2/local/assets/clips/HT21-01-v21-0064000-0076200.mp4,https://www.bilibili.com/video/BV1T51yBDEvA/,[LOCAL_SOURCE_NOT_INCLUDED]/mobile-ai-interactions-v2/sources/HT21-official-task.mp4,2025-11-04官方HarmonyOS6历史教程；机型及build未标,64,76.2
HUA-F30,AUDIMG-312,image,../../media/mobile-v2/legacy/assets/images/AUDIMG-312-v1.jpg,https://consumer.huawei.com/cn/support/content/zh-cn16073233/,,,,
HUA-F30,AUDIMG-313,image,../../media/mobile-v2/legacy/assets/images/AUDIMG-313-v1.jpg,https://consumer.huawei.com/cn/support/content/zh-cn16073233/,,,,
HUA-F30,AUDIMG-314,image,../../media/mobile-v2/legacy/assets/images/AUDIMG-314-v1.jpg,https://consumer.huawei.com/cn/support/content/zh-cn16073233/,,,,
HUA-F30,AUDIMG-315,image,../../media/mobile-v2/legacy/assets/images/AUDIMG-315-v1.jpg,https://consumer.huawei.com/cn/support/content/zh-cn16073233/,,,,
HUA-F30,HT21-LIST,image,../../media/mobile-v2/local/assets/thumbs/HT21-LIST-v21.png,https://www.bilibili.com/video/BV1T51yBDEvA/,,2025-11-04官方HarmonyOS6历史教程；机型及build未标,,
HUA-F30,HT21-CONFIRM,image,../../media/mobile-v2/local/assets/thumbs/HT21-CONFIRM-v21.png,https://www.bilibili.com/video/BV1T51yBDEvA/,,2025-11-04官方HarmonyOS6历史教程；机型及build未标,,
HUA-F30,HT21-REMOVED,image,../../media/mobile-v2/local/assets/thumbs/HT21-REMOVED-v21.png,https://www.bilibili.com/video/BV1T51yBDEvA/,,2025-11-04官方HarmonyOS6历史教程；机型及build未标,,
HUA-F31,AUDIMG-256,image,../../media/mobile-v2/legacy/assets/images/AUDIMG-256-v1.jpg,https://consumer.huawei.com/cn/support/content/zh-cn16093160/,,,,
HUA-F31,AUDIMG-257,image,../../media/mobile-v2/legacy/assets/images/AUDIMG-257-v1.jpg,https://consumer.huawei.com/cn/support/content/zh-cn16093160/,,,,
HUA-F31,AUDIMG-261,image,../../media/mobile-v2/legacy/assets/images/AUDIMG-261-v1.jpg,https://consumer.huawei.com/cn/support/content/zh-cn16093160/,,,,
HUA-F31,AUDIMG-265,image,../../media/mobile-v2/legacy/assets/images/AUDIMG-265-v1.jpg,https://consumer.huawei.com/cn/support/content/zh-cn16093160/,,,,
HUA-F31,CL21-ASSOC,image,../../media/mobile-v2/local/assets/thumbs/CL21-ASSOC-v21.png,https://consumer.huawei.com/cn/support/content/zh-cn16093160/,,HarmonyOS6.0.0.328+ / 负一屏15.0.22.300+；截图build未标,,
HUA-F31,CL21-CARD,image,../../media/mobile-v2/local/assets/thumbs/CL21-CARD-v21.png,https://consumer.huawei.com/cn/support/content/zh-cn16093160/,,HarmonyOS6.0.0.328+ / 负一屏15.0.22.300+；截图build未标,,
HUA-F31,CL21-DETAIL,image,../../media/mobile-v2/local/assets/thumbs/CL21-DETAIL-v21.png,https://consumer.huawei.com/cn/support/content/zh-cn16093160/,,HarmonyOS6.0.0.328+ / 负一屏15.0.22.300+；截图build未标,,
HUA-F31,CL21-STOP,image,../../media/mobile-v2/local/assets/thumbs/CL21-STOP-v21.png,https://consumer.huawei.com/cn/support/content/zh-cn16093160/,,HarmonyOS6.0.0.328+ / 负一屏15.0.22.300+；截图build未标,,
HUA-F31,CL21-CONFIRM,image,../../media/mobile-v2/local/assets/thumbs/CL21-CONFIRM-v21.png,https://consumer.huawei.com/cn/support/content/zh-cn16093160/,,HarmonyOS6.0.0.328+ / 负一屏15.0.22.300+；截图build未标,,
HUA-F31,CL21-REOPEN,image,../../media/mobile-v2/local/assets/thumbs/CL21-REOPEN-v21.png,https://consumer.huawei.com/cn/support/content/zh-cn16093160/,,HarmonyOS6.0.0.328+ / 负一屏15.0.22.300+；截图build未标,,
HUA-F04,HB19-COMPLETE-ZOOM,image,../../media/mobile-v2/local/assets/thumbs/HB19-COMPLETE-ZOOM-v19.png,https://consumer.huawei.com/cn/support/content/zh-cn16115008/,,文档适用6.1/7.0；截图版本未标,,
HUA-F04,HB19-GENERATING-PANEL,image,../../media/mobile-v2/local/assets/thumbs/HB19-GENERATING-PANEL-v19.png,https://consumer.huawei.com/cn/support/content/zh-cn16115008/,,文档适用HarmonyOS6.1/7.0；小艺11.7.7.300+；截图实际版本未标,,
HUA-F04,HB19-STATUS,image,../../media/mobile-v2/local/assets/thumbs/HB19-STATUS-v19.png,https://consumer.huawei.com/cn/support/content/zh-cn16115008/,,文档适用HarmonyOS6.1/7.0；小艺11.7.7.300+；截图实际版本未标,,
HUA-F04,HB19-COMPLETE-RETURN,image,../../media/mobile-v2/local/assets/thumbs/HB19-COMPLETE-RETURN-v19.png,https://consumer.huawei.com/cn/support/content/zh-cn16115008/,,文档适用HarmonyOS6.1/7.0；小艺11.7.7.300+；截图实际版本未标,,
HUA-F04,HB19-RETURN,image,../../media/mobile-v2/local/assets/thumbs/HB19-RETURN-v19.png,https://consumer.huawei.com/cn/support/content/zh-cn16115008/,,文档适用HarmonyOS6.1/7.0；小艺11.7.7.300+；截图实际版本未标,,
HUA-F04,HB19-COMPLETE,image,../../media/mobile-v2/local/assets/thumbs/HB19-COMPLETE-v19.png,https://consumer.huawei.com/cn/support/content/zh-cn16115008/,,文档适用HarmonyOS6.1/7.0；小艺11.7.7.300+；截图实际版本未标,,
HUA-F04,HB19-RUNNING,image,../../media/mobile-v2/local/assets/thumbs/HB19-RUNNING-v19.png,https://consumer.huawei.com/cn/support/content/zh-cn16115008/,,文档适用HarmonyOS6.1/7.0；小艺11.7.7.300+；截图实际版本未标,,
HUA-F04,HB19-REPLYING,image,../../media/mobile-v2/local/assets/thumbs/HB19-REPLYING-v19.png,https://consumer.huawei.com/cn/support/content/zh-cn16115008/,,文档适用HarmonyOS6.1/7.0；小艺11.7.7.300+；截图实际版本未标,,
HUA-F04,AUDIMG-266,image,../../media/mobile-v2/legacy/assets/images/AUDIMG-266-v1.jpg,https://consumer.huawei.com/cn/support/content/zh-cn16115008/,,,,
HUA-F04,AUDIMG-267,image,../../media/mobile-v2/legacy/assets/images/AUDIMG-267-v1.jpg,https://consumer.huawei.com/cn/support/content/zh-cn16115008/,,,,
HUA-F05,HW39-01,video,../../media/mobile-v2/local/assets/clips/HW39-01-v39-0050000-0057000.mp4,https://consumer.huawei.com/cn/support/content/zh-cn16094008/,[LOCAL_SOURCE_NOT_INCLUDED]/mobile-ai-interactions-v2/sources/HW39-companion-support-embedded.mp4,原片脚注：HarmonyOS 6.1.0.115及以上；Pura X Max、Pura X Max典藏版。未核实际录屏build；不得标为HarmonyOS 7.0实测。,50.0,57.0
HUA-F05,IMG-002,image,../../media/mobile-v2/legacy/assets/images/IMG-002-v1.jpg,https://consumer.huawei.com/cn/support/content/zh-cn16094008/,,,,
HUA-F05,IMG-003,image,../../media/mobile-v2/legacy/assets/images/IMG-003-v1.jpg,https://consumer.huawei.com/cn/support/content/zh-cn16094008/,,,,
HUA-F05,HUA-EXIT-V2,image,../../media/mobile-v2/local/assets/frames/HUA-companion-exit-official-v2.png,https://consumer.huawei.com/cn/support/content/zh-cn16094008/,,,,
HUA-F05,HC12-WINDOW,image,../../media/mobile-v2/local/assets/thumbs/HC12-WINDOW-v12.png,https://consumer.huawei.com/cn/support/content/zh-cn16094008/,,6.1.0.115及以上；官方伴随式AI说明图,,
HUA-F05,HC12-CLOSE,image,../../media/mobile-v2/local/assets/thumbs/HC12-CLOSE-v12.png,https://consumer.huawei.com/cn/support/content/zh-cn16094008/,,6.1.0.115及以上；官方伴随式AI说明图,,
HUA-F06,HW-01,video,../../media/mobile-v2/local/assets/clips/HW-01-v10-0067000-0082000.mp4,https://www.bilibili.com/video/BV1GRJs63EAH/,[LOCAL_SOURCE_NOT_INCLUDED]/mobile-ai-interactions-v2/sources/HW01-harmonyos7-hdc.mp4,Pura X Max / HarmonyOS 7展会演示版 / 2026.06 / 中国大陆,67,82
HUA-F06,IMG-009,image,../../media/mobile-v2/legacy/assets/images/IMG-009-v1.jpg,https://consumer.huawei.com/cn/support/content/zh-cn16093961/,,,,
HUA-F06,IMG-010,image,../../media/mobile-v2/legacy/assets/images/IMG-010-v1.jpg,https://consumer.huawei.com/cn/support/content/zh-cn16093961/,,,,
HUA-F06,IMG-014,image,../../media/mobile-v2/legacy/assets/images/IMG-014-v1.jpg,https://consumer.huawei.com/cn/support/content/zh-cn16053374/,,,,
HUA-F06,IMG-015,image,../../media/mobile-v2/legacy/assets/images/IMG-015-v1.jpg,https://consumer.huawei.com/cn/support/content/zh-cn16053374/,,,,
HUA-F06,AUDIMG-311,image,../../media/mobile-v2/legacy/assets/images/AUDIMG-311-v1.jpg,https://consumer.huawei.com/cn/support/content/zh-cn16093751/,,,,
HUA-F07,HUA-CIRCLE-UI-014,image,../../media/mobile-v2/local/assets/thumbs/HUA-CIRCLE-UI-014-v2.png,https://consumer.huawei.com/cn/support/content/zh-cn16093961/,,HarmonyOS 7 / 指定伴随式AI机型,,
HUA-F07,HUA-CIRCLE-UI-015,image,../../media/mobile-v2/local/assets/thumbs/HUA-CIRCLE-UI-015-v2.png,https://consumer.huawei.com/cn/support/content/zh-cn16093961/,,HarmonyOS 7 / 指定伴随式AI机型,,
HUA-F07,HUA-CIRCLE-UI-016,image,../../media/mobile-v2/local/assets/thumbs/HUA-CIRCLE-UI-016-v2.png,https://consumer.huawei.com/cn/support/content/zh-cn16093961/,,HarmonyOS 7 / 指定伴随式AI机型,,
HUA-F07,HUA-CIRCLE-UI-017,image,../../media/mobile-v2/local/assets/thumbs/HUA-CIRCLE-UI-017-v2.png,https://consumer.huawei.com/cn/support/content/zh-cn16093961/,,HarmonyOS 7 / 指定伴随式AI机型,,
HUA-F07,HUA-F07-readable-v4-menu-entry,image,../../media/mobile-v2/local/assets/thumbs/HUA-F07-readable-v4-menu-entry.png,https://consumer.huawei.com/cn/support/content/zh-cn16093961/,,HarmonyOS 7 / 指定伴随式AI机型,,
HUA-F07,HUA-F07-readable-v4-menu-dialog,image,../../media/mobile-v2/local/assets/thumbs/HUA-F07-readable-v4-menu-dialog.png,https://consumer.huawei.com/cn/support/content/zh-cn16093961/,,HarmonyOS 7 / 指定伴随式AI机型,,
HUA-F07,HUA-F07-readable-v4-menu-result,image,../../media/mobile-v2/local/assets/thumbs/HUA-F07-readable-v4-menu-result.png,https://consumer.huawei.com/cn/support/content/zh-cn16093961/,,HarmonyOS 7 / 指定伴随式AI机型,,
HUA-F07,HUA-F07-readable-v4-fill-trigger,image,../../media/mobile-v2/local/assets/thumbs/HUA-F07-readable-v4-fill-trigger.png,https://consumer.huawei.com/cn/support/content/zh-cn16093961/,,HarmonyOS 7 / 指定伴随式AI机型,,
HUA-F07,HUA-F07-readable-v4-fill-candidates,image,../../media/mobile-v2/local/assets/thumbs/HUA-F07-readable-v4-fill-candidates.png,https://consumer.huawei.com/cn/support/content/zh-cn16093961/,,HarmonyOS 7 / 指定伴随式AI机型,,
HUA-F08,MED-V021,video,../../media/mobile-v2/legacy/assets/clips/MED-V021-v1-020200-032600.mp4,https://consumer.huawei.com/content/dam/huawei-cbg-site/cn/mkt/mobileservices/celia-2026/videos/chat/huawei-celia-visual-video.mp4,,小艺历史演示／非HM7版本证据,20.2,32.6
HUA-F08,HV12-ENTRY,image,../../media/mobile-v2/local/assets/thumbs/HV12-ENTRY-v12.png,https://consumer.huawei.com/cn/support/content/zh-cn16053374/,,HarmonyOS6.0及以上半屏入口；官方图局部,,
HUA-F08,HV12-FULL,image,../../media/mobile-v2/local/assets/thumbs/HV12-FULL-v12.png,https://consumer.huawei.com/cn/support/content/zh-cn16053374/,,HarmonyOS6.0及以上全屏路径；官方图局部,,
HUA-F08,HV12-VIEW,image,../../media/mobile-v2/local/assets/thumbs/HV12-VIEW-v12.png,https://consumer.huawei.com/cn/support/content/zh-cn16053374/,,HarmonyOS5.1及以上；实际依机型及小艺版本,,
HUA-F08,HV12-MUTE,image,../../media/mobile-v2/local/assets/thumbs/HV12-MUTE-v12.png,https://consumer.huawei.com/cn/support/content/zh-cn16053374/,,官方对话控件局部；未演示实际点击,,
HUA-F08,HV12-HANGUP,image,../../media/mobile-v2/local/assets/thumbs/HV12-HANGUP-v12.png,https://consumer.huawei.com/cn/support/content/zh-cn16053374/,,官方对话控件局部；未演示实际点击,,
HUA-F09,HW28-01,video,../../media/mobile-v2/local/assets/clips/HW28-01-v28-0000000-0011400.mp4,https://consumer.huawei.com/cn/harmonyos-next/,[LOCAL_SOURCE_NOT_INCLUDED]/mobile-ai-interactions-v2/sources/HarmonyOS 5 - 华为官网 (9) [harmonyos-next-9].mp4,2024/2025 HarmonyOS NEXT / HarmonyOS 5历史官网演示；具体机型、系统build未标,0,11.4
HUA-F09,IMG-149,image,../../media/mobile-v2/legacy/assets/images/IMG-149-v1.jpg,https://consumer.huawei.com/cn/support/content/zh-cn16021520/,,,,
HUA-F09,IMG-150,image,../../media/mobile-v2/legacy/assets/images/IMG-150-v1.jpg,https://consumer.huawei.com/cn/support/content/zh-cn16021520/,,,,
HUA-F10,HW28-05,video,../../media/mobile-v2/local/assets/clips/HW28-05-v28-0016000-0026000.mp4,https://www.bilibili.com/video/BV1hjcZe3ERK/,[LOCAL_SOURCE_NOT_INCLUDED]/mobile-ai-interactions-v2/sources/HW28-Mate70-AI-key-official.mp4,Mate70系列官方2025-01-17教程；片内页脚标HarmonyOS NEXT，具体系统build未标,16,26
HUA-F10,HW28-06,video,../../media/mobile-v2/local/assets/clips/HW28-06-v28-0030600-0036600.mp4,https://www.bilibili.com/video/BV1hjcZe3ERK/,[LOCAL_SOURCE_NOT_INCLUDED]/mobile-ai-interactions-v2/sources/HW28-Mate70-AI-key-official.mp4,Mate70系列官方2025-01-17教程；片内页脚标HarmonyOS NEXT，具体系统build未标,30.6,36.6
HUA-F10,IMG-141,image,../../media/mobile-v2/legacy/assets/images/IMG-141-v1.jpg,https://consumer.huawei.com/cn/support/content/zh-cn16017476/,,,,
HUA-F10,IMG-143,image,../../media/mobile-v2/legacy/assets/images/IMG-143-v1.jpg,https://consumer.huawei.com/cn/support/content/zh-cn16017476/,,,,
HUA-F11,HW28-02,video,../../media/mobile-v2/local/assets/clips/HW28-02-v28-0000000-0007700.mp4,https://consumer.huawei.com/cn/harmonyos-next/,[LOCAL_SOURCE_NOT_INCLUDED]/mobile-ai-interactions-v2/sources/HarmonyOS 5 - 华为官网 (6) [harmonyos-next-6].mp4,2024/2025 HarmonyOS NEXT / HarmonyOS 5历史官网演示；具体机型、系统build未标,0,7.7
HUA-F11,HZ11-01,video,../../media/mobile-v2/local/assets/clips/HZ11-01-v11-0000000-0012933.mp4,https://www.zhihu.com/question/1976670992777643209/answer/1976981798257963935,[LOCAL_SOURCE_NOT_INCLUDED]/mobile-ai-interactions-v2/sources/HZ11-DRAG.mp4,HarmonyOS6（作者自述）/ 旧小艺知识库 / 机型、build、录制日期未标 / 中文社区手机实录,0,12.933333
HUA-F11,MED-V018,video,../../media/mobile-v2/legacy/assets/clips/MED-V018-v2-024400-031050.mp4,https://182.cdn-vod.huaweicloud.com/asset/cc3c69b2dd3e3eaa6b78d93845b704b9/93e49de0a6fc75999bcca5673d486227.mp4,,HarmonyOS5官方教程,24.4,31.05
HUA-F11,HZ11-RECEIPT,image,../../media/mobile-v2/local/assets/thumbs/HZ11-RECEIPT-v11.jpg,https://www.zhihu.com/question/1976670992777643209/answer/1976981798257963935,,作者自述鸿蒙6；旧知识库实录,,
HUA-F12,H7-V02,video,../../media/mobile-v2/legacy/assets/clips/H7-V02-v1-000000-008020.mp4,https://consumer.huawei.com/content/dam/huawei-cbg-site/cn/mkt/harmonyos-7/video/xiaoyi/xiaoyi-power-1.mp4,,HarmonyOS7公测／部分待HOTA,0,8.02
HUA-F13,AUDIMG-094,image,../../media/mobile-v2/legacy/assets/images/AUDIMG-094-v1.jpg,https://consumer.huawei.com/cn/support/content/zh-cn16091809/,,,,
HUA-F13,AUDIMG-096,image,../../media/mobile-v2/legacy/assets/images/AUDIMG-096-v1.jpg,https://consumer.huawei.com/cn/support/content/zh-cn16091809/,,,,
HUA-F13,AUDIMG-097,image,../../media/mobile-v2/legacy/assets/images/AUDIMG-097-v1.jpg,https://consumer.huawei.com/cn/support/content/zh-cn16091809/,,,,
HUA-F13,AUDIMG-098,image,../../media/mobile-v2/legacy/assets/images/AUDIMG-098-v1.jpg,https://consumer.huawei.com/cn/support/content/zh-cn16091809/,,,,
HUA-F13,AUDIMG-102,image,../../media/mobile-v2/legacy/assets/images/AUDIMG-102-v1.jpg,https://consumer.huawei.com/cn/support/content/zh-cn16091809/,,,,
HUA-F13,AUDIMG-126,image,../../media/mobile-v2/legacy/assets/images/AUDIMG-126-v1.jpg,https://consumer.huawei.com/cn/support/content/zh-cn16010214/,,,,
HUA-F13,AUDIMG-255,image,../../media/mobile-v2/legacy/assets/images/AUDIMG-255-v1.jpg,https://consumer.huawei.com/cn/support/content/zh-cn16101589/,,,,
HUA-F13,HMEM10-094,image,../../media/mobile-v2/local/assets/thumbs/HMEM10-094-v10.png,https://consumer.huawei.com/cn/support/content/zh-cn16091809/,,,,
HUA-F13,HMEM10-096,image,../../media/mobile-v2/local/assets/thumbs/HMEM10-096-v10.png,https://consumer.huawei.com/cn/support/content/zh-cn16091809/,,,,
HUA-F13,HMEM10-097,image,../../media/mobile-v2/local/assets/thumbs/HMEM10-097-v10.png,https://consumer.huawei.com/cn/support/content/zh-cn16091809/,,,,
HUA-F14,HSHARE10-TARGET,image,../../media/mobile-v2/local/assets/thumbs/HSHARE10-TARGET-v10.png,https://consumer.huawei.com/cn/support/content/zh-cn16091809/,,,,
HUA-F14,HSHARE10-SYNC,image,../../media/mobile-v2/local/assets/thumbs/HSHARE10-SYNC-v10.png,https://consumer.huawei.com/cn/support/content/zh-cn16091809/,,,,
HUA-F14,AUDIMG-099,image,../../media/mobile-v2/legacy/assets/images/AUDIMG-099-v1.jpg,https://consumer.huawei.com/cn/support/content/zh-cn16091809/,,,,
HUA-F14,AUDIMG-100,image,../../media/mobile-v2/legacy/assets/images/AUDIMG-100-v1.jpg,https://consumer.huawei.com/cn/support/content/zh-cn16091809/,,,,
HUA-F15,HZ11-02,video,../../media/mobile-v2/local/assets/clips/HZ11-02-v11-0021000-0035800.mp4,https://www.zhihu.com/question/1976670992777643209/answer/1976981798257963935,[LOCAL_SOURCE_NOT_INCLUDED]/mobile-ai-interactions-v2/sources/HZ11-QA.mp4,HarmonyOS6（作者自述）/ 旧小艺知识库 / 机型、build、录制日期未标 / 中文社区手机实录,21,35.8
HUA-F15,HLIB10-ADD,image,../../media/mobile-v2/local/assets/thumbs/HLIB10-ADD-v10.png,https://consumer.huawei.com/cn/support/content/zh-cn16091809/,,,,
HUA-F15,HLIB10-SCOPE1,image,../../media/mobile-v2/local/assets/thumbs/HLIB10-SCOPE1-v10.png,https://consumer.huawei.com/cn/support/content/zh-cn16091809/,,,,
HUA-F15,HLIB10-SCOPE2,image,../../media/mobile-v2/local/assets/thumbs/HLIB10-SCOPE2-v10.png,https://consumer.huawei.com/cn/support/content/zh-cn16091809/,,,,
HUA-F15,HLIB10-SCOPE3,image,../../media/mobile-v2/local/assets/thumbs/HLIB10-SCOPE3-v10.png,https://consumer.huawei.com/cn/support/content/zh-cn16091809/,,,,
HUA-F15,AUDIMG-092,image,../../media/mobile-v2/legacy/assets/images/AUDIMG-092-v1.jpg,https://consumer.huawei.com/cn/support/content/zh-cn16091809/,,,,
HUA-F15,AUDIMG-095,image,../../media/mobile-v2/legacy/assets/images/AUDIMG-095-v1.jpg,https://consumer.huawei.com/cn/support/content/zh-cn16091809/,,,,
HUA-F15,AUDIMG-101,image,../../media/mobile-v2/legacy/assets/images/AUDIMG-101-v1.jpg,https://consumer.huawei.com/cn/support/content/zh-cn16091809/,,,,
HUA-F15,AUDIMG-103,image,../../media/mobile-v2/legacy/assets/images/AUDIMG-103-v1.jpg,https://consumer.huawei.com/cn/support/content/zh-cn16091809/,,,,
HUA-F15,AUDIMG-104,image,../../media/mobile-v2/legacy/assets/images/AUDIMG-104-v1.jpg,https://consumer.huawei.com/cn/support/content/zh-cn16091809/,,,,
HUA-F15,AUDIMG-105,image,../../media/mobile-v2/legacy/assets/images/AUDIMG-105-v1.jpg,https://consumer.huawei.com/cn/support/content/zh-cn16091809/,,,,
HUA-F15,AUDIMG-106,image,../../media/mobile-v2/legacy/assets/images/AUDIMG-106-v1.jpg,https://consumer.huawei.com/cn/support/content/zh-cn16091809/,,,,
HUA-F15,AUDIMG-107,image,../../media/mobile-v2/legacy/assets/images/AUDIMG-107-v1.jpg,https://consumer.huawei.com/cn/support/content/zh-cn16091809/,,,,
HUA-F15,AUDIMG-108,image,../../media/mobile-v2/legacy/assets/images/AUDIMG-108-v1.jpg,https://consumer.huawei.com/cn/support/content/zh-cn16091809/,,,,
HUA-F15,AUDIMG-109,image,../../media/mobile-v2/legacy/assets/images/AUDIMG-109-v1.jpg,https://consumer.huawei.com/cn/support/content/zh-cn16091809/,,,,
HUA-F15,AUDIMG-111,image,../../media/mobile-v2/legacy/assets/images/AUDIMG-111-v1.jpg,https://consumer.huawei.com/cn/support/content/zh-cn16091809/,,,,
HUA-F15,AUDIMG-113,image,../../media/mobile-v2/legacy/assets/images/AUDIMG-113-v1.jpg,https://consumer.huawei.com/cn/support/content/zh-cn16091809/,,,,
HUA-F15,AUDIMG-117,image,../../media/mobile-v2/legacy/assets/images/AUDIMG-117-v1.jpg,https://consumer.huawei.com/cn/support/content/zh-cn16091809/,,,,
HUA-F15,AUDIMG-123,image,../../media/mobile-v2/legacy/assets/images/AUDIMG-123-v1.jpg,https://consumer.huawei.com/cn/support/content/zh-cn16091809/,,,,
HUA-F16,HBRIEF10-CARD,image,../../media/mobile-v2/local/assets/thumbs/HBRIEF10-CARD-v10.png,https://consumer.huawei.com/cn/support/content/zh-cn16075819/,,,,
HUA-F16,HBRIEF10-VIEW,image,../../media/mobile-v2/local/assets/thumbs/HBRIEF10-VIEW-v10.png,https://consumer.huawei.com/cn/support/content/zh-cn16075819/,,,,
HUA-F16,HBRIEF10-SEARCH,image,../../media/mobile-v2/local/assets/thumbs/HBRIEF10-SEARCH-v10.png,https://consumer.huawei.com/cn/support/content/zh-cn16114834/,,,,
HUA-F16,AUDIMG-240,image,../../media/mobile-v2/legacy/assets/images/AUDIMG-240-v1.jpg,https://consumer.huawei.com/cn/support/content/zh-cn16072368/,,,,
HUA-F16,AUDIMG-241,image,../../media/mobile-v2/legacy/assets/images/AUDIMG-241-v1.jpg,https://consumer.huawei.com/cn/support/content/zh-cn16114834/,,,,
HUA-F16,AUDIMG-242,image,../../media/mobile-v2/legacy/assets/images/AUDIMG-242-v1.jpg,https://consumer.huawei.com/cn/support/content/zh-cn16114834/,,,,
HUA-F16,AUDIMG-243,image,../../media/mobile-v2/legacy/assets/images/AUDIMG-243-v1.jpg,https://consumer.huawei.com/cn/support/content/zh-cn16114834/,,,,
HUA-F16,AUDIMG-244,image,../../media/mobile-v2/legacy/assets/images/AUDIMG-244-v1.jpg,https://consumer.huawei.com/cn/support/content/zh-cn16114834/,,,,
HUA-F16,AUDIMG-268,image,../../media/mobile-v2/legacy/assets/images/AUDIMG-268-v1.jpg,https://consumer.huawei.com/cn/support/content/zh-cn16075819/,,,,
HUA-F16,AUDIMG-270,image,../../media/mobile-v2/legacy/assets/images/AUDIMG-270-v1.jpg,https://consumer.huawei.com/cn/support/content/zh-cn16075819/,,,,
HUA-F16,AUDIMG-271,image,../../media/mobile-v2/legacy/assets/images/AUDIMG-271-v1.jpg,https://consumer.huawei.com/cn/support/content/zh-cn16075819/,,,,
HUA-F16,AUDIMG-272,image,../../media/mobile-v2/legacy/assets/images/AUDIMG-272-v1.jpg,https://consumer.huawei.com/cn/support/content/zh-cn16075819/,,,,
HUA-F29,HZ11-03,video,../../media/mobile-v2/local/assets/clips/HZ11-03-v11-0000000-0015000.mp4,https://www.zhihu.com/question/1976670992777643209/answer/1976981798257963935,[LOCAL_SOURCE_NOT_INCLUDED]/mobile-ai-interactions-v2/sources/HZ11-PODCAST.mp4,HarmonyOS6（作者自述）/ 旧小艺知识库 / 机型、build、录制日期未标 / 中文社区手机实录,0,15
HUA-F29,HPOD10-SETUP,image,../../media/mobile-v2/local/assets/thumbs/HPOD10-SETUP-v10.png,https://consumer.huawei.com/cn/support/content/zh-cn16091809/,,,,
HUA-F29,HPOD10-PLAY,image,../../media/mobile-v2/local/assets/thumbs/HPOD10-PLAY-v10.png,https://consumer.huawei.com/cn/support/content/zh-cn16091809/,,,,
HUA-F29,HPOD10-TEXT,image,../../media/mobile-v2/local/assets/thumbs/HPOD10-TEXT-v10.png,https://consumer.huawei.com/cn/support/content/zh-cn16091809/,,,,
HUA-F29,HPOD10-ENTRY,image,../../media/mobile-v2/local/assets/thumbs/HPOD10-ENTRY-v10.png,https://consumer.huawei.com/cn/support/content/zh-cn16091809/,,,,
HUA-F29,AUDIMG-124,image,../../media/mobile-v2/legacy/assets/images/AUDIMG-124-v1.jpg,https://consumer.huawei.com/cn/support/content/zh-cn16091809/,,,,
HUA-F29,AUDIMG-125,image,../../media/mobile-v2/legacy/assets/images/AUDIMG-125-v1.jpg,https://consumer.huawei.com/cn/support/content/zh-cn16091809/,,,,
HUA-F17,HW39-02,video,../../media/mobile-v2/local/assets/clips/HW39-02-v39-0044000-0055800.mp4,https://consumer.huawei.com/cn/support/content/zh-cn16073727/,[LOCAL_SOURCE_NOT_INCLUDED]/mobile-ai-interactions-v2/sources/HW39-notes-official-support.mp4,原片脚注：HarmonyOS 6.0及以上；具体手机型号和录屏build未核。不得标为7.0实测。,44.0,55.8
HUA-F17,HN19-DETAIL-TOP,image,../../media/mobile-v2/local/assets/thumbs/HN19-DETAIL-TOP-v19.png,https://consumer.huawei.com/cn/support/content/zh-cn16073727/,,HarmonyOS6.0/6.1/7.0文档适用手机；截图实际版本未标,,
HUA-F17,HN19-CARD-ACTIONS,image,../../media/mobile-v2/local/assets/thumbs/HN19-CARD-ACTIONS-v19.png,https://consumer.huawei.com/cn/support/content/zh-cn16073727/,,HarmonyOS6.0/6.1/7.0文档适用手机；截图实际版本未标,,
HUA-F17,HN19-CARD-TITLE,image,../../media/mobile-v2/local/assets/thumbs/HN19-CARD-TITLE-v19.png,https://consumer.huawei.com/cn/support/content/zh-cn16073727/,,HarmonyOS6.0/6.1/7.0文档适用手机；截图实际版本未标,,
HUA-F17,HN19-DETAIL,image,../../media/mobile-v2/local/assets/thumbs/HN19-DETAIL-v19.png,https://consumer.huawei.com/cn/support/content/zh-cn16073727/,,HarmonyOS6.0/6.1/7.0文档适用手机；截图实际版本未标,,
HUA-F17,HN19-SAVED,image,../../media/mobile-v2/local/assets/thumbs/HN19-SAVED-v19.png,https://consumer.huawei.com/cn/support/content/zh-cn16073727/,,HarmonyOS6.0/6.1/7.0文档适用手机；截图实际版本未标,,
HUA-F17,AUDIMG-192,image,../../media/mobile-v2/legacy/assets/images/AUDIMG-192-v1.jpg,https://consumer.huawei.com/cn/support/content/zh-cn16073727/,,,,
HUA-F17,AUDIMG-193,image,../../media/mobile-v2/legacy/assets/images/AUDIMG-193-v1.jpg,https://consumer.huawei.com/cn/support/content/zh-cn16073727/,,,,
HUA-F17,AUDIMG-194,image,../../media/mobile-v2/legacy/assets/images/AUDIMG-194-v1.jpg,https://consumer.huawei.com/cn/support/content/zh-cn16073727/,,,,
HUA-F17,AUDIMG-196,image,../../media/mobile-v2/legacy/assets/images/AUDIMG-196-v1.jpg,https://consumer.huawei.com/cn/support/content/zh-cn16073727/,,,,
HUA-F17,AUDIMG-197,image,../../media/mobile-v2/legacy/assets/images/AUDIMG-197-v1.jpg,https://consumer.huawei.com/cn/support/content/zh-cn16073727/,,,,
HUA-F17,AUDIMG-198,image,../../media/mobile-v2/legacy/assets/images/AUDIMG-198-v1.jpg,https://consumer.huawei.com/cn/support/content/zh-cn16073727/,,,,
HUA-F17,AUDIMG-199,image,../../media/mobile-v2/legacy/assets/images/AUDIMG-199-v1.jpg,https://consumer.huawei.com/cn/support/content/zh-cn16073727/,,,,
HUA-F17,AUDIMG-200,image,../../media/mobile-v2/legacy/assets/images/AUDIMG-200-v1.jpg,https://consumer.huawei.com/cn/support/content/zh-cn16073727/,,,,
HUA-F17,AUDIMG-201,image,../../media/mobile-v2/legacy/assets/images/AUDIMG-201-v1.jpg,https://consumer.huawei.com/cn/support/content/zh-cn16073727/,,,,
HUA-F17,AUDIMG-202,image,../../media/mobile-v2/legacy/assets/images/AUDIMG-202-v1.jpg,https://consumer.huawei.com/cn/support/content/zh-cn16073727/,,,,
HUA-F17,AUDIMG-203,image,../../media/mobile-v2/legacy/assets/images/AUDIMG-203-v1.jpg,https://consumer.huawei.com/cn/support/content/zh-cn16073727/,,,,
HUA-F17,AUDIMG-204,image,../../media/mobile-v2/legacy/assets/images/AUDIMG-204-v1.jpg,https://consumer.huawei.com/cn/support/content/zh-cn16073727/,,,,
HUA-F17,AUDIMG-206,image,../../media/mobile-v2/legacy/assets/images/AUDIMG-206-v1.jpg,https://consumer.huawei.com/cn/support/content/zh-cn16073727/,,,,
HUA-F17,AUDIMG-207,image,../../media/mobile-v2/legacy/assets/images/AUDIMG-207-v1.jpg,https://consumer.huawei.com/cn/support/content/zh-cn16073727/,,,,
HUA-F17,AUDIMG-208,image,../../media/mobile-v2/legacy/assets/images/AUDIMG-208-v1.jpg,https://consumer.huawei.com/cn/support/content/zh-cn16073727/,,,,
HUA-F17,AUDIMG-209,image,../../media/mobile-v2/legacy/assets/images/AUDIMG-209-v1.jpg,https://consumer.huawei.com/cn/support/content/zh-cn16073727/,,,,
HUA-F17,AUDIMG-210,image,../../media/mobile-v2/legacy/assets/images/AUDIMG-210-v1.jpg,https://consumer.huawei.com/cn/support/content/zh-cn16073727/,,,,
HUA-F17,AUDIMG-211,image,../../media/mobile-v2/legacy/assets/images/AUDIMG-211-v1.jpg,https://consumer.huawei.com/cn/support/content/zh-cn16073727/,,,,
HUA-F17,AUDIMG-212,image,../../media/mobile-v2/legacy/assets/images/AUDIMG-212-v1.jpg,https://consumer.huawei.com/cn/support/content/zh-cn16073727/,,,,
HUA-F17,AUDIMG-213,image,../../media/mobile-v2/legacy/assets/images/AUDIMG-213-v1.jpg,https://consumer.huawei.com/cn/support/content/zh-cn16073727/,,,,
HUA-F17,AUDIMG-215,image,../../media/mobile-v2/legacy/assets/images/AUDIMG-215-v1.jpg,https://consumer.huawei.com/cn/support/content/zh-cn16073727/,,,,
HUA-F17,AUDIMG-217,image,../../media/mobile-v2/legacy/assets/images/AUDIMG-217-v1.jpg,https://consumer.huawei.com/cn/support/content/zh-cn16073727/,,,,
HUA-F17,HUA-F17-readable-v4-entry,image,../../media/mobile-v2/local/assets/thumbs/HUA-F17-readable-v4-entry.png,https://consumer.huawei.com/cn/support/content/zh-cn16073727/,,HarmonyOS 6.0及以上；支持页所列手机版本；非电脑7.0证据,,
HUA-F17,HUA-F17-readable-v4-start,image,../../media/mobile-v2/local/assets/thumbs/HUA-F17-readable-v4-start.png,https://consumer.huawei.com/cn/support/content/zh-cn16073727/,,HarmonyOS 6.0及以上；支持页所列手机版本；非电脑7.0证据,,
HUA-F17,HUA-F17-readable-v4-record-controls,image,../../media/mobile-v2/local/assets/thumbs/HUA-F17-readable-v4-record-controls.png,https://consumer.huawei.com/cn/support/content/zh-cn16073727/,,HarmonyOS 6.0及以上；支持页所列手机版本；非电脑7.0证据,,
HUA-F17,HUA-F17-readable-v4-saving,image,../../media/mobile-v2/local/assets/thumbs/HUA-F17-readable-v4-saving.png,https://consumer.huawei.com/cn/support/content/zh-cn16073727/,,HarmonyOS 6.0及以上；支持页所列手机版本；非电脑7.0证据,,
HUA-F17,HUA-F17-readable-v4-summary,image,../../media/mobile-v2/local/assets/thumbs/HUA-F17-readable-v4-summary.png,https://consumer.huawei.com/cn/support/content/zh-cn16073727/,,HarmonyOS 6.0及以上；支持页所列手机版本；非电脑7.0证据,,
HUA-F17,HUA-F17-readable-v4-export,image,../../media/mobile-v2/local/assets/thumbs/HUA-F17-readable-v4-export.png,https://consumer.huawei.com/cn/support/content/zh-cn16073727/,,HarmonyOS 6.0及以上；支持页所列手机版本；非电脑7.0证据,,
HUA-F33,HW28-04,video,../../media/mobile-v2/local/assets/clips/HW28-04-v28-0000000-0011100.mp4,https://consumer.huawei.com/cn/harmonyos-next/,[LOCAL_SOURCE_NOT_INCLUDED]/mobile-ai-interactions-v2/sources/HarmonyOS 5 - 华为官网 (8) [harmonyos-next-8].mp4,2024/2025 HarmonyOS NEXT / HarmonyOS 5历史官网演示；具体机型、系统build未标,0,11.1
HUA-F34,HW45-IMG01,image,assets/official/huawei-xiaoyi-input-help-write/05.png,https://consumer.huawei.com/cn/support/content/zh-cn16015627/,,HarmonyOS 4.x官方支持页,,
HUA-F34,HW45-IMG02,image,assets/official/huawei-xiaoyi-input-help-write/06.png,https://consumer.huawei.com/cn/support/content/zh-cn16015627/,,HarmonyOS 4.x官方支持页,,
HUA-F34,HW45-IMG03,image,assets/official/huawei-xiaoyi-input-help-write/07.png,https://consumer.huawei.com/cn/support/content/zh-cn16015627/,,HarmonyOS 4.x官方支持页,,
HUA-F18,AUDIMG-188,image,../../media/mobile-v2/legacy/assets/images/AUDIMG-188-v1.jpg,https://consumer.huawei.com/cn/support/content/zh-cn16042743/,,,,
HUA-F18,AUDIMG-189,image,../../media/mobile-v2/legacy/assets/images/AUDIMG-189-v1.jpg,https://consumer.huawei.com/cn/support/content/zh-cn16042743/,,,,
HUA-F18,AUDIMG-191,image,../../media/mobile-v2/legacy/assets/images/AUDIMG-191-v1.jpg,https://consumer.huawei.com/cn/support/content/zh-cn16042743/,,,,
HUA-F18,HUA-F18-readable-v4-transcribe-button,image,../../media/mobile-v2/local/assets/thumbs/HUA-F18-readable-v4-transcribe-button.png,https://consumer.huawei.com/cn/support/content/zh-cn16042743/,,手机HarmonyOS 5.0.0.115及以上路线；4.3另有历史流程，不能混同,,
HUA-F18,HUA-F18-readable-v4-transcribe-settings,image,../../media/mobile-v2/local/assets/thumbs/HUA-F18-readable-v4-transcribe-settings.png,https://consumer.huawei.com/cn/support/content/zh-cn16042743/,,手机HarmonyOS 5.0.0.115及以上路线；4.3另有历史流程，不能混同,,
HUA-F18,HUA-F18-readable-v4-summary-button,image,../../media/mobile-v2/local/assets/thumbs/HUA-F18-readable-v4-summary-button.png,https://consumer.huawei.com/cn/support/content/zh-cn16042743/,,手机HarmonyOS 5.0.0.115及以上路线；4.3另有历史流程，不能混同,,
HUA-F18,HUA-F18-readable-v4-summary-actions,image,../../media/mobile-v2/local/assets/thumbs/HUA-F18-readable-v4-summary-actions.png,https://consumer.huawei.com/cn/support/content/zh-cn16042743/,,手机HarmonyOS 5.0.0.115及以上路线；4.3另有历史流程，不能混同,,
HUA-F18,HUA-F18-readable-v4-summary-in-text,image,../../media/mobile-v2/local/assets/thumbs/HUA-F18-readable-v4-summary-in-text.png,https://consumer.huawei.com/cn/support/content/zh-cn16042743/,,手机HarmonyOS 5.0.0.115及以上路线；4.3另有历史流程，不能混同,,
HUA-F19,AUDIMG-219,image,../../media/mobile-v2/legacy/assets/images/AUDIMG-219-v1.jpg,https://consumer.huawei.com/cn/support/content/zh-cn16013025/,,,,
HUA-F19,HUA-F19-readable-v4-subtitle-window,image,../../media/mobile-v2/local/assets/thumbs/HUA-F19-readable-v4-subtitle-window.png,https://consumer.huawei.com/cn/support/content/zh-cn16013025/,,HarmonyOS 5.0及以上；手机端支持范围以字幕文档为准,,
HUA-F19,HUA-F19-readable-v4-settings,image,../../media/mobile-v2/local/assets/thumbs/HUA-F19-readable-v4-settings.png,https://consumer.huawei.com/cn/support/content/zh-cn16013025/,,HarmonyOS 5.0及以上；手机端支持范围以字幕文档为准,,
HUA-F19,HUA-F19-readable-v4-source-language,image,../../media/mobile-v2/local/assets/thumbs/HUA-F19-readable-v4-source-language.png,https://consumer.huawei.com/cn/support/content/zh-cn16013025/,,HarmonyOS 5.0及以上；手机端支持范围以字幕文档为准,,
HUA-F19,HUA-F19-readable-v4-target-language,image,../../media/mobile-v2/local/assets/thumbs/HUA-F19-readable-v4-target-language.png,https://consumer.huawei.com/cn/support/content/zh-cn16013025/,,HarmonyOS 5.0及以上；手机端支持范围以字幕文档为准,,
HUA-F20,AUDIMG-294,image,../../media/mobile-v2/legacy/assets/images/AUDIMG-294-v1.jpg,https://consumer.huawei.com/cn/support/content/zh-cn16081676/,,,,
HUA-F20,AUDIMG-295,image,../../media/mobile-v2/legacy/assets/images/AUDIMG-295-v1.jpg,https://consumer.huawei.com/cn/support/content/zh-cn16081676/,,,,
HUA-F20,AUDIMG-296,image,../../media/mobile-v2/legacy/assets/images/AUDIMG-296-v1.jpg,https://consumer.huawei.com/cn/support/content/zh-cn16081676/,,,,
HUA-F20,AUDIMG-297,image,../../media/mobile-v2/legacy/assets/images/AUDIMG-297-v1.jpg,https://consumer.huawei.com/cn/support/content/zh-cn16081676/,,,,
HUA-F20,AUDIMG-298,image,../../media/mobile-v2/legacy/assets/images/AUDIMG-298-v1.jpg,https://consumer.huawei.com/cn/support/content/zh-cn16081676/,,,,
HUA-F20,AUDIMG-299,image,../../media/mobile-v2/legacy/assets/images/AUDIMG-299-v1.jpg,https://consumer.huawei.com/cn/support/content/zh-cn16081676/,,,,
HUA-F20,AUDIMG-300,image,../../media/mobile-v2/legacy/assets/images/AUDIMG-300-v1.jpg,https://consumer.huawei.com/cn/support/content/zh-cn16081676/,,,,
HUA-F20,AUDIMG-301,image,../../media/mobile-v2/legacy/assets/images/AUDIMG-301-v1.jpg,https://consumer.huawei.com/cn/support/content/zh-cn16081676/,,,,
HUA-F20,AUDIMG-302,image,../../media/mobile-v2/legacy/assets/images/AUDIMG-302-v1.jpg,https://consumer.huawei.com/cn/support/content/zh-cn16081676/,,,,
HUA-F20,AUDIMG-303,image,../../media/mobile-v2/legacy/assets/images/AUDIMG-303-v1.jpg,https://consumer.huawei.com/cn/support/content/zh-cn16081676/,,,,
HUA-F20,AUDIMG-304,image,../../media/mobile-v2/legacy/assets/images/AUDIMG-304-v1.jpg,https://consumer.huawei.com/cn/support/content/zh-cn16081676/,,,,
HUA-F20,AUDIMG-305,image,../../media/mobile-v2/legacy/assets/images/AUDIMG-305-v1.jpg,https://consumer.huawei.com/cn/support/content/zh-cn16081676/,,,,
HUA-F20,AUDIMG-306,image,../../media/mobile-v2/legacy/assets/images/AUDIMG-306-v1.jpg,https://consumer.huawei.com/cn/support/content/zh-cn16081676/,,,,
HUA-F20,AUDIMG-307,image,../../media/mobile-v2/legacy/assets/images/AUDIMG-307-v1.jpg,https://consumer.huawei.com/cn/support/content/zh-cn16081676/,,,,
HUA-F20,AUDIMG-308,image,../../media/mobile-v2/legacy/assets/images/AUDIMG-308-v1.jpg,https://consumer.huawei.com/cn/support/content/zh-cn16081676/,,,,
HUA-F20,AUDIMG-309,image,../../media/mobile-v2/legacy/assets/images/AUDIMG-309-v1.jpg,https://consumer.huawei.com/cn/support/content/zh-cn16081676/,,,,
HUA-F20,AUDIMG-310,image,../../media/mobile-v2/legacy/assets/images/AUDIMG-310-v1.jpg,https://consumer.huawei.com/cn/support/content/zh-cn16081676/,,,,
HUA-F22,IMG-153,image,../../media/mobile-v2/legacy/assets/images/IMG-153-v1.jpg,https://consumer.huawei.com/cn/support/content/zh-cn16021520/,,,,
HUA-F22,IMG-161,image,../../media/mobile-v2/legacy/assets/images/IMG-161-v1.jpg,https://consumer.huawei.com/cn/support/content/zh-cn16021520/,,,,
HUA-F22,IMG-162,image,../../media/mobile-v2/legacy/assets/images/IMG-162-v1.jpg,https://consumer.huawei.com/cn/support/content/zh-cn16021520/,,,,
HUA-F23,HW42-01-Z01,image,../../media/mobile-v2/local/assets/frames/HW42-01-Z01-v42-source-0106000-crop.png,,../../media/mobile-v2/local/assets/frames/HW42-01-v42-source-0106000-full.png,机型与系统build未显示；编码器Openharmony6.1仅元数据，不作为鸿蒙7实测,106,106
HUA-F23,HW42-01-Z02,image,../../media/mobile-v2/local/assets/frames/HW42-01-Z02-v42-source-0107800-crop.png,,../../media/mobile-v2/local/assets/frames/HW42-01-v42-source-0107800-full.png,机型与系统build未显示；编码器Openharmony6.1仅元数据，不作为鸿蒙7实测,107.8,107.8
HUA-F23,HW42-01,video,../../media/mobile-v2/local/assets/clips/HW42-01-v42-0102000-0112000.mp4,,[LOCAL_SOURCE_NOT_INCLUDED]/mobile-ai-interactions-v2/sources/HW42-S01-local-phone-gallery.mp4,机型与系统build未显示；编码器Openharmony6.1仅元数据，不作为鸿蒙7实测,102.0,112.0
HUA-F23,AUDIMG-223,image,../../media/mobile-v2/legacy/assets/images/AUDIMG-223-v1.jpg,https://consumer.huawei.com/cn/support/content/zh-cn16075746/,,,,
HUA-F23,AUDIMG-227,image,../../media/mobile-v2/legacy/assets/images/AUDIMG-227-v1.jpg,https://consumer.huawei.com/cn/support/content/zh-cn16070676/,,,,
HUA-F23,AUDIMG-228,image,../../media/mobile-v2/legacy/assets/images/AUDIMG-228-v1.jpg,https://consumer.huawei.com/cn/support/content/zh-cn16070676/,,,,
HUA-F23,AUDIMG-229,image,../../media/mobile-v2/legacy/assets/images/AUDIMG-229-v1.jpg,https://consumer.huawei.com/cn/support/content/zh-cn16070676/,,,,
HUA-F23,AUDIMG-230,image,../../media/mobile-v2/legacy/assets/images/AUDIMG-230-v1.jpg,https://consumer.huawei.com/cn/support/content/zh-cn16070676/,,,,
HUA-F23,AUDIMG-231,image,../../media/mobile-v2/legacy/assets/images/AUDIMG-231-v1.jpg,https://consumer.huawei.com/cn/support/content/zh-cn16070676/,,,,
HUA-F23,AUDIMG-232,image,../../media/mobile-v2/legacy/assets/images/AUDIMG-232-v1.jpg,https://consumer.huawei.com/cn/support/content/zh-cn16070676/,,,,
HUA-F23,AUDIMG-234,image,../../media/mobile-v2/legacy/assets/images/AUDIMG-234-v1.jpg,https://consumer.huawei.com/cn/support/content/zh-cn16070676/,,,,
HUA-F23,AUDIMG-235,image,../../media/mobile-v2/legacy/assets/images/AUDIMG-235-v1.jpg,https://consumer.huawei.com/cn/support/content/zh-cn16070676/,,,,
HUA-F23,AUDIMG-236,image,../../media/mobile-v2/legacy/assets/images/AUDIMG-236-v1.jpg,https://consumer.huawei.com/cn/support/content/zh-cn16070676/,,,,
HUA-F23,AUDIMG-237,image,../../media/mobile-v2/legacy/assets/images/AUDIMG-237-v1.jpg,https://consumer.huawei.com/cn/support/content/zh-cn16070676/,,,,
HUA-F23,AUDIMG-238,image,../../media/mobile-v2/legacy/assets/images/AUDIMG-238-v1.jpg,https://consumer.huawei.com/cn/support/content/zh-cn16070676/,,,,
HUA-F21,HE20-CANCEL,image,../../media/mobile-v2/local/assets/thumbs/HE20-CANCEL-v20.png,https://consumer.huawei.com/cn/support/content/zh-cn16070847/,,HarmonyOS6.0+ / 小艺11.3.9.320+文档；截图build未标,,
HUA-F21,AUDIMG-149,image,../../media/mobile-v2/legacy/assets/images/AUDIMG-149-v1.jpg,https://consumer.huawei.com/cn/support/content/zh-cn16070847/,,,,
HUA-F21,AUDIMG-150,image,../../media/mobile-v2/legacy/assets/images/AUDIMG-150-v1.jpg,https://consumer.huawei.com/cn/support/content/zh-cn16070847/,,,,
HUA-F21,AUDIMG-151,image,../../media/mobile-v2/legacy/assets/images/AUDIMG-151-v1.jpg,https://consumer.huawei.com/cn/support/content/zh-cn16070847/,,,,
HUA-F21,AUDIMG-152,image,../../media/mobile-v2/legacy/assets/images/AUDIMG-152-v1.jpg,https://consumer.huawei.com/cn/support/content/zh-cn16070847/,,,,
HUA-F21,AUDIMG-153,image,../../media/mobile-v2/legacy/assets/images/AUDIMG-153-v1.jpg,https://consumer.huawei.com/cn/support/content/zh-cn16070847/,,,,
HUA-F21,AUDIMG-154,image,../../media/mobile-v2/legacy/assets/images/AUDIMG-154-v1.jpg,https://consumer.huawei.com/cn/support/content/zh-cn16070847/,,,,
HUA-F21,AUDIMG-155,image,../../media/mobile-v2/legacy/assets/images/AUDIMG-155-v1.jpg,https://consumer.huawei.com/cn/support/content/zh-cn16070847/,,,,
HUA-F21,AUDIMG-156,image,../../media/mobile-v2/legacy/assets/images/AUDIMG-156-v1.jpg,https://consumer.huawei.com/cn/support/content/zh-cn16070847/,,,,
HUA-F21,AUDIMG-157,image,../../media/mobile-v2/legacy/assets/images/AUDIMG-157-v1.jpg,https://consumer.huawei.com/cn/support/content/zh-cn16070847/,,,,
HUA-F21,AUDIMG-158,image,../../media/mobile-v2/legacy/assets/images/AUDIMG-158-v1.jpg,https://consumer.huawei.com/cn/support/content/zh-cn16070847/,,,,
HUA-F21,AUDIMG-159,image,../../media/mobile-v2/legacy/assets/images/AUDIMG-159-v1.jpg,https://consumer.huawei.com/cn/support/content/zh-cn16070847/,,,,
HUA-F21,AUDIMG-160,image,../../media/mobile-v2/legacy/assets/images/AUDIMG-160-v1.jpg,https://consumer.huawei.com/cn/support/content/zh-cn16070847/,,,,
HUA-F21,AUDIMG-161,image,../../media/mobile-v2/legacy/assets/images/AUDIMG-161-v1.jpg,https://consumer.huawei.com/cn/support/content/zh-cn16070847/,,,,
HUA-F21,AUDIMG-162,image,../../media/mobile-v2/legacy/assets/images/AUDIMG-162-v1.jpg,https://consumer.huawei.com/cn/support/content/zh-cn16070847/,,,,
HUA-F21,AUDIMG-163,image,../../media/mobile-v2/legacy/assets/images/AUDIMG-163-v1.jpg,https://consumer.huawei.com/cn/support/content/zh-cn16070847/,,,,
HUA-F21,AUDIMG-164,image,../../media/mobile-v2/legacy/assets/images/AUDIMG-164-v1.jpg,https://consumer.huawei.com/cn/support/content/zh-cn16070847/,,,,
HUA-F21,AUDIMG-165,image,../../media/mobile-v2/legacy/assets/images/AUDIMG-165-v1.jpg,https://consumer.huawei.com/cn/support/content/zh-cn16070847/,,,,
HUA-F21,AUDIMG-166,image,../../media/mobile-v2/legacy/assets/images/AUDIMG-166-v1.jpg,https://consumer.huawei.com/cn/support/content/zh-cn16070847/,,,,
HUA-F21,AUDIMG-167,image,../../media/mobile-v2/legacy/assets/images/AUDIMG-167-v1.jpg,https://consumer.huawei.com/cn/support/content/zh-cn16070847/,,,,
HUA-F21,AUDIMG-168,image,../../media/mobile-v2/legacy/assets/images/AUDIMG-168-v1.jpg,https://consumer.huawei.com/cn/support/content/zh-cn16070847/,,,,
HUA-F21,AUDIMG-169,image,../../media/mobile-v2/legacy/assets/images/AUDIMG-169-v1.jpg,https://consumer.huawei.com/cn/support/content/zh-cn16070847/,,,,
HUA-F32,HW28-03,video,../../media/mobile-v2/local/assets/clips/HW28-03-v28-0000000-0010000.mp4,https://consumer.huawei.com/cn/harmonyos-next/,[LOCAL_SOURCE_NOT_INCLUDED]/mobile-ai-interactions-v2/sources/HarmonyOS 5 - 华为官网 (7) [harmonyos-next-7].mp4,2024/2025 HarmonyOS NEXT / HarmonyOS 5历史官网演示；具体机型、系统build未标,0,10
HUA-F24,H7-V08,video,../../media/mobile-v2/legacy/assets/clips/H7-V08-v1-000000-006634.mp4,https://consumer.huawei.com/content/dam/huawei-cbg-site/cn/mkt/harmonyos-7/video/xiaoyi/xiaoyi-agent-3.mp4,,HarmonyOS7公测／部分待HOTA,0,6.634
HUA-F25,H7-V09,video,../../media/mobile-v2/legacy/assets/clips/H7-V09-v1-000000-010751.mp4,https://consumer.huawei.com/content/dam/huawei-cbg-site/cn/mkt/harmonyos-7/video/xiaoyi/xiaoyi-agent-4.mp4,,HarmonyOS7公测／部分待HOTA,0,10.751
HUA-F25,AUDIMG-171,image,../../media/mobile-v2/legacy/assets/images/AUDIMG-171-v1.jpg,https://consumer.huawei.com/cn/support/content/zh-cn16084597/,,,,
HUA-F25,AUDIMG-172,image,../../media/mobile-v2/legacy/assets/images/AUDIMG-172-v1.jpg,https://consumer.huawei.com/cn/support/content/zh-cn16084597/,,,,
HUA-F25,AUDIMG-173,image,../../media/mobile-v2/legacy/assets/images/AUDIMG-173-v1.jpg,https://consumer.huawei.com/cn/support/content/zh-cn16084597/,,,,
HUA-F25,AUDIMG-174,image,../../media/mobile-v2/legacy/assets/images/AUDIMG-174-v1.jpg,https://consumer.huawei.com/cn/support/content/zh-cn16084597/,,,,
HUA-F25,AUDIMG-175,image,../../media/mobile-v2/legacy/assets/images/AUDIMG-175-v1.jpg,https://consumer.huawei.com/cn/support/content/zh-cn16084597/,,,,
HUA-F25,AUDIMG-176,image,../../media/mobile-v2/legacy/assets/images/AUDIMG-176-v1.jpg,https://consumer.huawei.com/cn/support/content/zh-cn16084597/,,,,
HUA-F25,AUDIMG-177,image,../../media/mobile-v2/legacy/assets/images/AUDIMG-177-v1.jpg,https://consumer.huawei.com/cn/support/content/zh-cn16084597/,,,,
HUA-F25,AUDIMG-178,image,../../media/mobile-v2/legacy/assets/images/AUDIMG-178-v1.jpg,https://consumer.huawei.com/cn/support/content/zh-cn16084597/,,,,
HUA-F25,AUDIMG-179,image,../../media/mobile-v2/legacy/assets/images/AUDIMG-179-v1.jpg,https://consumer.huawei.com/cn/support/content/zh-cn16084597/,,,,
HUA-F25,AUDIMG-180,image,../../media/mobile-v2/legacy/assets/images/AUDIMG-180-v1.jpg,https://consumer.huawei.com/cn/support/content/zh-cn16084597/,,,,
HUA-F25,AUDIMG-181,image,../../media/mobile-v2/legacy/assets/images/AUDIMG-181-v1.jpg,https://consumer.huawei.com/cn/support/content/zh-cn16084597/,,,,
HUA-F25,AUDIMG-182,image,../../media/mobile-v2/legacy/assets/images/AUDIMG-182-v1.jpg,https://consumer.huawei.com/cn/support/content/zh-cn16084597/,,,,
HUA-F25,AUDIMG-183,image,../../media/mobile-v2/legacy/assets/images/AUDIMG-183-v1.jpg,https://consumer.huawei.com/cn/support/content/zh-cn16084597/,,,,
HUA-F26,H7-V10,video,../../media/mobile-v2/legacy/assets/clips/H7-V10-v1-000000-008020.mp4,https://consumer.huawei.com/content/dam/huawei-cbg-site/cn/mkt/harmonyos-7/video/xiaoyi/xiaoyi-agent-5.mp4,,HarmonyOS7公测／部分待HOTA,0,8.02
HUA-F26,HR35-01,video,../../media/mobile-v2/local/assets/clips/HR35-01-v35-0000000-0009500.mp4,https://consumer.huawei.com/cn/support/content/zh-cn16077459/,[LOCAL_SOURCE_NOT_INCLUDED]/mobile-ai-interactions-v2/sources/HR35-01-official-original.mp4,HarmonyOS5.0及以上支持页；小艺11.3.9.330、阅读3.1.52.300及以上；演示机型/build未标,0.0,9.5
HUA-F26,HR35-02,video,../../media/mobile-v2/local/assets/clips/HR35-02-v35-0000033-0009500.mp4,https://consumer.huawei.com/cn/support/content/zh-cn16077459/,[LOCAL_SOURCE_NOT_INCLUDED]/mobile-ai-interactions-v2/sources/HR35-02-official-original.mp4,HarmonyOS5.0及以上支持页；小艺11.3.9.330、阅读3.1.52.300及以上；演示机型/build未标,0.03333333333333333,9.5
HUA-F26,AUDIMG-187,image,../../media/mobile-v2/legacy/assets/images/AUDIMG-187-v1.jpg,https://consumer.huawei.com/cn/support/content/zh-cn16077459/,,,,
HUA-F27,H7-V11,video,../../media/mobile-v2/legacy/assets/clips/H7-V11-v1-000000-008746.mp4,https://consumer.huawei.com/content/dam/huawei-cbg-site/cn/mkt/harmonyos-7/video/xiaoyi/xiaoyi-agent-6.mp4,,HarmonyOS7公测／部分待HOTA,0,8.746
HUA-F28,RE05,video,../../media/mobile-v2/local/assets/clips/RE05-v2-0247000-0264000.mp4,https://www.youtube.com/watch?v=DkWTbd94WFs,[LOCAL_SOURCE_NOT_INCLUDED]/mobile-ai-interactions-v2/sources/REF01-five-brand-handson.mp4,Mate80 Pro Max / HarmonyOS6（横评标注）/ build未标 / 历史演示,247,264
HUA-F28,HW26-01,video,../../media/mobile-v2/local/assets/clips/HW26-01-v26-0000000-0008000.mp4,https://harmonyos.cool/docs/ai/xiaoyi-help,[LOCAL_SOURCE_NOT_INCLUDED]/mobile-ai-interactions-v2/sources/HW26-xiaoyi-background-return-official-tutorial.mp4,HarmonyOS6历史教程对照；机型/build未显示；7.0新机不再提供帮帮忙,0,8
HUA-F28,HW26-02,video,../../media/mobile-v2/local/assets/clips/HW26-02-v26-0008000-0019800.mp4,https://harmonyos.cool/docs/ai/xiaoyi-help,[LOCAL_SOURCE_NOT_INCLUDED]/mobile-ai-interactions-v2/sources/HW26-xiaoyi-background-return-official-tutorial.mp4,HarmonyOS6历史教程对照；机型/build未显示；7.0新机不再提供帮帮忙,8,19.8
HUA-F28,HT12-STOP,image,../../media/mobile-v2/local/sources/HT12-STOP.png,https://consumer.huawei.com/cn/support/content/zh-cn16073021/,,HarmonyOS6探索性帮帮忙；HarmonyOS7新机型不再提供,,
HUA-F28,HT12-HANDOFF,image,../../media/mobile-v2/local/sources/HT12-HANDOFF.png,https://consumer.huawei.com/cn/support/content/zh-cn16073021/,,HarmonyOS6探索性帮帮忙；HarmonyOS7新机型不再提供,,
APL-F01,AP29-01,video,../../media/mobile-v2/local/assets/clips/AP29-01-v29-0069000-0079000.mp4,https://www.youtube.com/watch?v=fRoGFqfcCh8,[LOCAL_SOURCE_NOT_INCLUDED]/mobile-ai-interactions-v2/sources/iPhone 16 ： Activer l'Assistant Vocal Siri en Quelques Étapes [fRoGFqfcCh8].mp4,iPhone16题名的传统Siri历史教程；系统版本/build未核，非iOS26增强演示,69,79
APL-F01,APL24-V3-019,image,../../media/mobile-v2/local/assets/thumbs/APL24-V3-019.png,https://www.apple.com/newsroom/2024/06/introducing-apple-intelligence-for-iphone-ipad-and-mac/,,iPhone 15 Pro / WWDC24历史宣传画面；当前路径见iOS26手册,,
APL-F02,A3-01,video,../../media/mobile-v2/local/assets/clips/A3-01-v2-0012000-0026000.mp4,https://www.youtube.com/watch?v=uF7z6cgXGpc,[LOCAL_SOURCE_NOT_INCLUDED]/mobile-ai-interactions-v2/sources/AP03-type-siri-official.mp4,iOS 18.1 官方演示 / iOS 26路径由指南交叉确认 / 海外英文,12,26
APL-F02,APL-F02-UI-000,image,../../media/mobile-v2/local/assets/thumbs/APL-F02-UI-000-v2.png,https://support.apple.com/guide/iphone/use-apple-intelligence-with-siri-iph17bafe0f6/26/ios/26,,iOS 26 / 海外,,
APL-F03,AP01,video,../../media/mobile-v2/local/assets/clips/AP01-v2-0114000-0128000.mp4,https://www.youtube.com/watch?v=TIS3QN1PQrU,[LOCAL_SOURCE_NOT_INCLUDED]/mobile-ai-interactions-v2/sources/AP01-visual-intelligence-ios26.mp4,iPhone / iOS 26 / 海外英文,114,128
APL-F03,APL-F03-UI-000,image,../../media/mobile-v2/local/assets/thumbs/APL-F03-UI-000-v2.png,https://support.apple.com/guide/iphone/use-visual-intelligence-iph12eb1545e/26/ios/26,,iOS 26 / 海外,,
APL-F04,A26-V01,video,../../media/mobile-v2/local/assets/clips/A26-V01-phone-crop-v4.mp4,https://www.apple.com/newsroom/videos/2025/autoplay/06/apple-elevates-the-iphone-experience-with-ios-26/apple-wwdc25-ios-26-visual-intelligence-with-etsy/large_2x.mp4,[LOCAL_SOURCE_NOT_INCLUDED]/mobile-ai-entry-ppt-2026-09-08/assets/clips/A26-V01-v1-000000-008520.mp4,iOS26／Apple Intelligence,0,8.52
APL-F04,MED-I006,image,../../media/mobile-v2/legacy/assets/images/MED-I006-v1.jpg,https://support.apple.com/guide/iphone/use-visual-intelligence-iph12eb1545e/ios,,,,
APL-F06,AUDIMG-014,image,../../media/mobile-v2/legacy/assets/images/AUDIMG-014-v1.jpg,https://support.apple.com/guide/iphone/lift-a-subject-from-the-photo-background-iphfe4809658/26/ios/26,,,,
APL-F05,AE20-01,video,../../media/mobile-v2/local/assets/clips/AE20-01-v20-0130000-0138267.mp4,https://www.youtube.com/watch?v=mxGkDs7iCmI,[LOCAL_SOURCE_NOT_INCLUDED]/mobile-ai-interactions-v2/sources/AP02-apple-ai-handson.mp4,原教程标iPhone17 / 海外英文；系统小版本未核,130,138.2666667
APL-F05,A2-01,video,../../media/mobile-v2/local/assets/clips/A2-01-v2-0113000-0128000.mp4,https://www.youtube.com/watch?v=mxGkDs7iCmI,[LOCAL_SOURCE_NOT_INCLUDED]/mobile-ai-interactions-v2/sources/AP02-apple-ai-handson.mp4,iPhone 17 / 原片未核实系统小版本 / 海外英文,113,128
APL-F05,AE20-01-PHONE-3,image,../../media/mobile-v2/local/assets/thumbs/AE20-01-PHONE-3-v20.png,https://www.youtube.com/watch?v=mxGkDs7iCmI,,原教程标iPhone17 / 海外英文；系统小版本未核,,
APL-F05,AE20-01-PHONE-2,image,../../media/mobile-v2/local/assets/thumbs/AE20-01-PHONE-2-v20.png,https://www.youtube.com/watch?v=mxGkDs7iCmI,,原教程标iPhone17 / 海外英文；系统小版本未核,,
APL-F05,AE20-01-PHONE-1,image,../../media/mobile-v2/local/assets/thumbs/AE20-01-PHONE-1-v20.png,https://www.youtube.com/watch?v=mxGkDs7iCmI,,原教程标iPhone17 / 海外英文；系统小版本未核,,
APL-F07,A2-03,video,../../media/mobile-v2/local/assets/clips/A2-03-v2-0411000-0426000.mp4,https://www.youtube.com/watch?v=mxGkDs7iCmI,[LOCAL_SOURCE_NOT_INCLUDED]/mobile-ai-interactions-v2/sources/AP02-apple-ai-handson.mp4,iPhone 17 / 原片未核实系统小版本 / 海外英文,411,426
APL-F07,MED-I007,image,../../media/mobile-v2/legacy/assets/images/MED-I007-v1.jpg,https://support.apple.com/en-ca/guide/iphone/iph6f08da1d2/ios,,,,
APL-F10,NSNOTE7-A,image,../../media/mobile-v2/local/assets/thumbs/NSNOTE7-A-crop-v7.png,https://www.tomsguide.com/phones/iphones/how-to-summarize-audio-recordings-on-your-iphone-with-apple-intelligence,,iOS18.1 / 英文 / Tom’s Guide 2024-10教程,,
APL-F10,NS7-APL-F10-02,image,../../media/mobile-v2/local/assets/thumbs/NS7-APL-F10-tg-open.jpg,https://www.tomsguide.com/phones/iphones/how-to-summarize-audio-recordings-on-your-iphone-with-apple-intelligence,,iOS18.1 / Tom’s Guide 2024-10,,
APL-F10,NS7-APL-F10-01,image,../../media/mobile-v2/local/assets/thumbs/NS7-APL-F10-tg-summary.jpg,https://www.tomsguide.com/phones/iphones/how-to-summarize-audio-recordings-on-your-iphone-with-apple-intelligence,,iOS18.1 / Tom’s Guide 2024-10,,
APL-F10,NSNOTE7-B,image,../../media/mobile-v2/local/assets/thumbs/NSNOTE7-B-crop-v7.png,https://www.tomsguide.com/phones/iphones/how-to-summarize-audio-recordings-on-your-iphone-with-apple-intelligence,,iOS18.1 / 英文 / Tom’s Guide 2024-10教程,,
APL-F10,NSNOTE7-C,image,../../media/mobile-v2/local/assets/thumbs/NSNOTE7-C-crop-v7.png,https://www.tomsguide.com/phones/iphones/how-to-summarize-audio-recordings-on-your-iphone-with-apple-intelligence,,iOS18.1 / 英文 / Tom’s Guide 2024-10教程,,
APL-F08,AM39-01,video,../../media/mobile-v2/local/assets/clips/AM39-01-v39-0014500-0028500.mp4,https://www.youtube.com/watch?v=UslnMhBLHGA,[LOCAL_SOURCE_NOT_INCLUDED]/mobile-ai-interactions-v2/sources/AM39-official-mail-summary.mp4,Apple Support 2024-10-31；iOS18.1起历史教学；实际机型/build未显示,14.5,28.5
APL-F08,AUDIMG-001,image,../../media/mobile-v2/legacy/assets/images/AUDIMG-001-v1.jpg,https://support.apple.com/guide/iphone/use-apple-intelligence-in-mail-iph9ae667055/26/ios/26,,,,
APL-F09,AS40-01,video,../../media/mobile-v2/local/assets/clips/AS40-01-v40-0087500-0102500.mp4,https://www.youtube.com/watch?v=qcYwLqSllDE,[LOCAL_SOURCE_NOT_INCLUDED]/mobile-ai-interactions-v2/sources/AS40-safari-summary-tutorial.mp4,2025-04-07历史iPhone实拍；系统build、机型未标；非iOS26同版实测,87.5,102.5
APL-F09,AS40-02,video,../../media/mobile-v2/local/assets/clips/AS40-02-v40-0110500-0122500.mp4,https://www.youtube.com/watch?v=qcYwLqSllDE,[LOCAL_SOURCE_NOT_INCLUDED]/mobile-ai-interactions-v2/sources/AS40-safari-summary-tutorial.mp4,2025-04-07历史iPhone实拍；系统build、机型未标；非iOS26同版实测,110.5,122.5
APL-F09,APL-SAF-UI-V3-5,image,../../media/mobile-v2/local/assets/thumbs/APL-SAF-UI-V3-5.png,https://www.iphonelife.com/content/how-to-summarize-webpages-safari,,iOS18.1时期教程 / iPhoneLife；当前iOS26可从页面菜单点Summarize,,
APL-F09,APL-SAF-UI-V3-6,image,../../media/mobile-v2/local/assets/thumbs/APL-SAF-UI-V3-6.png,https://www.iphonelife.com/content/how-to-summarize-webpages-safari,,iOS18.1时期教程 / iPhoneLife；当前iOS26可从页面菜单点Summarize,,
APL-F09,APL-SAF-UI-V3-7,image,../../media/mobile-v2/local/assets/thumbs/APL-SAF-UI-V3-7.png,https://www.iphonelife.com/content/how-to-summarize-webpages-safari,,iOS18.1时期教程 / iPhoneLife；当前iOS26可从页面菜单点Summarize,,
APL-F09,APL-SAF-UI-V3-8,image,../../media/mobile-v2/local/assets/thumbs/APL-SAF-UI-V3-8.png,https://www.iphonelife.com/content/how-to-summarize-webpages-safari,,iOS18.1时期教程 / iPhoneLife；当前iOS26可从页面菜单点Summarize,,
APL-F11,AUDIMG-021,image,../../media/mobile-v2/legacy/assets/images/AUDIMG-021-v1.jpg,https://support.apple.com/guide/iphone/summarize-notifications-reduce-interruptions-iph1fbe7d2b9/26/ios/26,,,,
APL-F12,APL-F12-V6-01,image,../../media/mobile-v2/local/assets/thumbs/APL-F12-V6-01.jpg,https://www.apple.com/newsroom/2025/06/apple-intelligence-gets-even-more-powerful-with-new-capabilities-across-apple-devices/,,iOS26预览，2025-06-09官方发布素材；iPhone16 Pro,,
APL-F12,APL-F12-V6-02,image,../../media/mobile-v2/local/assets/thumbs/APL-F12-V6-02.jpg,https://www.apple.com/newsroom/2025/06/apple-intelligence-gets-even-more-powerful-with-new-capabilities-across-apple-devices/,,iOS26预览，2025-06-09官方发布素材；iPhone16 Pro,,
APL-F13,APL-F13-UI-000,image,../../media/mobile-v2/local/assets/thumbs/APL-F13-UI-000-v2.png,https://support.apple.com/guide/iphone/use-apple-intelligence-in-reminders-iphcb580b580/26/ios/26,,iOS 26 / 海外,,
APL-F14,AUDIMG-016,image,../../media/mobile-v2/legacy/assets/images/AUDIMG-016-v1.jpg,https://support.apple.com/guide/iphone/translate-messages-calls-and-conversations-iph22b72984d/26/ios/26,,,,
APL-F15,APL-F15-UI-003,image,../../media/mobile-v2/local/assets/thumbs/APL-F15-UI-003-v2.png,https://support.apple.com/guide/iphone/translate-messages-calls-and-conversations-iph22b72984d/26/ios/26,,iOS 26 / 海外,,
APL-F16,APL-F16-UI-002,image,../../media/mobile-v2/local/assets/thumbs/APL-F16-UI-002-v2.png,https://support.apple.com/en-us/127521,,iOS 26 / 海外,,
APL-F17,AC39-01,video,../../media/mobile-v2/local/assets/clips/AC39-01-v39-0017000-0030000.mp4,https://www.youtube.com/watch?v=vj6PDTdRwqA,[LOCAL_SOURCE_NOT_INCLUDED]/mobile-ai-interactions-v2/sources/AC39-official-call-record.mp4,Apple Support 2026-05-15；iOS26样式官方教学，实际机型/build未显示；功能从iOS18起,17,30
APL-F17,AC39-03,video,../../media/mobile-v2/local/assets/clips/AC39-03-v39-0069500-0079500.mp4,https://www.youtube.com/watch?v=vj6PDTdRwqA,[LOCAL_SOURCE_NOT_INCLUDED]/mobile-ai-interactions-v2/sources/AC39-official-call-record.mp4,Apple Support 2026-05-15；iOS26样式官方教学，实际机型/build未显示；功能从iOS18起,69.5,79.5
APL-F17,APL-LAUNCH-UI-V3-3,image,../../media/mobile-v2/local/assets/thumbs/APL-LAUNCH-UI-V3-3.png,https://www.apple.com/newsroom/2024/10/apple-intelligence-is-available-today-on-iphone-ipad-and-mac/,,iPhone16 / iOS18.1官方发布演示,,
APL-F18,AE17-01,video,../../media/mobile-v2/local/assets/clips/AE17-01-v17-0500000-0514500.mp4,https://www.youtube.com/watch?v=mxGkDs7iCmI,[LOCAL_SOURCE_NOT_INCLUDED]/mobile-ai-interactions-v2/sources/AP02-apple-ai-handson.mp4,iPhone 17 / 英文 / Genmoji界面标Beta / 系统小版本未核实,500,514.5
APL-F18,A2-04,video,../../media/mobile-v2/local/assets/clips/A2-04-v2-0479000-0494000.mp4,https://www.youtube.com/watch?v=mxGkDs7iCmI,[LOCAL_SOURCE_NOT_INCLUDED]/mobile-ai-interactions-v2/sources/AP02-apple-ai-handson.mp4,iPhone 17 / 原片未核实系统小版本 / 海外英文,479,494
APL-F18,APL-F18-UI-000,image,../../media/mobile-v2/local/assets/thumbs/APL-F18-UI-000-v2.png,https://support.apple.com/guide/iphone/create-your-own-emoji-with-genmoji-iph4e76f5667/26/ios/26,,iOS 26 / 海外,,
APL-F19,AP27-01,video,../../media/mobile-v2/local/assets/clips/AP27-01-v27-0515000-0527000.mp4,https://www.youtube.com/watch?v=mxGkDs7iCmI,[LOCAL_SOURCE_NOT_INCLUDED]/mobile-ai-interactions-v2/sources/AP02-apple-ai-handson.mp4,教程题名iPhone17；英文UI有Beta提示；实际机型与系统build未核,515,527
APL-F19,A2-05,video,../../media/mobile-v2/local/assets/clips/A2-05-v2-0540000-0555000.mp4,https://www.youtube.com/watch?v=mxGkDs7iCmI,[LOCAL_SOURCE_NOT_INCLUDED]/mobile-ai-interactions-v2/sources/AP02-apple-ai-handson.mp4,原片标题iPhone17；英文UI有Beta提示；实际机型与系统build未核,540,555
APL-F19,AP26-01,video,../../media/mobile-v2/local/assets/clips/AP26-01-v26-0586000-0592500.mp4,https://www.youtube.com/watch?v=mxGkDs7iCmI,[LOCAL_SOURCE_NOT_INCLUDED]/mobile-ai-interactions-v2/sources/AP02-apple-ai-handson.mp4,iPhone 17 / 原片未核实系统小版本 / 海外英文,586,592.5
APL-F19,A26-V02,video,../../media/mobile-v2/legacy/assets/clips/A26-V02-v1-000000-004960.mp4,https://www.apple.com/newsroom/videos/2025/autoplay/06/apple-elevates-the-iphone-experience-with-ios-26/apple-wwdc25-ios-26-apple-intelligence-image-playground-with-chatgpt/large_2x.mp4,,iOS26／Apple Intelligence,0,4.96
APL-F19,APL-F12-UI-005,image,../../media/mobile-v2/local/assets/thumbs/APL-F12-UI-005-v2.png,https://support.apple.com/guide/iphone/use-apple-intelligence-in-messages-iph64709c5c3/26/ios/26,,iOS 26 / 海外,,
APL-F19,AUDIMG-005,image,../../media/mobile-v2/legacy/assets/images/AUDIMG-005-v1.jpg,https://support.apple.com/guide/iphone/use-apple-intelligence-in-messages-iph64709c5c3/26/ios/26,,,,
APL-F20,A4-01,video,../../media/mobile-v2/local/assets/clips/A4-01-v2-0270000-0285000.mp4,https://www.youtube.com/watch?v=3hqo1vJreYk,[LOCAL_SOURCE_NOT_INCLUDED]/mobile-ai-interactions-v2/sources/AP04-source.mp4,iPhone / iOS 18.2时期教程（2025-01-08）/ 海外英文,270,285
APL-F20,A4-02,video,../../media/mobile-v2/local/assets/clips/A4-02-v2-0102000-0117000.mp4,https://www.youtube.com/watch?v=3hqo1vJreYk,[LOCAL_SOURCE_NOT_INCLUDED]/mobile-ai-interactions-v2/sources/AP04-source.mp4,iPhone / iOS 18.2时期教程（2025-01-08）/ 海外英文,102,117
APL-F20,AP26-02,video,../../media/mobile-v2/local/assets/clips/AP26-02-v26-0386000-0392000.mp4,https://www.youtube.com/watch?v=3hqo1vJreYk,[LOCAL_SOURCE_NOT_INCLUDED]/mobile-ai-interactions-v2/sources/AP04-source.mp4,iPhone / iOS 18.2时期教程（2025-01-08）/ 海外英文,386,392
APL-F21,AE16-01,video,../../media/mobile-v2/local/assets/clips/AE16-01-v16-0232000-0238200.mp4,https://www.youtube.com/watch?v=mxGkDs7iCmI,[LOCAL_SOURCE_NOT_INCLUDED]/mobile-ai-interactions-v2/sources/AP02-apple-ai-handson.mp4,iPhone 17 / 英语界面 / 系统小版本与地区未核实,232,238.2
APL-F21,A2-02,video,../../media/mobile-v2/local/assets/clips/A2-02-v2-0199000-0214000.mp4,https://www.youtube.com/watch?v=mxGkDs7iCmI,[LOCAL_SOURCE_NOT_INCLUDED]/mobile-ai-interactions-v2/sources/AP02-apple-ai-handson.mp4,iPhone 17 / 原片未核实系统小版本 / 海外英文,199,214
APL-F22,AP38-01,video,../../media/mobile-v2/local/assets/clips/AP38-01-V38-0605750-0620750.mp4,https://www.youtube.com/watch?v=mxGkDs7iCmI,[LOCAL_SOURCE_NOT_INCLUDED]/mobile-ai-interactions-v2/sources/AP02-apple-ai-handson.mp4,第三方iPhone17题名；Photos英文UI，实际机型/系统build未核；不由本片替代iOS26文档资格,605.75,620.75
APL-F22,AP38-02,video,../../media/mobile-v2/local/assets/clips/AP38-02-V38-0665500-0668500.mp4,https://www.youtube.com/watch?v=mxGkDs7iCmI,[LOCAL_SOURCE_NOT_INCLUDED]/mobile-ai-interactions-v2/sources/AP02-apple-ai-handson.mp4,第三方iPhone17题名；Photos英文UI，实际机型/系统build未核；不由本片替代iOS26文档资格,665.5,668.5
APL-F22,APL-F21-UI-000,image,../../media/mobile-v2/local/assets/thumbs/APL-F21-UI-000-v2.png,https://support.apple.com/guide/iphone/use-apple-intelligence-in-photos-iphf7de217f0/26/ios/26,,iOS 26 / 海外,,
APL-F22,MED-I008,image,../../media/mobile-v2/legacy/assets/images/MED-I008-v1.jpg,https://support.apple.com/guide/iphone/intro-to-apple-intelligence-iphc28624b81/ios,,,,
APL-F23,AV8-IMG-01,image,../../media/mobile-v2/local/assets/thumbs/AV8-blindios-live-recognition.png,https://www.blindios.uk/the-magnifier,,iPhone Pro代际/iOS版本未标 / 英文无障碍教程,,
PIX-F01,PX38-02,video,../../media/mobile-v2/local/assets/clips/PX38-02-V38-0019500-0028500.mp4,https://www.youtube.com/watch?v=eMabKMv1icM,[LOCAL_SOURCE_NOT_INCLUDED]/mobile-ai-interactions-v2/sources/PL23-pixel11-gemini-handson.mp4,第三方题名Pixel11；实际机型/系统build未核，英文Gemini；不外推Pixel全型号,19.5,28.5
PIX-F01,PX38-01,video,../../media/mobile-v2/local/assets/clips/PX38-01-V38-0046000-0056500.mp4,https://www.youtube.com/watch?v=eMabKMv1icM,[LOCAL_SOURCE_NOT_INCLUDED]/mobile-ai-interactions-v2/sources/PL23-pixel11-gemini-handson.mp4,第三方题名Pixel11；实际机型/系统build未核，英文Gemini；不外推Pixel全型号,46,56.5
PIX-F01,PIX-GEMINI-PANEL-v2,image,../../media/mobile-v2/local/assets/frames/PX01-v2-0081000.jpg,https://www.youtube.com/watch?v=Z52enFjWEMc,,Pixel 10a / 系统小版本未标 / 海外英文,,
PIX-F02,PX01,video,../../media/mobile-v2/local/assets/clips/PX01-v2-0164000-0181000.mp4,https://www.youtube.com/watch?v=Z52enFjWEMc,[LOCAL_SOURCE_NOT_INCLUDED]/mobile-ai-interactions-v2/sources/PIX01-gemini-live-camera.mp4,Pixel 10a / 系统小版本未标 / 海外英文,164,181
PIX-F02,P3-01,video,../../media/mobile-v2/local/assets/clips/P3-01-v2-0014000-0026000.mp4,https://www.youtube.com/watch?v=op0pYFBAF2o,[LOCAL_SOURCE_NOT_INCLUDED]/mobile-ai-interactions-v2/sources/PX03-gemini-live-official.mp4,Pixel 9系列 / 2025-04官方演示 / 海外,14,26
PIX-F03,P5-01,video,../../media/mobile-v2/local/assets/clips/P5-01-v3-0004000-0017000.mp4,https://www.youtube.com/watch?v=o6I2O9hvzMY,[LOCAL_SOURCE_NOT_INCLUDED]/mobile-ai-interactions-v2/sources/PX05-live-screen-official.mp4,Gemini Android / 2025-04官方演示 / 画面机型未标,4,17
PIX-F03,P5-ENTRY-V5,image,../../media/mobile-v2/local/assets/thumbs/P5-ENTRY-V5.png,https://www.youtube.com/watch?v=o6I2O9hvzMY,,Google官方宣传动画 / 沿用对应原片版本；非实机屏录,,
PIX-F03,P5-END-V5,image,../../media/mobile-v2/local/assets/thumbs/P5-END-V5.png,https://www.youtube.com/watch?v=o6I2O9hvzMY,,Google官方宣传动画 / 沿用对应原片版本；非实机屏录,,
PIX-F04,GEMCONTEXT6-0,image,../../media/mobile-v2/local/assets/thumbs/GEMCONTEXT6-0.png,https://www.sammobile.com/news/gemini-gets-ask-about-this-screen-ask-about-this-video-features/,,2024-08 / Android Gemini通用界面 / 原图未标手机品牌,,
PIX-F04,GEMCONTEXT6-1,image,../../media/mobile-v2/local/assets/thumbs/GEMCONTEXT6-1.png,https://www.sammobile.com/news/gemini-gets-ask-about-this-screen-ask-about-this-video-features/,,2024-08 / Android Gemini通用界面 / 原图未标手机品牌,,
PIX-F04,GEMCONTEXT6-2,image,../../media/mobile-v2/local/assets/thumbs/GEMCONTEXT6-2.png,https://www.sammobile.com/news/gemini-gets-ask-about-this-screen-ask-about-this-video-features/,,2024-08 / Android Gemini通用界面 / 原图未标手机品牌,,
PIX-F05,MED-V028,video,../../media/mobile-v2/legacy/assets/clips/MED-V028-v1-000000-005890.mp4,https://storage.googleapis.com/gweb-uniblog-publish-prod/original_videos/circle_to_search_inline.mp4,,Pixel11发布素材／地区限定,0,5.89
PIX-F06,PG7-A01,image,../../media/mobile-v2/local/assets/thumbs/PG7-PIX-F06-home-2025.png,https://9to5google.com/2025/06/06/google-pixel-launcher-ai-mode-shortcut-starts-rolling-out/,,Pixel主屏AI Mode入口｜2025年6月历史界面，机型未注明,,
PIX-F07,PGL7-01,video,../../media/mobile-v2/local/assets/clips/PGL7-01-v2-0000000-0011400.mp4,https://blog.google/products-and-platforms/products/translate/new-features-make-translate-more-accessible-for-its-1-billion-users/,[LOCAL_SOURCE_NOT_INCLUDED]/mobile-ai-interactions-v2/sources/PG7-PIX-F07-lens-2023.mp4,Google Lens / 2023-02官方Android手机动图 / 西→英 / 机型未标,0,11.4
PIX-F07,PG7-A02,image,../../media/mobile-v2/local/assets/thumbs/PG7-PIX-F07-home-t00000.png,https://blog.google/products-and-platforms/products/translate/new-features-make-translate-more-accessible-for-its-1-billion-users/,,Google Lens｜2023年官方手机演示：主屏入口与已存图片翻译,,
PIX-F07,PG7-A03,image,../../media/mobile-v2/local/assets/thumbs/PG7-PIX-F07-picker-t04880.png,https://blog.google/products-and-platforms/products/translate/new-features-make-translate-more-accessible-for-its-1-billion-users/,,Google Lens｜2023年官方手机演示：主屏入口与已存图片翻译,,
PIX-F07,PG7-A04,image,../../media/mobile-v2/local/assets/thumbs/PG7-PIX-F07-result-t09790.png,https://blog.google/products-and-platforms/products/translate/new-features-make-translate-more-accessible-for-its-1-billion-users/,,Google Lens｜2023年官方手机演示：主屏入口与已存图片翻译,,
PIX-F08,PIX-SHOTS-UI-003,image,../../media/mobile-v2/local/assets/thumbs/PIX-SHOTS-UI-003-v2.png,https://blog.google/products-and-platforms/devices/pixel/google-pixel-screenshots-tips/,,Pixel 9系列 / 2024官方演示,,
PIX-F09,PIX-CUE-UI-001,image,../../media/mobile-v2/local/assets/thumbs/PIX-CUE-UI-001-v2.png,https://blog.google/products-and-platforms/devices/pixel/google-pixel-magic-cue-ai-feature/,,Pixel 10 / 海外,,
PIX-F09,PIX-CUE-UI-002,image,../../media/mobile-v2/local/assets/thumbs/PIX-CUE-UI-002-v2.png,https://blog.google/products-and-platforms/devices/pixel/google-pixel-magic-cue-ai-feature/,,Pixel 10 / 海外,,
PIX-F10,MED-V027,video,../../media/mobile-v2/legacy/assets/clips/MED-V027-v1-000000-005200.mp4,https://storage.googleapis.com/gweb-uniblog-publish-prod/original_videos/AskMoreOfYourPhone.mp4,,Pixel11发布素材／地区限定,0,5.2
PIX-F11,MED-V026,video,../../media/mobile-v2/legacy/assets/clips/MED-V026-v2-000000-008700.mp4,https://storage.googleapis.com/gweb-uniblog-publish-prod/original_videos/Rambler-animation-1.mp4,,Pixel11发布素材／地区限定,0,8.7
PIX-F11,RAMBLER-V5-0,image,../../media/mobile-v2/local/assets/thumbs/RAMBLER-V5-0.png,https://blog.google/products-and-platforms/devices/pixel/pixel-11-features/,,Google官方宣传动画 / 沿用对应原片版本；非实机屏录,,
PIX-F11,RAMBLER-V5-1,image,../../media/mobile-v2/local/assets/thumbs/RAMBLER-V5-1.png,https://blog.google/products-and-platforms/devices/pixel/pixel-11-features/,,Google官方宣传动画 / 沿用对应原片版本；非实机屏录,,
PIX-F13,PXSIGN-UI-V3-001,image,../../media/mobile-v2/local/assets/thumbs/PXSIGN-UI-V3-001.png,https://blog.google/products-and-platforms/devices/pixel/american-sign-language-sign-to-text-pixel-11/,,Pixel11 Pro Fold / 2026-08官方功能图 / ASL至英语,,
PIX-F14,REC6-01,video,../../media/mobile-v2/local/assets/clips/REC6-01-v2-0001000-0008500.mp4,https://android-developers.googleblog.com/2024/08/recorder-app-on-pixel-sees-boost-in-engagement-with-gemini-nano.html,[LOCAL_SOURCE_NOT_INCLUDED]/mobile-ai-interactions-v2/sources/RECORDER6-31-original.mp4,2024-08 / Pixel Recorder / 英文 / 历史版本演示,1.0,8.5
PIX-F12,P4-01,video,../../media/mobile-v2/local/assets/clips/P4-01-v26-full-controls-0002000-0017000.mp4,https://www.android.com/intl/en-US_us/new-features-on-android/,[LOCAL_SOURCE_NOT_INCLUDED]/mobile-ai-interactions-v2/sources/PX04-source.mp4,Android / Gboard官方宣传演示 / 未标具体手机与版本,2,17
PIX-F12,PX26-01,video,../../media/mobile-v2/local/assets/clips/PX26-01-v26-full-controls-0014000-0020000.mp4,https://www.android.com/intl/en-US_us/new-features-on-android/,[LOCAL_SOURCE_NOT_INCLUDED]/mobile-ai-interactions-v2/sources/PX04-source.mp4,Android / Gboard官方宣传演示 / 未标具体手机与版本,14,20
PIX-F15,PX-02,video,../../media/mobile-v2/local/assets/clips/PX-02-v2-0048000-0063000.mp4,https://www.youtube.com/watch?v=V2IyttWHJfs,[LOCAL_SOURCE_NOT_INCLUDED]/mobile-ai-interactions-v2/sources/PX02-call-screen-official.mp4,Pixel / 原片未标系统小版本 / 海外英文,48,63
PIX-F16,PIX-MESSAGE-UI-000,image,../../media/mobile-v2/local/assets/thumbs/PIX-MESSAGE-UI-000-v2.png,https://blog.google/products-and-platforms/devices/pixel/take-a-message-pixel-10/,,Pixel 10 / 海外,,
PIX-F18,PGC7-01,video,../../media/mobile-v2/local/assets/clips/PGC7-01-v2-0000000-0015000.mp4,https://blog.google/products-and-platforms/devices/pixel/introducing-google-tensor/,[LOCAL_SOURCE_NOT_INCLUDED]/mobile-ai-interactions-v2/sources/PG7-PIX-F18-chat-2021.mp4,Pixel6系列发布期 / 2021-10官方Messages动图 / 日英互译,0,15
PIX-F18,PG7-A08,image,../../media/mobile-v2/local/assets/thumbs/PG7-PIX-F18-launch-2026.png,https://blog.google/products-and-platforms/devices/pixel/pixel-11-features/,,Pixel11系列媒体Live Translate｜官方宣传状态图，非实机操作验证,,
PIX-F18,PG7-A05,image,../../media/mobile-v2/local/assets/thumbs/PG7-PIX-F18-chat-original-t00000.png,https://blog.google/products-and-platforms/devices/pixel/introducing-google-tensor/,,Pixel6系列Live Translate｜2021年官方聊天演示,,
PIX-F18,PG7-A06,image,../../media/mobile-v2/local/assets/thumbs/PG7-PIX-F18-chat-bubble-t01080.png,https://blog.google/products-and-platforms/devices/pixel/introducing-google-tensor/,,Pixel6系列Live Translate｜2021年官方聊天演示,,
PIX-F18,PG7-A07,image,../../media/mobile-v2/local/assets/thumbs/PG7-PIX-F18-chat-result-t02000.png,https://blog.google/products-and-platforms/devices/pixel/introducing-google-tensor/,,Pixel6系列Live Translate｜2021年官方聊天演示,,
PIX-F17,AU23-01,video,../../media/mobile-v2/local/assets/clips/AU23-01-v23-0001001-0009601.mp4,https://au-sp-taiken.jp/google-pixel-10/myvoice/,[LOCAL_SOURCE_NOT_INCLUDED]/mobile-ai-interactions-v2/sources/AU23-call-translation.mp4,Pixel10日本au官方演示；日文UI，系统build/电话App版本未标,1.001,9.601
PIX-F17,PIX-DROP-UI-003,image,../../media/mobile-v2/local/assets/thumbs/PIX-DROP-UI-003-v2.png,https://blog.google/products-and-platforms/devices/pixel/june-2026-pixel-drop/,,2026年6月Pixel Drop / 海外支持机型,,
PIX-F17,AU23-LANGUAGE,image,../../media/mobile-v2/local/assets/thumbs/AU23-LANGUAGE-v23.png,https://au-sp-taiken.jp/google-pixel-10/myvoice/,,Pixel10日本au官方演示；日文UI，系统build/电话App版本未标,,
PIX-F17,AU23-ACTIVE,image,../../media/mobile-v2/local/assets/thumbs/AU23-ACTIVE-v23.png,https://au-sp-taiken.jp/google-pixel-10/myvoice/,,Pixel10日本au官方演示；日文UI，系统build/电话App版本未标,,
PIX-F19,MC6-01,video,../../media/mobile-v2/local/assets/clips/MC6-01-v2-0018000-0031000.mp4,https://www.youtube.com/watch?v=JGC3TdIK_Tw,[LOCAL_SOURCE_NOT_INCLUDED]/mobile-ai-interactions-v2/sources/MAGIC6-original.mp4,Pixel 11 / 2026-08官方手机演示 / 海外英文,18,31
PIX-F19,MC6-02,video,../../media/mobile-v2/local/assets/clips/MC6-02-v2-0038000-0045500.mp4,https://www.youtube.com/watch?v=JGC3TdIK_Tw,[LOCAL_SOURCE_NOT_INCLUDED]/mobile-ai-interactions-v2/sources/MAGIC6-original.mp4,Pixel 11 / 2026-08官方手机演示 / 海外英文,38,45.5
PIX-F20,PIX-DROP-UI-005,image,../../media/mobile-v2/local/assets/thumbs/PIX-DROP-UI-005-v2.png,https://blog.google/products-and-platforms/devices/pixel/june-2026-pixel-drop/,,2026年6月Pixel Drop / 海外支持机型,,
SAM-F01,MED-V030,video,../../media/mobile-v2/legacy/assets/clips/MED-V030-v1-000000-009710.mp4,https://img.global.news.samsung.com/global/wp-content/uploads/2026/02/19194222/Samsung-Mobile-Samsung-Introduces-the-New-Bixby-in-One-UI-8.5_Main1_final.gif,,Galaxy官方演示／片中版本未标,0,9.71
SAM-F01,MED-V031,video,../../media/mobile-v2/legacy/assets/clips/MED-V031-v1-000000-007960.mp4,https://img.global.news.samsung.com/global/wp-content/uploads/2026/02/19194239/Samsung-Mobile-Samsung-Introduces-the-New-Bixby-in-One-UI-8.5_Main2_final.gif,,Galaxy官方演示／片中版本未标,0,7.96
SAM-F01,SAMG-V3-148,image,../../media/mobile-v2/local/assets/thumbs/SAMG-V3-148.png,https://www.samsung.com/uk/support/mobile-devices/how-to-use-google-gemini-on-your-galaxy-phone/,,Galaxy S25系列 / 2025-08官方教程 / 海外,,
SAM-F02,SAMG-V3-158,image,../../media/mobile-v2/local/assets/thumbs/SAMG-V3-158.png,https://www.samsung.com/uk/support/mobile-devices/how-to-use-google-gemini-on-your-galaxy-phone/,,Galaxy S25系列 / 2025-08官方教程 / 海外,,
SAM-F02,SAMG-V3-160,image,../../media/mobile-v2/local/assets/thumbs/SAMG-V3-160.png,https://www.samsung.com/uk/support/mobile-devices/how-to-use-google-gemini-on-your-galaxy-phone/,,Galaxy S25系列 / 2025-08官方教程 / 海外,,
SAM-F02,SAMG-V3-162,image,../../media/mobile-v2/local/assets/thumbs/SAMG-V3-162.png,https://www.samsung.com/uk/support/mobile-devices/how-to-use-google-gemini-on-your-galaxy-phone/,,Galaxy S25系列 / 2025-08官方教程 / 海外,,
SAM-F02,SAMG-V3-164,image,../../media/mobile-v2/local/assets/thumbs/SAMG-V3-164.png,https://www.samsung.com/uk/support/mobile-devices/how-to-use-google-gemini-on-your-galaxy-phone/,,Galaxy S25系列 / 2025-08官方教程 / 海外,,
SAM-F02,SAMG-V3-166,image,../../media/mobile-v2/local/assets/thumbs/SAMG-V3-166.png,https://www.samsung.com/uk/support/mobile-devices/how-to-use-google-gemini-on-your-galaxy-phone/,,Galaxy S25系列 / 2025-08官方教程 / 海外,,
SAM-F03,CTS20-01,video,../../media/mobile-v2/local/assets/clips/CTS20-01-v20-0022000-0033500.mp4,https://www.youtube.com/watch?v=L8vPy0N9waA,[LOCAL_SOURCE_NOT_INCLUDED]/mobile-ai-interactions-v2/sources/CTS20-samsung-s25-official.mp4,Galaxy S25 / 英国英语 / 2025历史教程；系统build未标,22,33.5
SAM-F03,CTS20-02,video,../../media/mobile-v2/local/assets/clips/CTS20-02-v20-0070000-0084000.mp4,https://www.youtube.com/watch?v=lKNTJKnoKwM,[LOCAL_SOURCE_NOT_INCLUDED]/mobile-ai-interactions-v2/sources/CTS20-samsung-s26-handson.mp4,标题标Galaxy S26 / Android16；英文界面，精确build未核,70,84
SAM-F03,CTS20-02-PHONE-4,image,../../media/mobile-v2/local/assets/thumbs/CTS20-02-PHONE-4-v20.png,https://www.youtube.com/watch?v=lKNTJKnoKwM,,标题标Galaxy S26 / Android16；英文界面，精确build未核,,
SAM-F03,CTS20-02-PHONE-3,image,../../media/mobile-v2/local/assets/thumbs/CTS20-02-PHONE-3-v20.png,https://www.youtube.com/watch?v=lKNTJKnoKwM,,标题标Galaxy S26 / Android16；英文界面，精确build未核,,
SAM-F03,CTS20-02-PHONE-2,image,../../media/mobile-v2/local/assets/thumbs/CTS20-02-PHONE-2-v20.png,https://www.youtube.com/watch?v=lKNTJKnoKwM,,标题标Galaxy S26 / Android16；英文界面，精确build未核,,
SAM-F03,CTS20-02-PHONE-1,image,../../media/mobile-v2/local/assets/thumbs/CTS20-02-PHONE-1-v20.png,https://www.youtube.com/watch?v=lKNTJKnoKwM,,标题标Galaxy S26 / Android16；英文界面，精确build未核,,
SAM-F03,MED-I014,image,../../media/mobile-v2/legacy/assets/images/MED-I014-v1.jpg,https://www.samsung.com/us/support/answer/ANS10000939/,,,,
SAM-F04,AS31-01,video,../../media/mobile-v2/local/assets/clips/AS31-01-v31-0025000-0040000.mp4,https://www.youtube.com/watch?v=eoXIKRmhw7M,[LOCAL_SOURCE_NOT_INCLUDED]/mobile-ai-interactions-v2/sources/How to use AI Select ｜ Galaxy AI ｜ Galaxy S26 Series ｜ Samsung [eoXIKRmhw7M].mp4,Galaxy S26 Series官方教程；实际系统build未显示,25,40
SAM-F04,AS31-02,video,../../media/mobile-v2/local/assets/clips/AS31-02-v31-0040000-0053000.mp4,https://www.youtube.com/watch?v=eoXIKRmhw7M,[LOCAL_SOURCE_NOT_INCLUDED]/mobile-ai-interactions-v2/sources/How to use AI Select ｜ Galaxy AI ｜ Galaxy S26 Series ｜ Samsung [eoXIKRmhw7M].mp4,Galaxy S26 Series官方教程；实际系统build未显示,40,53
SAM-F04,AR32-01,video,../../media/mobile-v2/local/assets/clips/AR32-01-v32-0070000-0085000.mp4,https://www.youtube.com/watch?v=eoXIKRmhw7M,[LOCAL_SOURCE_NOT_INCLUDED]/mobile-ai-interactions-v2/sources/How to use AI Select ｜ Galaxy AI ｜ Galaxy S26 Series ｜ Samsung [eoXIKRmhw7M].mp4,Galaxy S26 Series官方教程；实际系统build未显示,70,85
SAM-F04,AR32-02,video,../../media/mobile-v2/local/assets/clips/AR32-02-v32r2-0088033-0101000.mp4,https://www.youtube.com/watch?v=eoXIKRmhw7M,[LOCAL_SOURCE_NOT_INCLUDED]/mobile-ai-interactions-v2/sources/How to use AI Select ｜ Galaxy AI ｜ Galaxy S26 Series ｜ Samsung [eoXIKRmhw7M].mp4,Galaxy S26 Series官方教程；实际系统build未显示,88.03333333333333,101
SAM-F04,AR32-03,video,../../media/mobile-v2/local/assets/clips/AR32-03-v32r2-0104033-0115500.mp4,https://www.youtube.com/watch?v=eoXIKRmhw7M,[LOCAL_SOURCE_NOT_INCLUDED]/mobile-ai-interactions-v2/sources/How to use AI Select ｜ Galaxy AI ｜ Galaxy S26 Series ｜ Samsung [eoXIKRmhw7M].mp4,Galaxy S26 Series官方教程；实际系统build未显示,104.03333333333333,115.5
SAM-F04,AR32-04,video,../../media/mobile-v2/local/assets/clips/AR32-04-v32r2-0120033-0131000.mp4,https://www.youtube.com/watch?v=eoXIKRmhw7M,[LOCAL_SOURCE_NOT_INCLUDED]/mobile-ai-interactions-v2/sources/How to use AI Select ｜ Galaxy AI ｜ Galaxy S26 Series ｜ Samsung [eoXIKRmhw7M].mp4,Galaxy S26 Series官方教程；实际系统build未显示,120.03333333333333,131
SAM-F04,MED-I009,image,../../media/mobile-v2/legacy/assets/images/MED-I009-v1.jpg,https://www.samsung.com/us/support/answer/ANS10010424/,,,,
SAM-F05,GEMCONTEXT6-0,image,../../media/mobile-v2/local/assets/thumbs/GEMCONTEXT6-0.png,https://www.sammobile.com/news/gemini-gets-ask-about-this-screen-ask-about-this-video-features/,,2024-08 / Android Gemini通用界面 / 原图未标手机品牌,,
SAM-F05,GEMCONTEXT6-1,image,../../media/mobile-v2/local/assets/thumbs/GEMCONTEXT6-1.png,https://www.sammobile.com/news/gemini-gets-ask-about-this-screen-ask-about-this-video-features/,,2024-08 / Android Gemini通用界面 / 原图未标手机品牌,,
SAM-F05,GEMCONTEXT6-2,image,../../media/mobile-v2/local/assets/thumbs/GEMCONTEXT6-2.png,https://www.sammobile.com/news/gemini-gets-ask-about-this-screen-ask-about-this-video-features/,,2024-08 / Android Gemini通用界面 / 原图未标手机品牌,,
SAM-F06,FINDER6-SET,image,../../media/mobile-v2/local/assets/thumbs/FINDER6-SET-crop-v6.png,https://www.samsung.com/us/support/answer/ANS10013035/,,官方页面标注Galaxy S26 Ultra；截图系统具体构建号未标示,,
SAM-F06,FINDER6-HOME,image,../../media/mobile-v2/local/assets/thumbs/FINDER6-HOME-crop-v6.png,https://www.samsung.com/us/support/answer/ANS10013035/,,官方页面标注Galaxy S26 Ultra；截图系统具体构建号未标示,,
SAM-F06,FINDER6-QUERY,image,../../media/mobile-v2/local/assets/thumbs/FINDER6-QUERY-crop-v6.png,https://www.samsung.com/us/support/answer/ANS10013035/,,官方页面标注Galaxy S26 Ultra；截图系统具体构建号未标示,,
SAM-F06,FINDER6-RESULT,image,../../media/mobile-v2/local/assets/thumbs/FINDER6-RESULT-crop-v6.png,https://www.samsung.com/us/support/answer/ANS10013035/,,官方页面标注Galaxy S26 Ultra；截图系统具体构建号未标示,,
SAM-F06,SAM-F06-V6-03,image,../../media/mobile-v2/local/assets/thumbs/SAM-F06-V6-03.jpg,https://www.samsung.com/us/support/answer/ANS10013035/,,官方页面标注Galaxy S26 Ultra；截图系统具体构建号未标示,,
SAM-F06,SAM-F06-V6-02,image,../../media/mobile-v2/local/assets/thumbs/SAM-F06-V6-02.jpg,https://www.samsung.com/us/support/answer/ANS10013035/,,官方页面标注Galaxy S26 Ultra；截图系统具体构建号未标示,,
SAM-F06,SAM-F06-V6-01,image,../../media/mobile-v2/local/assets/thumbs/SAM-F06-V6-01.jpg,https://www.samsung.com/us/support/answer/ANS10013035/,,官方页面标注Galaxy S26 Ultra；截图系统具体构建号未标示,,
SAM-F07,SA23-02,video,../../media/mobile-v2/local/assets/clips/SA23-02-v23-1734533-1742000.mp4,https://www.youtube.com/watch?v=Zu5QRRRMgMk,[LOCAL_SOURCE_NOT_INCLUDED]/mobile-ai-interactions-v2/sources/SAM01-galaxy-ai-handson.mp4,Galaxy S26 / One UI8.5教程标注；海外英文，实际build未显示,1734.5333333333333,1742
SAM-F07,SA08,video,../../media/mobile-v2/local/assets/clips/SA08-v2-1695000-1709000.mp4,https://www.youtube.com/watch?v=Zu5QRRRMgMk,[LOCAL_SOURCE_NOT_INCLUDED]/mobile-ai-interactions-v2/sources/SAM01-galaxy-ai-handson.mp4,Galaxy S26 / One UI 8.5 / 海外英文,1695,1709
SAM-F07,AUDIMG-059,image,../../media/mobile-v2/legacy/assets/images/AUDIMG-059-v1.jpg,https://www.samsung.com/us/support/answer/ANS10000942/,,,,
SAM-F07,SA23-PLAYING,image,../../media/mobile-v2/local/assets/thumbs/SA23-PLAYING-v23.png,https://www.youtube.com/watch?v=Zu5QRRRMgMk,,Galaxy S26 / One UI8.5教程标注；海外英文，实际build未显示,,
SAM-F07,SA23-PAUSED,image,../../media/mobile-v2/local/assets/thumbs/SA23-PAUSED-v23.png,https://www.youtube.com/watch?v=Zu5QRRRMgMk,,Galaxy S26 / One UI8.5教程标注；海外英文，实际build未显示,,
SAM-F08,MED-V029,video,../../media/mobile-v2/legacy/assets/clips/MED-V029-v1-000000-005030.mp4,https://images.samsung.com/is/content/samsung/assets/us/f2607/mobile/one-ui/oneui_04_now_nudge_pc_1440x590.mp4,,Galaxy官方演示／片中版本未标,0,5.03
SAM-F09,SA09,video,../../media/mobile-v2/local/assets/clips/SA09-v2-1881000-1894000.mp4,https://www.youtube.com/watch?v=Zu5QRRRMgMk,[LOCAL_SOURCE_NOT_INCLUDED]/mobile-ai-interactions-v2/sources/SAM01-galaxy-ai-handson.mp4,Galaxy S26 / One UI 8.5 / 海外英文,1881,1894
SAM-F10,SAMWRITE-V4-180,image,../../media/mobile-v2/local/assets/thumbs/SAMWRITE-V4-180-crop.png,https://www.samsung.com/uk/support/mobile-devices/how-to-use-writing-assist/,,Galaxy Z Flip外屏 / Samsung UK官方教程 / 图内系统版本未标,,
SAM-F10,SAMWRITE-V4-182,image,../../media/mobile-v2/local/assets/thumbs/SAMWRITE-V4-182-crop.png,https://www.samsung.com/uk/support/mobile-devices/how-to-use-writing-assist/,,Galaxy Z Flip外屏 / Samsung UK官方教程 / 图内系统版本未标,,
SAM-F10,SAMWRITE-V4-184,image,../../media/mobile-v2/local/assets/thumbs/SAMWRITE-V4-184-crop.png,https://www.samsung.com/uk/support/mobile-devices/how-to-use-writing-assist/,,Galaxy Z Flip外屏 / Samsung UK官方教程 / 图内系统版本未标,,
SAM-F11,SA02,video,../../media/mobile-v2/local/assets/clips/SA02-v2-0429500-0440000.mp4,https://www.youtube.com/watch?v=Zu5QRRRMgMk,[LOCAL_SOURCE_NOT_INCLUDED]/mobile-ai-interactions-v2/sources/SAM01-galaxy-ai-handson.mp4,Galaxy S26 / One UI 8.5 / 海外英文,429.5,440
SAM-F11,SA25-01,video,../../media/mobile-v2/local/assets/clips/SA25-01-v25-0440000-0446000.mp4,https://www.youtube.com/watch?v=Zu5QRRRMgMk,[LOCAL_SOURCE_NOT_INCLUDED]/mobile-ai-interactions-v2/sources/SAM01-galaxy-ai-handson.mp4,Galaxy S26 / One UI8.5教程标注 · 实际build未显示,440,446
SAM-F11,SA25-02,video,../../media/mobile-v2/local/assets/clips/SA25-02-v25-0454000-0460000.mp4,https://www.youtube.com/watch?v=Zu5QRRRMgMk,[LOCAL_SOURCE_NOT_INCLUDED]/mobile-ai-interactions-v2/sources/SAM01-galaxy-ai-handson.mp4,Galaxy S26 / One UI8.5教程标注 · 实际build未显示,454,460
SAM-F12,SA23-01,video,../../media/mobile-v2/local/assets/clips/SA23-01-v23b-0800500-0808367.mp4,https://www.youtube.com/watch?v=Zu5QRRRMgMk,[LOCAL_SOURCE_NOT_INCLUDED]/mobile-ai-interactions-v2/sources/SAM01-galaxy-ai-handson.mp4,Galaxy S26 / One UI8.5教程标注；海外英文，实际build未显示,800.5,808.3666666666667
SAM-F12,SA04,video,../../media/mobile-v2/local/assets/clips/SA04-v2-0790000-0804000.mp4,https://www.youtube.com/watch?v=Zu5QRRRMgMk,[LOCAL_SOURCE_NOT_INCLUDED]/mobile-ai-interactions-v2/sources/SAM01-galaxy-ai-handson.mp4,Galaxy S26 / One UI 8.5 / 海外英文,790,804
SAM-F12,AUDIMG-024,image,../../media/mobile-v2/legacy/assets/images/AUDIMG-024-v1.jpg,https://www.samsung.com/us/support/answer/ANS10000941/,,,,
SAM-F12,AUDIMG-025,image,../../media/mobile-v2/legacy/assets/images/AUDIMG-025-v1.jpg,https://www.samsung.com/us/support/answer/ANS10000941/,,,,
SAM-F12,AUDIMG-026,image,../../media/mobile-v2/legacy/assets/images/AUDIMG-026-v1.jpg,https://www.samsung.com/us/support/answer/ANS10000941/,,,,
SAM-F12,AUDIMG-027,image,../../media/mobile-v2/legacy/assets/images/AUDIMG-027-v1.jpg,https://www.samsung.com/us/support/answer/ANS10000941/,,,,
SAM-F12,AUDIMG-028,image,../../media/mobile-v2/legacy/assets/images/AUDIMG-028-v1.jpg,https://www.samsung.com/us/support/answer/ANS10000941/,,,,
SAM-F12,AUDIMG-029,image,../../media/mobile-v2/legacy/assets/images/AUDIMG-029-v1.jpg,https://www.samsung.com/us/support/answer/ANS10000941/,,,,
SAM-F12,AUDIMG-030,image,../../media/mobile-v2/legacy/assets/images/AUDIMG-030-v1.jpg,https://www.samsung.com/us/support/answer/ANS10000941/,,,,
SAM-F12,AUDIMG-031,image,../../media/mobile-v2/legacy/assets/images/AUDIMG-031-v1.jpg,https://www.samsung.com/us/support/answer/ANS10000941/,,,,
SAM-F12,AUDIMG-032,image,../../media/mobile-v2/legacy/assets/images/AUDIMG-032-v1.jpg,https://www.samsung.com/us/support/answer/ANS10000941/,,,,
SAM-F12,AUDIMG-033,image,../../media/mobile-v2/legacy/assets/images/AUDIMG-033-v1.jpg,https://www.samsung.com/us/support/answer/ANS10000941/,,,,
SAM-F12,AUDIMG-034,image,../../media/mobile-v2/legacy/assets/images/AUDIMG-034-v1.jpg,https://www.samsung.com/us/support/answer/ANS10000941/,,,,
SAM-F12,AUDIMG-037,image,../../media/mobile-v2/legacy/assets/images/AUDIMG-037-v1.jpg,https://www.samsung.com/us/support/answer/ANS10000941/,,,,
SAM-F12,AUDIMG-038,image,../../media/mobile-v2/legacy/assets/images/AUDIMG-038-v1.jpg,https://www.samsung.com/us/support/answer/ANS10000941/,,,,
SAM-F12,AUDIMG-039,image,../../media/mobile-v2/legacy/assets/images/AUDIMG-039-v1.jpg,https://www.samsung.com/us/support/answer/ANS10000941/,,,,
SAM-F12,AUDIMG-044,image,../../media/mobile-v2/legacy/assets/images/AUDIMG-044-v1.jpg,https://www.samsung.com/us/support/answer/ANS10000941/,,,,
SAM-F12,SA23-NEW-MENU,image,../../media/mobile-v2/local/assets/thumbs/SA23-NEW-MENU-v23.png,https://www.youtube.com/watch?v=Zu5QRRRMgMk,,Galaxy S26 / One UI8.5教程标注；海外英文，实际build未显示,,
SAM-F12,SA23-NEW-NOTE,image,../../media/mobile-v2/local/assets/thumbs/SA23-NEW-NOTE-v23.png,https://www.youtube.com/watch?v=Zu5QRRRMgMk,,Galaxy S26 / One UI8.5教程标注；海外英文，实际build未显示,,
SAM-F13,SA26-01,video,../../media/mobile-v2/local/assets/clips/SA26-01-v26-1065500-1071400.mp4,https://www.youtube.com/watch?v=Zu5QRRRMgMk,[LOCAL_SOURCE_NOT_INCLUDED]/mobile-ai-interactions-v2/sources/SAM01-galaxy-ai-handson.mp4,Galaxy S26 / One UI8.5教程台账标注；本段机型与build未独立显示,1065.5,1071.4
SAM-F13,AUDIMG-035,image,../../media/mobile-v2/legacy/assets/images/AUDIMG-035-v1.jpg,https://www.samsung.com/us/support/answer/ANS10000941/,,,,
SAM-F13,AUDIMG-036,image,../../media/mobile-v2/legacy/assets/images/AUDIMG-036-v1.jpg,https://www.samsung.com/us/support/answer/ANS10000941/,,,,
SAM-F13,AUDIMG-047,image,../../media/mobile-v2/legacy/assets/images/AUDIMG-047-v1.jpg,https://www.samsung.com/us/support/answer/ANS10000942/,,,,
SAM-F13,AUDIMG-048,image,../../media/mobile-v2/legacy/assets/images/AUDIMG-048-v1.jpg,https://www.samsung.com/us/support/answer/ANS10000942/,,,,
SAM-F13,AUDIMG-049,image,../../media/mobile-v2/legacy/assets/images/AUDIMG-049-v1.jpg,https://www.samsung.com/us/support/answer/ANS10000942/,,,,
SAM-F13,AUDIMG-050,image,../../media/mobile-v2/legacy/assets/images/AUDIMG-050-v1.jpg,https://www.samsung.com/us/support/answer/ANS10000942/,,,,
SAM-F13,AUDIMG-051,image,../../media/mobile-v2/legacy/assets/images/AUDIMG-051-v1.jpg,https://www.samsung.com/us/support/answer/ANS10000942/,,,,
SAM-F13,AUDIMG-052,image,../../media/mobile-v2/legacy/assets/images/AUDIMG-052-v1.jpg,https://www.samsung.com/us/support/answer/ANS10000942/,,,,
SAM-F13,AUDIMG-055,image,../../media/mobile-v2/legacy/assets/images/AUDIMG-055-v1.jpg,https://www.samsung.com/us/support/answer/ANS10000942/,,,,
SAM-F13,AUDIMG-056,image,../../media/mobile-v2/legacy/assets/images/AUDIMG-056-v1.jpg,https://www.samsung.com/us/support/answer/ANS10000942/,,,,
SAM-F14,BR37-01,video,../../media/mobile-v2/local/assets/clips/BR37-01-v37-1136800-1146800.mp4,https://www.youtube.com/watch?v=Zu5QRRRMgMk,[LOCAL_SOURCE_NOT_INCLUDED]/mobile-ai-interactions-v2/sources/SAM01-galaxy-ai-handson.mp4,第三方题名S26 / One UI 8.5；画面build未标；英文UI；地区未核,1136.8,1146.8
SAM-F14,SA05,video,../../media/mobile-v2/local/assets/clips/SA05-v2-1145000-1159000.mp4,https://www.youtube.com/watch?v=Zu5QRRRMgMk,[LOCAL_SOURCE_NOT_INCLUDED]/mobile-ai-interactions-v2/sources/SAM01-galaxy-ai-handson.mp4,Galaxy S26 / One UI 8.5 / 海外英文,1145,1159
SAM-F14,AUDIMG-062,image,../../media/mobile-v2/legacy/assets/images/AUDIMG-062-v1.jpg,https://www.samsung.com/us/support/answer/ANS10001594/,,,,
SAM-F14,AUDIMG-064,image,../../media/mobile-v2/legacy/assets/images/AUDIMG-064-v1.jpg,https://www.samsung.com/us/support/answer/ANS10001594/,,,,
SAM-F14,AUDIMG-065,image,../../media/mobile-v2/legacy/assets/images/AUDIMG-065-v1.jpg,https://www.samsung.com/us/support/answer/ANS10001594/,,,,
SAM-F14,AUDIMG-070,image,../../media/mobile-v2/legacy/assets/images/AUDIMG-070-v1.jpg,https://www.samsung.com/us/support/answer/ANS10001594/,,,,
SAM-F14,AUDIMG-075,image,../../media/mobile-v2/legacy/assets/images/AUDIMG-075-v1.jpg,https://www.samsung.com/us/support/answer/ANS10012964/,,,,
SAM-F14,AUDIMG-076,image,../../media/mobile-v2/legacy/assets/images/AUDIMG-076-v1.jpg,https://www.samsung.com/us/support/answer/ANS10012964/,,Samsung官方摘要界面／具体build未标,,
SAM-F14,AUDIMG-077,image,../../media/mobile-v2/legacy/assets/images/AUDIMG-077-v1.jpg,https://www.samsung.com/us/support/answer/ANS10012964/,,,,
SAM-F14,AUDIMG-078,image,../../media/mobile-v2/legacy/assets/images/AUDIMG-078-v1.jpg,https://www.samsung.com/us/support/answer/ANS10012964/,,,,
SAM-F15,CL37-01,video,../../media/mobile-v2/local/assets/clips/CL37-01-v37-0125300-0131800.mp4,https://www.youtube.com/watch?v=Zu5QRRRMgMk,[LOCAL_SOURCE_NOT_INCLUDED]/mobile-ai-interactions-v2/sources/SAM01-galaxy-ai-handson.mp4,第三方题名S26 / One UI 8.5；画面build未标；英文UI；地区未核,125.3,131.8
SAM-F15,CL37-02,video,../../media/mobile-v2/local/assets/clips/CL37-02-v37-0164400-0180480.mp4,https://www.youtube.com/watch?v=Zu5QRRRMgMk,[LOCAL_SOURCE_NOT_INCLUDED]/mobile-ai-interactions-v2/sources/SAM01-galaxy-ai-handson.mp4,第三方题名S26 / One UI 8.5；画面build未标；英文UI；地区未核,164.4,180.48
SAM-F15,SA01,video,../../media/mobile-v2/local/assets/clips/SA01-v2-0127000-0141000.mp4,https://www.youtube.com/watch?v=Zu5QRRRMgMk,[LOCAL_SOURCE_NOT_INCLUDED]/mobile-ai-interactions-v2/sources/SAM01-galaxy-ai-handson.mp4,Galaxy S26 / One UI 8.5 / 海外英文,127,141
SAM-F15,MED-I011,image,../../media/mobile-v2/legacy/assets/images/MED-I011-v1.jpg,https://www.samsung.com/us/support/answer/ANS10010424/,,,,
SAM-F16,SA29-01,video,../../media/mobile-v2/local/assets/clips/SA29-01-v29-0248500-0259400.mp4,https://www.youtube.com/watch?v=Zu5QRRRMgMk,[LOCAL_SOURCE_NOT_INCLUDED]/mobile-ai-interactions-v2/sources/SAM01-galaxy-ai-handson.mp4,Galaxy S26 / One UI8.5教程题名；片内实际机型build未展示,248.5,259.4
SAM-F16,SA29-02,video,../../media/mobile-v2/local/assets/clips/SA29-02-v29-0260000-0272400.mp4,https://www.youtube.com/watch?v=Zu5QRRRMgMk,[LOCAL_SOURCE_NOT_INCLUDED]/mobile-ai-interactions-v2/sources/SAM01-galaxy-ai-handson.mp4,Galaxy S26 / One UI8.5教程题名；片内实际机型build未展示,260,272.4
SAM-F16,AUDIMG-058,image,../../media/mobile-v2/legacy/assets/images/AUDIMG-058-v1.jpg,https://www.samsung.com/us/support/answer/ANS10000942/,,,,
SAM-F17,SI29-01,video,../../media/mobile-v2/local/assets/clips/SI29-01-v29-0019000-0033500.mp4,https://www.youtube.com/watch?v=GuGQ0DD1Ic8,[LOCAL_SOURCE_NOT_INCLUDED]/mobile-ai-interactions-v2/sources/How to use Interpreter ｜ Galaxy AI ｜ Galaxy S25 Series ｜ Samsung [GuGQ0DD1Ic8].mp4,2025 Galaxy S25系列官方历史教程；One UI小版本/build未标,19,33.5
SAM-F17,SI29-02,video,../../media/mobile-v2/local/assets/clips/SI29-02-v29-0093000-0106500.mp4,https://www.youtube.com/watch?v=GuGQ0DD1Ic8,[LOCAL_SOURCE_NOT_INCLUDED]/mobile-ai-interactions-v2/sources/How to use Interpreter ｜ Galaxy AI ｜ Galaxy S25 Series ｜ Samsung [GuGQ0DD1Ic8].mp4,2025 Galaxy S25系列官方历史教程；One UI小版本/build未标,93,106.5
SAM-F17,SI29-03,video,../../media/mobile-v2/local/assets/clips/SI29-03-v29-0151000-0166000.mp4,https://www.youtube.com/watch?v=GuGQ0DD1Ic8,[LOCAL_SOURCE_NOT_INCLUDED]/mobile-ai-interactions-v2/sources/How to use Interpreter ｜ Galaxy AI ｜ Galaxy S25 Series ｜ Samsung [GuGQ0DD1Ic8].mp4,2025 Galaxy S25系列官方历史教程；One UI小版本/build未标,151,166
SAM-F17,AUDIMG-040,image,../../media/mobile-v2/legacy/assets/images/AUDIMG-040-v1.jpg,https://www.samsung.com/us/support/answer/ANS10000941/,,,,
SAM-F17,AUDIMG-041,image,../../media/mobile-v2/legacy/assets/images/AUDIMG-041-v1.jpg,https://www.samsung.com/us/support/answer/ANS10000941/,,,,
SAM-F18,SA03,video,../../media/mobile-v2/local/assets/clips/SA03-v2-1237000-1258000.mp4,https://www.youtube.com/watch?v=Zu5QRRRMgMk,[LOCAL_SOURCE_NOT_INCLUDED]/mobile-ai-interactions-v2/sources/SAM01-galaxy-ai-handson.mp4,Galaxy S26 / One UI 8.5 / 海外英文,1237,1258
SAM-F18,MED-V032,video,../../media/mobile-v2/legacy/assets/clips/MED-V032-v1-002000-020800.mp4,https://img.global.news.samsung.com/global/wp-content/uploads/2025/12/05161632/Samsung-Mobile-Samsung-Launches-One-UI-8.5-Beta_Main1.gif,,Galaxy官方演示／片中版本未标,2,20.8
SAM-F18,MED-I013,image,../../media/mobile-v2/legacy/assets/images/MED-I013-v1.jpg,https://www.samsung.com/us/support/answer/ANS10010424/,,,,
SAM-F21,SL6-01,video,../../media/mobile-v2/local/assets/clips/SL6-01-v2-0035000-0050000.mp4,https://www.youtube.com/watch?v=Cfjg3bhWM3I,[LOCAL_SOURCE_NOT_INCLUDED]/mobile-ai-interactions-v2/sources/SAMSLOW6-original.mp4,Galaxy S25系列 / 历史英文教程，系统小版本未标,35,50
SAM-F21,SL6-02,video,../../media/mobile-v2/local/assets/clips/SL6-02-v2-0054000-0069000.mp4,https://www.youtube.com/watch?v=Cfjg3bhWM3I,[LOCAL_SOURCE_NOT_INCLUDED]/mobile-ai-interactions-v2/sources/SAMSLOW6-original.mp4,Galaxy S25系列 / 历史英文教程，系统小版本未标,54,69
SAM-F21,SAM-F21-V6-01,image,../../media/mobile-v2/local/assets/thumbs/SAM-F21-V6-01.jpg,https://www.samsung.com/us/support/answer/ANS10000934/,,Galaxy S24 Ultra；历史机型示例，具体系统版本未标示,,
SAM-F22,MED-I012,image,../../media/mobile-v2/legacy/assets/images/MED-I012-v1.jpg,https://www.samsung.com/us/support/answer/ANS10010424/,,,,
SAM-F23,AUT6-01,video,../../media/mobile-v2/local/assets/clips/AUT6-01-v2-0036000-0051000.mp4,https://www.youtube.com/watch?v=2ozR25DViG8,[LOCAL_SOURCE_NOT_INCLUDED]/mobile-ai-interactions-v2/sources/SAMAUTOTRIM6-original.mp4,Galaxy S25系列 / 2025官方教程 / 海外英文，非S26实机,36,51
SAM-F23,AUT6-02,video,../../media/mobile-v2/local/assets/clips/AUT6-02-v2-0099000-0114000.mp4,https://www.youtube.com/watch?v=2ozR25DViG8,[LOCAL_SOURCE_NOT_INCLUDED]/mobile-ai-interactions-v2/sources/SAMAUTOTRIM6-original.mp4,Galaxy S25系列 / 2025官方教程 / 海外英文，非S26实机,99,114
SAM-F23,AUT6-03,video,../../media/mobile-v2/local/assets/clips/AUT6-03-v2-0114000-0121000.mp4,https://www.youtube.com/watch?v=2ozR25DViG8,[LOCAL_SOURCE_NOT_INCLUDED]/mobile-ai-interactions-v2/sources/SAMAUTOTRIM6-original.mp4,Galaxy S25系列 / 2025官方教程 / 海外英文，非S26实机,114,121
SAM-F23,SAM-F21-V6-02,image,../../media/mobile-v2/local/assets/thumbs/SAM-F21-V6-02.jpg,https://www.samsung.com/us/support/answer/ANS10000934/,,官方页面标注Galaxy S26 Ultra；截图系统具体构建号未标示,,
SAM-F23,SAM-F21-V6-03,image,../../media/mobile-v2/local/assets/thumbs/SAM-F21-V6-03.jpg,https://www.samsung.com/us/support/answer/ANS10000934/,,官方页面标注Galaxy S26 Ultra；截图系统具体构建号未标示,,
SAM-F23,SAM-F21-V6-04,image,../../media/mobile-v2/local/assets/thumbs/SAM-F21-V6-04.jpg,https://www.samsung.com/us/support/answer/ANS10000934/,,官方页面标注Galaxy S26 Ultra；截图系统具体构建号未标示,,
SAM-F23,SAM-F21-V6-05,image,../../media/mobile-v2/local/assets/thumbs/SAM-F21-V6-05.jpg,https://www.samsung.com/us/support/answer/ANS10000934/,,官方页面标注Galaxy S26 Ultra；截图系统具体构建号未标示,,
SAM-F23,SAM-F21-V6-06,image,../../media/mobile-v2/local/assets/thumbs/SAM-F21-V6-06.jpg,https://www.samsung.com/us/support/answer/ANS10000934/,,官方页面标注Galaxy S26 Ultra；截图系统具体构建号未标示,,
SAM-F19,SC18-01,video,../../media/mobile-v2/local/assets/clips/SC18-01-v18-1451000-1466000.mp4,https://www.youtube.com/watch?v=Zu5QRRRMgMk,[LOCAL_SOURCE_NOT_INCLUDED]/mobile-ai-interactions-v2/sources/SAM01-galaxy-ai-handson.mp4,Galaxy S26 / One UI8.5（沿用原教程版本）/ 海外英文 / 精确build未标,1451,1466
SAM-F19,SC18-02,video,../../media/mobile-v2/local/assets/clips/SC18-02-v18-1469000-1479267.mp4,https://www.youtube.com/watch?v=Zu5QRRRMgMk,[LOCAL_SOURCE_NOT_INCLUDED]/mobile-ai-interactions-v2/sources/SAM01-galaxy-ai-handson.mp4,Galaxy S26 / One UI8.5（沿用原教程版本）/ 海外英文 / 精确build未标,1469,1479.266666667
SAM-F19,SA06,video,../../media/mobile-v2/local/assets/clips/SA06-v2-1393000-1407000.mp4,https://www.youtube.com/watch?v=Zu5QRRRMgMk,[LOCAL_SOURCE_NOT_INCLUDED]/mobile-ai-interactions-v2/sources/SAM01-galaxy-ai-handson.mp4,Galaxy S26 / One UI 8.5 / 海外英文,1393,1407
SAM-F20,AU37-01,video,../../media/mobile-v2/local/assets/clips/AU37-01-v37-1538000-1553000.mp4,https://www.youtube.com/watch?v=Zu5QRRRMgMk,[LOCAL_SOURCE_NOT_INCLUDED]/mobile-ai-interactions-v2/sources/SAM01-galaxy-ai-handson.mp4,第三方题名S26 / One UI 8.5；画面build未标；英文UI；地区未核,1538,1553
SAM-F20,SA07,video,../../media/mobile-v2/local/assets/clips/SA07-v2-1530200-1545000.mp4,https://www.youtube.com/watch?v=Zu5QRRRMgMk,[LOCAL_SOURCE_NOT_INCLUDED]/mobile-ai-interactions-v2/sources/SAM01-galaxy-ai-handson.mp4,Galaxy S26 / One UI 8.5 / 海外英文,1530.2,1545
